<aetgt:getResponse xmlns:aetgt="http://schemas.active-endpoints.com/appmodules/repository/2010/10/avrepository.xsd"
                   xmlns:types1="http://schemas.active-endpoints.com/appmodules/repository/2010/10/avrepository.xsd">
   <types1:Item>
      <types1:EntryId>7Jk7KsqeErhNzUz-gt-44192598-2022-01-25T22:04:10.946Z::conn.xml</types1:EntryId>
      <types1:Name>appconn-servicebus-Insert-dcx</types1:Name>
      <types1:ParentFlowIds>xR6Eaaaaaaaaaaa-gt-21706547-2022-01-25T22:04:11.383Z::pd.xml</types1:ParentFlowIds>
      <types1:MimeType>application/xml+connection</types1:MimeType>
      <types1:Description>The connection to the topic sbs-informatica-account-001</types1:Description>
      <types1:AppliesTo/>
      <types1:Tags>.agent:ucus-infa01</types1:Tags>
      <types1:VersionLabel>1.0</types1:VersionLabel>
      <types1:State>CURRENT</types1:State>
      <types1:ProcessGroup/>
      <types1:CreatedBy>sreenivasa.rao.SAML</types1:CreatedBy>
      <types1:CreationDate>2022-01-25T22:04:11Z</types1:CreationDate>
      <types1:ModifiedBy>sreenivasa.rao.SAML</types1:ModifiedBy>
      <types1:ModificationDate>2022-05-02T21:08:53Z</types1:ModificationDate>
      <types1:PublicationStatus>published</types1:PublicationStatus>
      <types1:PublishedBy>sreenivasa.rao.SAML</types1:PublishedBy>
      <types1:PublicationDate>2022-05-02T21:09:25Z</types1:PublicationDate>
      <types1:PublishedContributionId>project:/rt.connection/appconn-servicebus-Insert-dcx/appconn-servicebus-Insert-dcx.conn.xml</types1:PublishedContributionId>
      <types1:AutosaveExists>false</types1:AutosaveExists>
      <types1:Entry>
         <connection xmlns="http://schemas.informatica.com/socrates/data-services/2014/04/avosConnections.xsd"
                     displayName="appconn-servicebus-Insert-dcx"
                     label="appconn-servicebus-Insert-dcx"
                     name="appconn-servicebus-Insert-dcx">
            <description>The connection to the topic sbs-informatica-account-001</description>
            <tags>.agent:ucus-infa01</tags>
            <agent>ucus-infa01</agent>
            <attributes>
               <attribute encrypted="false"
                          name="User Name"
                          value="etl-notes-inserted_auth_rule"/>
               <attribute encrypted="true" name="Password" value=""/>
               <attribute encrypted="false" name="Virtual Host" value=""/>
               <attribute encrypted="false"
                          name="Host"
                          value="sb-ael-uat-cus-servicebus-001.servicebus.windows.net"/>
               <attribute encrypted="false" name="Port" value="5671"/>
               <attribute encrypted="false" name="Use SSL" value="true"/>
               <attribute encrypted="false" name="Query Parameters" value=""/>
            </attributes>
            <consumers>
               <consumer enabled="true" name="AMQPSource" typeName="AMQP Source">
                  <attributes>
                     <attribute encrypted="false" name="Destination Type" value="topic"/>
                     <attribute encrypted="false"
                                name="Destination"
                                value="sbt-etl-account-inserted-001/Subscriptions/sbs-informatica-account-001"/>
                     <attribute encrypted="false" name="Payload Format" value="Text"/>
                     <attribute encrypted="false" name="Objectlist Field Name" value="object"/>
                     <attribute encrypted="false" name="Dead Letter Queue Name" value=""/>
                     <attribute encrypted="false" name="Other Attributes" value=""/>
                  </attributes>
               </consumer>
            </consumers>
            <javaConnector xmlns="http://schemas.informatica.com/appmodules/screenflow/2014/04/avosConnectors.xsd"
                           agentOnly="true"
                           plugin="Camel"
                           supportsConnectionTest="true"
                           supportsDataPreview="false"
                           supportsOData="false"
                           type="AMQP"
                           uuid="59b13626-0180-4d48-a749-38f8f33f7b18">
               <description>Provides connections to AMQP brokers.</description>
            </javaConnector>
         </connection>
      </types1:Entry>
      <types1:GUID>e49aKggq2Sgbe3Ty6J4Z4L</types1:GUID>
      <types1:DisplayName>appconn-servicebus-Insert-dcx</types1:DisplayName>
   </types1:Item>
   <types1:CurrentServerDateTime>2022-05-17T17:23:11.777Z</types1:CurrentServerDateTime>
</aetgt:getResponse>
