<aetgt:getResponse xmlns:aetgt="http://schemas.active-endpoints.com/appmodules/repository/2010/10/avrepository.xsd"
                   xmlns:types1="http://schemas.active-endpoints.com/appmodules/repository/2010/10/avrepository.xsd">
   <types1:Item>
      <types1:EntryId>bdpgbcggaaaaa-gt-44190057-2022-01-25T22:03:24.022Z::conn.xml</types1:EntryId>
      <types1:Name>appconn-Salesforce-dcx-platformevents</types1:Name>
      <types1:ParentFlowIds>Uy2uI5CUP9WYVMP-gt-44132315-2022-01-25T22:03:25.744Z::pd.xml</types1:ParentFlowIds>
      <types1:MimeType>application/xml+connection</types1:MimeType>
      <types1:Description>Connected App for using Platform Events</types1:Description>
      <types1:AppliesTo/>
      <types1:Tags>.agent:ucus-infa01</types1:Tags>
      <types1:VersionLabel>1.0</types1:VersionLabel>
      <types1:State>CURRENT</types1:State>
      <types1:ProcessGroup/>
      <types1:CreatedBy>sreenivasa.rao.SAML</types1:CreatedBy>
      <types1:CreationDate>2022-01-25T22:03:24Z</types1:CreationDate>
      <types1:ModifiedBy>Lokesh.Bandlamudi@american-equity.com.uat</types1:ModifiedBy>
      <types1:ModificationDate>2022-04-19T14:52:11Z</types1:ModificationDate>
      <types1:PublicationStatus>published</types1:PublicationStatus>
      <types1:PublishedBy>Lokesh.Bandlamudi@american-equity.com.uat</types1:PublishedBy>
      <types1:PublicationDate>2022-04-19T14:58:11Z</types1:PublicationDate>
      <types1:PublishedContributionId>project:/rt.connection/appconn-Salesforce-dcx-platformevents/appconn-Salesforce-dcx-platformevents.conn.xml</types1:PublishedContributionId>
      <types1:AutosaveExists>false</types1:AutosaveExists>
      <types1:Entry>
         <connection xmlns="http://schemas.informatica.com/socrates/data-services/2014/04/avosConnections.xsd"
                     displayName="appconn-Salesforce-dcx-platformevents"
                     label="appconn-Salesforce-dcx-platformevents"
                     name="appconn-Salesforce-dcx-platformevents">
            <description>Connected App for using Platform Events</description>
            <tags>.agent:ucus-infa01</tags>
            <agent>ucus-infa01</agent>
            <attributes/>
            <consumers>
               <consumer enabled="true" name="Source-Account" typeName="Source">
                  <description>Use this event source to consume events from Salesforce streaming channels.</description>
                  <attributes>
                     <attribute encrypted="false"
                                name="Destination"
                                value="/event/Account_Outbound__e"/>
                     <attribute encrypted="false" name="Filter" value=""/>
                  </attributes>
               </consumer>
               <consumer enabled="true" name="Source-Account-address" typeName="Source">
                  <description>Use this event source to consume events from Salesforce streaming channels.</description>
                  <attributes>
                     <attribute encrypted="false"
                                name="Destination"
                                value="/event/Account_Address_Outbound__e"/>
                     <attribute encrypted="false" name="Filter" value=""/>
                  </attributes>
               </consumer>
            </consumers>
            <soaConnector xmlns="http://schemas.informatica.com/appmodules/screenflow/2014/04/avosConnectors.xsd"
                          connectorPath="project:/com.activevos.cumulus.cloud.extend.playbook.configuration/config/sfConnector.xml"
                          name="Salesforce"
                          supportsConnectionTest="true"
                          supportsOData="true"
                          uuid="05fc48f1-e6e1-441b-b700-bac396ca2ed1">
               <description>Salesforce.com SOA based data connector.</description>
            </soaConnector>
            <authentication type="$infa_basicform">
               <attributes>
                  <attribute encrypted="false"
                             name="username"
                             value="svc_salesforceint@american-equity.com.fscuat"/>
                  <attribute encrypted="true" name="password" value=""/>
                  <attribute encrypted="true" name="token" value=""/>
                  <attribute encrypted="false"
                             name="serviceUrl"
                             value="https://test.salesforce.com/services/Soap/c/52.0"/>
                  <attribute encrypted="true" name="clientId" value=""/>
                  <attribute encrypted="true" name="clientSecret" value=""/>
               </attributes>
            </authentication>
         </connection>
      </types1:Entry>
      <types1:GUID>8h95RD0TbFiltgaa0843I4</types1:GUID>
      <types1:DisplayName>appconn-Salesforce-dcx-platformevents</types1:DisplayName>
   </types1:Item>
   <types1:CurrentServerDateTime>2022-05-17T17:23:11.838Z</types1:CurrentServerDateTime>
</aetgt:getResponse>
