<aetgt:getResponse xmlns:aetgt="http://schemas.active-endpoints.com/appmodules/repository/2010/10/avrepository.xsd"
                   xmlns:types1="http://schemas.active-endpoints.com/appmodules/repository/2010/10/avrepository.xsd">
   <types1:Item>
      <types1:EntryId>dq6beFJ7XhFtybd-gt-44190065-2022-01-25T22:03:24.051Z::po.xml</types1:EntryId>
      <types1:Name>PO-ProcedureInfo-account</types1:Name>
      <types1:MimeType>application/xml+processobject</types1:MimeType>
      <types1:Description/>
      <types1:AppliesTo/>
      <types1:Tags/>
      <types1:VersionLabel>1.0</types1:VersionLabel>
      <types1:State>CURRENT</types1:State>
      <types1:ProcessGroup/>
      <types1:CreatedBy>sreenivasa.rao.SAML</types1:CreatedBy>
      <types1:CreationDate>2022-01-25T22:03:24Z</types1:CreationDate>
      <types1:ModifiedBy>sreenivasa.rao.SAML</types1:ModifiedBy>
      <types1:ModificationDate>2022-04-04T20:54:37Z</types1:ModificationDate>
      <types1:PublicationStatus>unpublished</types1:PublicationStatus>
      <types1:AutosaveExists>false</types1:AutosaveExists>
      <types1:Entry>
         <processObject xmlns="http://schemas.active-endpoints.com/appmodules/screenflow/2011/06/avosHostEnvironment.xsd"
                        displayName="PO-ProcedureInfo-account"
                        isByCopy="true"
                        name="PO-ProcedureInfo-account">
            <description/>
            <tags/>
            <detail>
               <field label="INTERNAL_ID"
                      name="INTERNAL_ID"
                      nullable="true"
                      required="false"
                      type="string"/>
               <field label="NAMERECORD_NAMEID"
                      name="NAMERECORD_NAMEID"
                      nullable="true"
                      required="false"
                      type="string"/>
               <field label="EXTENSIONRECORDNADR_FILEEXTENSION"
                      name="EXTENSIONRECORDNADR_FILEEXTENSION"
                      nullable="true"
                      required="false"
                      type="string"/>
               <field label="EXTENSIONRECORDNADR_SUBTYPERECORD"
                      name="EXTENSIONRECORDNADR_SUBTYPERECORD"
                      nullable="true"
                      required="false"
                      type="string"/>
               <field label="EXTENSIONRECORDNADR_NAMEID"
                      name="EXTENSIONRECORDNADR_NAMEID"
                      nullable="true"
                      required="false"
                      type="string"/>
               <field label="AGENTRECORD_COMPANYCODE"
                      name="AGENTRECORD_COMPANYCODE"
                      nullable="true"
                      required="false"
                      type="string"/>
               <field label="AGENTRECORD_AGENTNUMBER"
                      name="AGENTRECORD_AGENTNUMBER"
                      nullable="true"
                      required="false"
                      type="string"/>
               <field label="AGENTEXPANSION03_COMPANYCODE"
                      name="AGENTEXPANSION03_COMPANYCODE"
                      nullable="true"
                      required="false"
                      type="string"/>
               <field label="AGENTEXPANSION03_AGENTNUMBER"
                      name="AGENTEXPANSION03_AGENTNUMBER"
                      nullable="true"
                      required="false"
                      type="string"/>
               <field label="AGENTEXPANSION03_SEQUENCE"
                      name="AGENTEXPANSION03_SEQUENCE"
                      nullable="true"
                      required="false"
                      type="string"/>
               <field label="AGENTEXPANSION10_COMPANYCODE"
                      name="AGENTEXPANSION10_COMPANYCODE"
                      nullable="true"
                      required="false"
                      type="string"/>
               <field label="AGENTEXPANSION10_AGENTNUMBER"
                      name="AGENTEXPANSION10_AGENTNUMBER"
                      nullable="true"
                      required="false"
                      type="string"/>
               <field label="AGENTEXPANSION10_SEQUENCE"
                      name="AGENTEXPANSION10_SEQUENCE"
                      nullable="true"
                      required="false"
                      type="string"/>
            </detail>
         </processObject>
      </types1:Entry>
      <types1:GUID>hgQS26kmRoNffH0zNHPf4h</types1:GUID>
      <types1:DisplayName>PO-ProcedureInfo-account</types1:DisplayName>
   </types1:Item>
   <types1:CurrentServerDateTime>2022-05-17T17:23:11.817Z</types1:CurrentServerDateTime>
</aetgt:getResponse>
