<aetgt:getResponse xmlns:aetgt="http://schemas.active-endpoints.com/appmodules/repository/2010/10/avrepository.xsd"
                   xmlns:types1="http://schemas.active-endpoints.com/appmodules/repository/2010/10/avrepository.xsd">
   <types1:Item>
      <types1:EntryId>xR6Eaaaaaaaaaaa-gt-21706547-2022-01-25T22:04:11.383Z::pd.xml</types1:EntryId>
      <types1:Name>prcs_AzureServiceBus_MSSQL_Mapping_Account</types1:Name>
      <types1:MimeType>application/xml+process</types1:MimeType>
      <types1:Description>Consumes message from Azure Service Bus topic and updates the record to the database.</types1:Description>
      <types1:AppliesTo/>
      <types1:Tags>.agent:ucus-infa01</types1:Tags>
      <types1:VersionLabel>1.0</types1:VersionLabel>
      <types1:State>CURRENT</types1:State>
      <types1:ProcessGroup/>
      <types1:CreatedBy>sreenivasa.rao.SAML</types1:CreatedBy>
      <types1:CreationDate>2022-01-25T22:04:11Z</types1:CreationDate>
      <types1:ModifiedBy>sreenivasa.rao.SAML</types1:ModifiedBy>
      <types1:ModificationDate>2022-05-02T21:05:47Z</types1:ModificationDate>
      <types1:PublicationStatus>published</types1:PublicationStatus>
      <types1:PublishedBy>sreenivasa.rao.SAML</types1:PublishedBy>
      <types1:PublicationDate>2022-05-02T21:11:22Z</types1:PublicationDate>
      <types1:PublishedContributionId>project:/spi.prcs_AzureServiceBus_MSSQL_Mapping_Account/prcs_AzureServiceBus_MSSQL_Mapping_Account.pd.xml</types1:PublishedContributionId>
      <types1:AutosaveExists>false</types1:AutosaveExists>
      <types1:Entry>
         <process xmlns="http://schemas.active-endpoints.com/appmodules/screenflow/2010/10/avosScreenflow.xsd"
                  xmlns:tfm="http://schemas.active-endpoints.com/appmodules/screenflow/2021/04/taskflowModel.xsd"
                  xmlns:list="urn:activevos:spi:list:functions"
                  displayName="prcs_AzureServiceBus_MSSQL_Mapping_Account"
                  name="prcs_AzureServiceBus_MSSQL_Mapping_Account"
                  overrideAPIName="true">
            <parameterSet xmlns="http://schemas.active-endpoints.com/appmodules/screenflow/2021/04/taskflowModel.xsd"/>
            <appliesTo/>
            <description>Consumes message from Azure Service Bus topic and updates the record to the database.</description>
            <tags>.agent:ucus-infa01</tags>
            <generator>Informatica Process Designer 11</generator>
            <input>
               <parameter description="" name="event" type="reference">
                  <options>
                     <option name="required">false</option>
                     <option name="referenceTo">appconn-servicebus-Insert-dcx:AMQPMessage</option>
                     <option name="isCopy">true</option>
                     <option name="guid">e49aKggq2Sgbe3Ty6J4Z4L</option>
                  </options>
               </parameter>
            </input>
            <tempFields>
               <field description="" name="tmp_payload_Azure_message" type="string">
                  <options>
                     <option name="required">false</option>
                  </options>
               </field>
               <field description="" name="tmp_email" type="reference">
                  <options>
                     <option name="referenceTo">appconn-Email-dcx:EmailTaskInput</option>
                     <option name="required">false</option>
                     <option name="isCopy">true</option>
                     <option name="guid">5ejuY3UDquQhvU7ldFK8oG</option>
                  </options>
               </field>
               <field description="" name="tmp_email_recepients" type="string">
                  <options>
                     <option name="required">false</option>
                  </options>
               </field>
               <field description="" name="tmp_org_id" type="string">
                  <options>
                     <option name="required">false</option>
                  </options>
               </field>
               <field description="" name="tmp_cai_process_name" type="string">
                  <options>
                     <option name="required">false</option>
                  </options>
               </field>
               <field description="" name="tmp_Process_Status" type="string">
                  <options>
                     <option name="required">false</option>
                  </options>
               </field>
               <field description="" name="tmp_faultReason" type="string">
                  <options>
                     <option name="required">false</option>
                  </options>
               </field>
               <field description="" name="tmp_faultDesc" type="string">
                  <options>
                     <option name="required">false</option>
                  </options>
               </field>
               <field description="" name="tmpFileContent" type="string">
                  <options>
                     <option name="required">false</option>
                  </options>
               </field>
               <field description="" name="tmp_stepInProcess" type="string">
                  <options>
                     <option name="required">false</option>
                  </options>
               </field>
               <field description="" name="tmp_parmaFile_Region" type="string">
                  <options>
                     <option name="required">false</option>
                  </options>
               </field>
               <field description="" name="tmp_ParamFile_Path" type="string">
                  <options>
                     <option name="required">false</option>
                  </options>
               </field>
               <field description="" name="tmp_ParamFile_Name" type="string">
                  <options>
                     <option name="required">false</option>
                  </options>
               </field>
               <field description="" name="tmp_check_ParamFile_Exists" type="boolean">
                  <options>
                     <option name="defaultvalue">false</option>
                     <option name="boolean_show_as">checkbox</option>
                     <option name="required">false</option>
                  </options>
               </field>
               <field description="" name="tmp_get_ParamFile_Content" type="string">
                  <options>
                     <option name="required">false</option>
                  </options>
               </field>
               <field description="" name="tmp_processTitle" type="string">
                  <options>
                     <option name="required">false</option>
                  </options>
               </field>
               <field description="" name="temp_InternalId" type="int">
                  <options>
                     <option name="required">false</option>
                  </options>
               </field>
               <field description="" name="temp_RecordId" type="int">
                  <options>
                     <option name="required">false</option>
                  </options>
               </field>
               <field description="" name="temp_mapping_Account_Rec" type="reference">
                  <options>
                     <option name="referenceTo">appconn-EDW-Outbound-dbo-dcx:mapping_Account</option>
                     <option name="required">false</option>
                     <option name="guid">3lKTT4fqE1njWca10iSzCp</option>
                  </options>
               </field>
               <field description="" name="tmp_faultCode" type="string">
                  <options>
                     <option name="required">false</option>
                  </options>
               </field>
            </tempFields>
            <notes/>
            <deployment suspendOnFault="false" tracingLevel="verbose">
               <targetLocation>ucus-infa01</targetLocation>
               <event eventSource="appconn-servicebus-Insert-dcx:AMQPSource"/>
            </deployment>
            <flow id="a">
               <start id="b">
                  <link id="kyn6wdro" targetId="kyn6wdrn"/>
               </start>
               <assignment id="kyn6wdrn">
                  <title>Step 1: Assignment to tmp_parmaFile_Region, tmp_ParamFile_Path etc.</title>
                  <operation source="formula" to="temp.tmp_parmaFile_Region">
                     <expression language="XQuery">if(
util:resolveURN('OrgName') eq 'Model'
) then 'InformaticaModel'
else 
if(
util:resolveURN('OrgName') eq 'UAT'
) then 'InformaticaUAT'
else 
if(
util:resolveURN('OrgName') eq 'Prod'
) then 'InformaticaProd'
else 'InvalidPath'
</expression>
                  </operation>
                  <operation source="formula" to="temp.tmp_ParamFile_Path">
                     <expression language="XQuery">fn:concat( '//ae-file/Data_mngt/', $temp.tmp_parmaFile_Region , '/infa_shared/EDW_UserParam' )</expression>
                  </operation>
                  <operation source="constant" to="temp.tmp_ParamFile_Name">DCX_Param.txt</operation>
                  <operation source="formula" to="temp.tmp_check_ParamFile_Exists">
                     <expression language="XQuery">fn:unparsed-text-available(
fn:concat('file:', 
$temp.tmp_ParamFile_Path , 
'/', 
$temp.tmp_ParamFile_Name 
)
)</expression>
                  </operation>
                  <operation source="constant" to="temp.tmp_email_recepients">abdul.mannuru@american-equity.com</operation>
                  <operation source="formula" to="temp.tmp_org_id">
                     <expression language="XQuery">if( util:resolveURN('OrgID') eq '5GCKrsSCD4ShsXcieDCVck' ) then 'MODEL' else if( util:resolveURN('OrgID') eq '8YhB3eZGHS2cAkT3N2wSYM' ) then 'UAT' else if( util:resolveURN('OrgID') eq 'gNTv1eqI7snkvvhxV60JEl' ) then 'PROD' else util:resolveURN('OrgID')</expression>
                  </operation>
                  <link id="kyn6wdsk" targetId="kyn6wdsj"/>
               </assignment>
               <assignment id="kyn6wdsj">
                  <title>Step 2:  Parse the JSON payload</title>
                  <operation source="formula" to="temp.temp_InternalId">
                     <expression language="XQuery">let $message:= &lt;root&gt;{util:parseJSON($input.event[1]/*:body)}&lt;/root&gt;
return $message/*:InternalId/text()</expression>
                  </operation>
                  <operation source="formula" to="temp.temp_RecordId">
                     <expression language="XQuery">let $message:= &lt;root&gt;{util:parseJSON($input.event[1]/*:body)}&lt;/root&gt;
return $message/*:RecordId/text()</expression>
                  </operation>
                  <operation source="formula" to="temp.tmp_cai_process_name">
                     <expression language="XQuery">'prcs_AzureServiceBus_MSSQL_Mapping_Account_'||"ID_"|| $temp.temp_InternalId ||"_ProcessId_" || util:getProcessId()</expression>
                  </operation>
                  <operation source="formula" to="temp.tmp_processTitle">
                     <expression language="XQuery">ipd:setProcessTitle('prcs_AzureServiceBus_MSSQL_Mapping_Account_'||"ID_"|| $temp.temp_InternalId )</expression>
                  </operation>
                  <link id="kyn6wdu8" targetId="kyn6wdt9"/>
               </assignment>
               <assignment id="kyn6wdut">
                  <title>Step 8: Derive the process status</title>
                  <operation source="formula" to="temp.tmp_Process_Status">
                     <expression language="XQuery">if($temp.tmp_faultCode  eq 'UnInitializeFaultCode') then 'Processed' 
else 'InValid'</expression>
                  </operation>
                  <link id="kyn6wdw2" targetId="kyn6wdvg"/>
               </assignment>
               <container id="kyn6wdt9" type="exclusive">
                  <title>tmp_check_ParamFile_Exists?</title>
                  <flow id="kyn6wdta">
                     <assignment id="kyn6wdtb">
                        <title>Step 3: Get the content from Parameter File</title>
                        <operation source="formula" to="temp.tmp_get_ParamFile_Content">
                           <expression language="XQuery">fn:unparsed-text-lines( fn:concat('file:', $temp.tmp_ParamFile_Path  , '/',$temp.tmp_ParamFile_Name  ) )</expression>
                        </operation>
                        <link id="kyn6wdtv" targetId="kyn6wdtc"/>
                     </assignment>
                     <assignment id="kyn6wdtc">
                        <title>Step 4: Initialize the Process</title>
                        <operation source="formula" to="temp.tmp_payload_Azure_message">
                           <expression language="XQuery">util:toXML($input.event)</expression>
                        </operation>
                        <operation source="formula" to="temp.tmp_email_recepients">
                           <expression language="XQuery">fn:substring-before( fn:substring-after( $temp.tmp_get_ParamFile_Content , '$email=' ), ' ')</expression>
                        </operation>
                        <operation source="constant" to="temp.tmp_faultCode">UnInitializeFaultCode</operation>
                        <link id="kyn6wdtw" targetId="kyn6wdtd"/>
                     </assignment>
                     <eventContainer id="kyn6wdtd">
                        <create id="kyn6wdtn">
                           <title>Step 5:Log the message to Salesforce_Event_Log</title>
                           <entityName>appconn-EDW-Audit-dbo-dcx:Salesforce_Event_Log</entityName>
                           <createInput>
                              <parameter name="sf_Input_Payload" source="field" updatable="true">temp.tmp_payload_Azure_message</parameter>
                              <parameter name="Start_Time" source="formula" updatable="true">
                                 <expression language="XQuery">fn:current-dateTime()</expression>
                              </parameter>
                              <parameter name="Process_Nm" source="field" updatable="true">temp.tmp_cai_process_name</parameter>
                              <parameter name="Process_Status" source="constant" updatable="true">InProgress</parameter>
                              <parameter name="Module_Name" source="constant" updatable="true">DCX</parameter>
                           </createInput>
                        </create>
                        <flow id="kyn6wdte">
                           <assignment id="kyn6wdtf">
                              <title>Step 6: Query the mapping_Account table</title>
                              <operation source="query" to="temp.temp_mapping_Account_Rec">
                                 <query advanceQuery="false"
                                        from="appconn-EDW-Outbound-dbo-dcx:mapping_Account">
                                    <where>ID = {$temp.temp_InternalId}</where>
                                 </query>
                              </operation>
                              <link id="kyn6wdu0" targetId="kyn6wdtg"/>
                           </assignment>
                           <container id="kyn6wdtg" type="exclusive">
                              <title>temp_mapping_Account_Rec</title>
                              <flow id="kyn6wdth">
                                 <assignment id="kyn6wdti">
                                    <title>Step 7: Update the mapping_Account table</title>
                                    <operation source="formula" to="temp.temp_mapping_Account_Rec.NAMERECORD_NAMEID">
                                       <expression language="XQuery">$temp.temp_RecordId</expression>
                                    </operation>
                                 </assignment>
                                 <link id="kyn6wdu3" targetId="kyn6wdtg" type="containerLink"/>
                              </flow>
                              <flow id="kyn6wdtj">
                                 <assignment id="kyn6wdtk">
                                    <title>Assignment to tmp_faultCode, tmp_faultDesc etc.</title>
                                    <operation source="constant" to="temp.tmp_faultCode">404-ID not found</operation>
                                    <operation source="formula" to="temp.tmp_faultDesc">
                                       <expression language="XQuery">'The ID ' ||$temp.temp_InternalId ||' does not exist in the database table mapping_Account'</expression>
                                    </operation>
                                    <operation source="formula" to="temp.tmp_faultReason">
                                       <expression language="XQuery">'The ID ' ||$temp.temp_InternalId ||' does not exist in the database table mapping_Account'</expression>
                                    </operation>
                                    <operation source="constant" to="temp.tmp_stepInProcess">Step6-Query-MappingAccount</operation>
                                 </assignment>
                                 <link id="kyn6wdu4" targetId="kyn6wdtg" type="containerLink"/>
                              </flow>
                              <link id="kyn6wdu1" targetId="kyn6wdth" type="containerLink">
                                 <condition source="formula">
                                    <function name="set">
                                       <arg name="field">{$temp.temp_mapping_Account_Rec}</arg>
                                    </function>
                                 </condition>
                              </link>
                              <link id="kyn6wdu2" targetId="kyn6wdtj" type="containerLink">
                                 <condition source="formula">
                                    <function name="unset">
                                       <arg name="field">{$temp.temp_mapping_Account_Rec}</arg>
                                    </function>
                                 </condition>
                              </link>
                           </container>
                           <link id="kyn6wdtz" targetId="kyn6wdtd" type="containerLink"/>
                        </flow>
                        <flow id="kyn6wdtl">
                           <assignment id="kyn6wdtm">
                              <title>Assignment to tmp_faultCode, tmp_faultDesc etc.</title>
                              <operation source="field" to="temp.tmp_faultCode">output.faultInfo_dcx_audit[1]/code</operation>
                              <operation source="field" to="temp.tmp_faultDesc">output.faultInfo_dcx_audit[1]/detail</operation>
                              <operation source="field" to="temp.tmp_faultReason">output.faultInfo_dcx_audit[1]/reason</operation>
                              <operation source="constant" to="temp.tmp_stepInProcess">Step5-EventLog</operation>
                           </assignment>
                           <link id="kyn6wdu5" targetId="kyn6wdtd" type="containerLink"/>
                        </flow>
                        <link id="kyn6wdtx" targetId="kyn6wdte" type="containerLink"/>
                        <events>
                           <catch faultField="faultInfo_dcx_audit" id="kv75lqpn" interrupting="true">
                              <link id="kyn6wdty" targetId="kyn6wdtl" type="containerLink"/>
                           </catch>
                        </events>
                     </eventContainer>
                     <link id="kyn6wdtu" targetId="kyn6wdt9" type="containerLink"/>
                  </flow>
                  <flow id="kyn6wdto">
                     <assignment id="kyn6wdtp">
                        <title>Initialize email Body, Subject etc.</title>
                        <operation source="formula" to="temp.tmp_email[1]/body">
                           <expression language="XQuery">fn:concat( 'CAI Process - ', 'prcs_AzureServiceBus_MSSQL_Mapping_Account', ' Failed due to missing Parameter file ', $temp.tmp_ParamFile_Name , '. Place Parameter file under ',$temp.tmp_ParamFile_Path, 'and Re-start Process' )</expression>
                        </operation>
                        <operation source="formula" to="temp.tmp_email[1]/subject">
                           <expression language="XQuery">fn:concat($temp.tmp_org_id, ': ', $temp.tmp_cai_process_name, '-Failure')</expression>
                        </operation>
                        <operation source="field" to="temp.tmp_email[1]/to">temp.tmp_email_recepients</operation>
                        <operation source="constant" to="temp.tmp_email[1]/contentType">'text/html'</operation>
                        <link id="kyn6wdu6" targetId="kyn6wdtq"/>
                     </assignment>
                     <service id="kyn6wdtq">
                        <title>Send the email for the failure</title>
                        <serviceName>appconn-Email-dcx:sendEmailService</serviceName>
                        <serviceGUID>5ejuY3UDquQhvU7ldFK8oG</serviceGUID>
                        <serviceInput>
                           <parameter name="emailTaskInput" source="field" updatable="true">temp.tmp_email</parameter>
                        </serviceInput>
                        <link id="kyn6wdu7" targetId="kyn6wdtr"/>
                     </service>
                     <end id="kyn6wdtr">
                        <title>End the process</title>
                     </end>
                  </flow>
                  <link id="kyn6wdts" targetId="kyn6wdta" type="containerLink">
                     <condition source="formula">
                        <function name="true">
                           <arg name="field">{$temp.tmp_check_ParamFile_Exists}</arg>
                        </function>
                     </condition>
                  </link>
                  <link id="kyn6wdtt" targetId="kyn6wdto" type="containerLink">
                     <condition source="formula">
                        <function name="false">
                           <arg name="field">{$temp.tmp_check_ParamFile_Exists}</arg>
                        </function>
                     </condition>
                  </link>
                  <link id="kyn6wduu" targetId="kyn6wdut"/>
               </container>
               <container id="kyn6wdvg" type="exclusive">
                  <title>Check Process Status</title>
                  <flow id="kyn6wdvh">
                     <assignment id="kyn6wdvi">
                        <title>Step 9 - Log Endtime to EventLog table</title>
                        <operation source="formula" to="output.Created Salesforce_Event_Log.End_Time">
                           <expression language="XQuery">fn:current-dateTime()</expression>
                        </operation>
                        <operation source="constant"
                                   to="output.Created Salesforce_Event_Log.Process_Status">Processed</operation>
                     </assignment>
                     <link id="kyn6wdvu" targetId="kyn6wdvg" type="containerLink"/>
                  </flow>
                  <flow id="kyn6wdvj">
                     <assignment id="kyn6wdvk">
                        <title>Step 9 - Log Endtime to EventLog table</title>
                        <operation source="formula" to="output.Created Salesforce_Event_Log.End_Time">
                           <expression language="XQuery">fn:current-dateTime()</expression>
                        </operation>
                        <operation source="constant"
                                   to="output.Created Salesforce_Event_Log.Process_Status">Faulted</operation>
                        <link id="kyn6wdvw" targetId="kyn6wdvl"/>
                     </assignment>
                     <assignment id="kyn6wdvl">
                        <title>Initialize email Body, Subject etc.</title>
                        <operation source="formula" to="temp.tmp_email[1]/subject">
                           <expression language="XQuery">fn:concat($temp.tmp_org_id, ': ', $temp.tmp_cai_process_name, '-Failure')</expression>
                        </operation>
                        <operation source="formula" to="temp.tmp_email[1]/body">
                           <expression language="XQuery">if(not($temp.tmp_faultCode  eq 'UnInitializeFaultCode')) then 
fn:concat('Informatica CAI Process - ', $temp.tmp_cai_process_name,'FaultCode:',$temp.tmp_faultCode  ,'FaultDetail:',$temp.tmp_faultDesc ,'FaultReason:',$temp.tmp_faultReason )
else ()</expression>
                        </operation>
                        <operation source="field" to="temp.tmp_email[1]/to">temp.tmp_email_recepients</operation>
                        <operation source="formula" to="temp.tmp_email[1]/contentType">
                           <expression language="XQuery">'text/html'</expression>
                        </operation>
                        <link id="kyn6wdvx" targetId="kyn6wdvm"/>
                     </assignment>
                     <eventContainer id="kyn6wdvm">
                        <service id="kyn6wdvr">
                           <title>Send email with fault information</title>
                           <serviceName>appconn-Email-dcx:sendEmailService</serviceName>
                           <serviceGUID>5ejuY3UDquQhvU7ldFK8oG</serviceGUID>
                           <serviceInput>
                              <parameter name="emailTaskInput" source="field" updatable="true">temp.tmp_email</parameter>
                           </serviceInput>
                        </service>
                        <flow id="kyn6wdvn">
                           <create id="kyn6wdvo">
                              <title>Log into Salesforce_Error_Log</title>
                              <entityName>appconn-EDW-Audit-dbo-dcx:Salesforce_Error_Log</entityName>
                              <createInput>
                                 <parameter name="Log_Time" source="formula" updatable="true">
                                    <expression language="XQuery">fn:current-dateTime()</expression>
                                 </parameter>
                                 <parameter name="Process_Nm" source="field" updatable="true">temp.tmp_cai_process_name</parameter>
                                 <parameter name="Step_In_Process" source="field" updatable="true">temp.tmp_stepInProcess</parameter>
                                 <parameter name="Fault_Code" source="field" updatable="true">temp.tmp_faultCode</parameter>
                                 <parameter name="Fault_Description" source="field" updatable="true">temp.tmp_faultDesc</parameter>
                                 <parameter name="Fault_Reason" source="field" updatable="true">temp.tmp_faultReason</parameter>
                                 <parameter name="Module_Name" source="constant" updatable="true">DCX</parameter>
                              </createInput>
                           </create>
                           <link id="kyn6wdw0" targetId="kyn6wdvm" type="containerLink"/>
                        </flow>
                        <flow id="kyn6wdvp">
                           <create id="kyn6wdvq">
                              <title>Log into Salesforce_Error_Log</title>
                              <entityName>appconn-EDW-Audit-dbo-dcx:Salesforce_Error_Log</entityName>
                              <createInput>
                                 <parameter name="Log_Time" source="formula" updatable="true">
                                    <expression language="XQuery">fn:current-dateTime()</expression>
                                 </parameter>
                                 <parameter name="Process_Nm" source="field" updatable="true">temp.tmp_cai_process_name</parameter>
                                 <parameter name="Step_In_Process" source="field" updatable="true">temp.tmp_stepInProcess</parameter>
                                 <parameter name="Fault_Code" source="field" updatable="true">temp.tmp_faultCode</parameter>
                                 <parameter name="Fault_Description" source="field" updatable="true">temp.tmp_faultDesc</parameter>
                                 <parameter name="Fault_Reason" source="field" updatable="true">temp.tmp_faultReason</parameter>
                                 <parameter name="Module_Name" source="constant" updatable="true">DCX</parameter>
                              </createInput>
                           </create>
                           <link id="kyn6wdw1" targetId="kyn6wdvm" type="containerLink"/>
                        </flow>
                        <link id="kyn6wdvy" targetId="kyn6wdvn" type="containerLink"/>
                        <events>
                           <catch faultField="faultInfo" id="kw565o43" interrupting="true">
                              <link id="kyn6wdvz" targetId="kyn6wdvp" type="containerLink"/>
                           </catch>
                        </events>
                     </eventContainer>
                     <link id="kyn6wdvv" targetId="kyn6wdvg" type="containerLink"/>
                  </flow>
                  <link id="kyn6wdvs" targetId="kyn6wdvh" type="containerLink">
                     <condition source="formula">
                        <function name="string-equals">
                           <arg name="left">{$temp.tmp_Process_Status}</arg>
                           <arg name="right">Processed</arg>
                        </function>
                     </condition>
                  </link>
                  <link id="kyn6wdvt" targetId="kyn6wdvj" type="containerLink"/>
                  <link id="kyn6wdx0" targetId="kyn6wdwz"/>
               </container>
               <end id="kyn6wdwz">
                  <title>End the process</title>
               </end>
            </flow>
         </process>
         <ns1:sample-data-sets xmlns:ns1="http://schemas.active-endpoints.com/appmodules/repository/2010/10/sampleData.xsd">
            <ns1:SampleData>
               <ns1:Id>c6beb4f1-629b-4660-b45a-8a65fdd6dd84</ns1:Id>
               <ns1:Name>1</ns1:Name>
               <ns1:CreatedBy>sreenivasa.rao.SAML</ns1:CreatedBy>
               <ns1:CreationDate>2022-01-25T22:04:11Z</ns1:CreationDate>
               <ns1:ModifiedBy>sreenivasa.rao.SAML</ns1:ModifiedBy>
               <ns1:ModifiedDate>2022-01-25T22:04:11Z</ns1:ModifiedDate>
               <ns1:Data format="json">{
	 "event": {
	 	 "ReplayId": "",
	 	 "CreatedDate": "",
	 	 "CreatedById": {
	 	 	 "Id": "",
	 	 	 "Username": "",
	 	 	 "LastName": "",
	 	 	 "FirstName": "",
	 	 	 "MiddleName": "",
	 	 	 "Suffix": "",
	 	 	 "Name": "",
	 	 	 "CompanyName": "",
	 	 	 "Division": "",
	 	 	 "Department": "",
	 	 	 "Title": "",
	 	 	 "Street": "",
	 	 	 "City": "",
	 	 	 "State": "",
	 	 	 "PostalCode": "",
	 	 	 "Country": "",
	 	 	 "Latitude": "",
	 	 	 "Longitude": "",
	 	 	 "GeocodeAccuracy": "",
	 	 	 "Email": "",
	 	 	 "EmailPreferencesAutoBcc": "",
	 	 	 "EmailPreferencesAutoBccStayInTouch": "",
	 	 	 "EmailPreferencesStayInTouchReminder": "",
	 	 	 "SenderEmail": "",
	 	 	 "SenderName": "",
	 	 	 "Signature": "",
	 	 	 "StayInTouchSubject": "",
	 	 	 "StayInTouchSignature": "",
	 	 	 "StayInTouchNote": "",
	 	 	 "Phone": "",
	 	 	 "Fax": "",
	 	 	 "MobilePhone": "",
	 	 	 "Alias": "",
	 	 	 "CommunityNickname": "",
	 	 	 "BadgeText": "",
	 	 	 "IsActive": "",
	 	 	 "TimeZoneSidKey": "",
	 	 	 "UserRoleId": {
	 	 	 	 "Id": "",
	 	 	 	 "Name": "",
	 	 	 	 "ParentRoleId": "",
	 	 	 	 "RollupDescription": "",
	 	 	 	 "OpportunityAccessForAccountOwner": "",
	 	 	 	 "CaseAccessForAccountOwner": "",
	 	 	 	 "ContactAccessForAccountOwner": "",
	 	 	 	 "ForecastUserId": "",
	 	 	 	 "MayForecastManagerShare": "",
	 	 	 	 "LastModifiedDate": "",
	 	 	 	 "LastModifiedById": "",
	 	 	 	 "SystemModstamp": "",
	 	 	 	 "DeveloperName": "",
	 	 	 	 "PortalAccountId": "",
	 	 	 	 "PortalType": "",
	 	 	 	 "PortalAccountOwnerId": ""
	 	 	 },
	 	 	 "LocaleSidKey": "",
	 	 	 "ReceivesInfoEmails": "",
	 	 	 "ReceivesAdminInfoEmails": "",
	 	 	 "EmailEncodingKey": "",
	 	 	 "ProfileId": {
	 	 	 	 "Id": "",
	 	 	 	 "Name": "",
	 	 	 	 "PermissionsEmailSingle": "",
	 	 	 	 "PermissionsEmailMass": "",
	 	 	 	 "PermissionsEditTask": "",
	 	 	 	 "PermissionsEditEvent": "",
	 	 	 	 "PermissionsExportReport": "",
	 	 	 	 "PermissionsImportPersonal": "",
	 	 	 	 "PermissionsDataExport": "",
	 	 	 	 "PermissionsManageUsers": "",
	 	 	 	 "PermissionsEditPublicFilters": "",
	 	 	 	 "PermissionsEditPublicTemplates": "",
	 	 	 	 "PermissionsModifyAllData": "",
	 	 	 	 "PermissionsManageCases": "",
	 	 	 	 "PermissionsMassInlineEdit": "",
	 	 	 	 "PermissionsEditKnowledge": "",
	 	 	 	 "PermissionsManageKnowledge": "",
	 	 	 	 "PermissionsManageSolutions": "",
	 	 	 	 "PermissionsCustomizeApplication": "",
	 	 	 	 "PermissionsEditReadonlyFields": "",
	 	 	 	 "PermissionsRunReports": "",
	 	 	 	 "PermissionsViewSetup": "",
	 	 	 	 "PermissionsTransferAnyEntity": "",
	 	 	 	 "PermissionsNewReportBuilder": "",
	 	 	 	 "PermissionsActivateContract": "",
	 	 	 	 "PermissionsActivateOrder": "",
	 	 	 	 "PermissionsImportLeads": "",
	 	 	 	 "PermissionsManageLeads": "",
	 	 	 	 "PermissionsTransferAnyLead": "",
	 	 	 	 "PermissionsViewAllData": "",
	 	 	 	 "PermissionsEditPublicDocuments": "",
	 	 	 	 "PermissionsViewEncryptedData": "",
	 	 	 	 "PermissionsEditBrandTemplates": "",
	 	 	 	 "PermissionsEditHtmlTemplates": "",
	 	 	 	 "PermissionsManageEncryptionKeys": "",
	 	 	 	 "PermissionsDeleteActivatedContract": "",
	 	 	 	 "PermissionsSendSitRequests": "",
	 	 	 	 "PermissionsOverrideForecasts": "",
	 	 	 	 "PermissionsViewAllForecasts": "",
	 	 	 	 "PermissionsApiUserOnly": "",
	 	 	 	 "PermissionsManageRemoteAccess": "",
	 	 	 	 "PermissionsCanUseNewDashboardBuilder": "",
	 	 	 	 "PermissionsManageCategories": "",
	 	 	 	 "PermissionsConvertLeads": "",
	 	 	 	 "PermissionsPasswordNeverExpires": "",
	 	 	 	 "PermissionsUseTeamReassignWizards": "",
	 	 	 	 "PermissionsEditActivatedOrders": "",
	 	 	 	 "PermissionsInstallMultiforce": "",
	 	 	 	 "PermissionsPublishMultiforce": "",
	 	 	 	 "PermissionsEditOppLineItemUnitPrice": "",
	 	 	 	 "PermissionsCreateMultiforce": "",
	 	 	 	 "PermissionsBulkApiHardDelete": "",
	 	 	 	 "PermissionsInboundMigrationToolsUser": "",
	 	 	 	 "PermissionsSolutionImport": "",
	 	 	 	 "PermissionsManageCallCenters": "",
	 	 	 	 "PermissionsManageSynonyms": "",
	 	 	 	 "PermissionsOutboundMigrationToolsUser": "",
	 	 	 	 "PermissionsViewContent": "",
	 	 	 	 "PermissionsManageEmailClientConfig": "",
	 	 	 	 "PermissionsEnableNotifications": "",
	 	 	 	 "PermissionsManageDataIntegrations": "",
	 	 	 	 "PermissionsDistributeFromPersWksp": "",
	 	 	 	 "PermissionsViewDataCategories": "",
	 	 	 	 "PermissionsManageDataCategories": "",
	 	 	 	 "PermissionsAuthorApex": "",
	 	 	 	 "PermissionsManageMobile": "",
	 	 	 	 "PermissionsApiEnabled": "",
	 	 	 	 "PermissionsManageCustomReportTypes": "",
	 	 	 	 "PermissionsEditCaseComments": "",
	 	 	 	 "PermissionsTransferAnyCase": "",
	 	 	 	 "PermissionsContentAdministrator": "",
	 	 	 	 "PermissionsCreateWorkspaces": "",
	 	 	 	 "PermissionsManageContentPermissions": "",
	 	 	 	 "PermissionsManageContentProperties": "",
	 	 	 	 "PermissionsManageContentTypes": "",
	 	 	 	 "PermissionsScheduleJob": "",
	 	 	 	 "PermissionsManageExchangeConfig": "",
	 	 	 	 "PermissionsManageAnalyticSnapshots": "",
	 	 	 	 "PermissionsScheduleReports": "",
	 	 	 	 "PermissionsManageBusinessHourHolidays": "",
	 	 	 	 "PermissionsManageEntitlements": "",
	 	 	 	 "PermissionsManageDynamicDashboards": "",
	 	 	 	 "PermissionsCustomSidebarOnAllPages": "",
	 	 	 	 "PermissionsManageInteraction": "",
	 	 	 	 "PermissionsViewMyTeamsDashboards": "",
	 	 	 	 "PermissionsResetPasswords": "",
	 	 	 	 "PermissionsFlowUFLRequired": "",
	 	 	 	 "PermissionsActivitiesAccess": "",
	 	 	 	 "PermissionsManageKnowledgeImportExport": "",
	 	 	 	 "PermissionsEmailTemplateManagement": "",
	 	 	 	 "PermissionsEmailAdministration": "",
	 	 	 	 "PermissionsAllowEmailIC": "",
	 	 	 	 "PermissionsChatterFileLink": "",
	 	 	 	 "PermissionsForceTwoFactor": "",
	 	 	 	 "PermissionsViewEventLogFiles": "",
	 	 	 	 "PermissionsManageNetworks": "",
	 	 	 	 "PermissionsManageAuthProviders": "",
	 	 	 	 "PermissionsRunFlow": "",
	 	 	 	 "PermissionsManageQuotas": "",
	 	 	 	 "PermissionsCreateCustomizeDashboards": "",
	 	 	 	 "PermissionsCreateDashboardFolders": "",
	 	 	 	 "PermissionsViewPublicDashboards": "",
	 	 	 	 "PermissionsManageDashbdsInPubFolders": "",
	 	 	 	 "PermissionsCreateCustomizeReports": "",
	 	 	 	 "PermissionsCreateReportFolders": "",
	 	 	 	 "PermissionsViewPublicReports": "",
	 	 	 	 "PermissionsManageReportsInPubFolders": "",
	 	 	 	 "PermissionsEditMyDashboards": "",
	 	 	 	 "PermissionsEditMyReports": "",
	 	 	 	 "PermissionsViewAllUsers": "",
	 	 	 	 "PermissionsAllowUniversalSearch": "",
	 	 	 	 "PermissionsConnectOrgToEnvironmentHub": "",
	 	 	 	 "PermissionsCreateCustomizeFilters": "",
	 	 	 	 "PermissionsContentHubUser": "",
	 	 	 	 "PermissionsGovernNetworks": "",
	 	 	 	 "PermissionsSalesConsole": "",
	 	 	 	 "PermissionsTwoFactorApi": "",
	 	 	 	 "PermissionsDeleteTopics": "",
	 	 	 	 "PermissionsEditTopics": "",
	 	 	 	 "PermissionsCreateTopics": "",
	 	 	 	 "PermissionsAssignTopics": "",
	 	 	 	 "PermissionsIdentityEnabled": "",
	 	 	 	 "PermissionsIdentityConnect": "",
	 	 	 	 "PermissionsAllowViewKnowledge": "",
	 	 	 	 "PermissionsContentWorkspaces": "",
	 	 	 	 "PermissionsCreateWorkBadgeDefinition": "",
	 	 	 	 "PermissionsManageSearchPromotionRules": "",
	 	 	 	 "PermissionsCustomMobileAppsAccess": "",
	 	 	 	 "PermissionsViewHelpLink": "",
	 	 	 	 "PermissionsManageProfilesPermissionsets": "",
	 	 	 	 "PermissionsAssignPermissionSets": "",
	 	 	 	 "PermissionsManageRoles": "",
	 	 	 	 "PermissionsManageIpAddresses": "",
	 	 	 	 "PermissionsManageSharing": "",
	 	 	 	 "PermissionsManageInternalUsers": "",
	 	 	 	 "PermissionsManagePasswordPolicies": "",
	 	 	 	 "PermissionsManageLoginAccessPolicies": "",
	 	 	 	 "PermissionsViewPlatformEvents": "",
	 	 	 	 "PermissionsManageCustomPermissions": "",
	 	 	 	 "PermissionsStdAutomaticActivityCapture": "",
	 	 	 	 "PermissionsInsightsAppDashboardEditor": "",
	 	 	 	 "PermissionsManageTwoFactor": "",
	 	 	 	 "PermissionsInsightsAppUser": "",
	 	 	 	 "PermissionsInsightsAppAdmin": "",
	 	 	 	 "PermissionsInsightsAppEltEditor": "",
	 	 	 	 "PermissionsInsightsAppUploadUser": "",
	 	 	 	 "PermissionsInsightsCreateApplication": "",
	 	 	 	 "PermissionsDebugApex": "",
	 	 	 	 "PermissionsLightningExperienceUser": "",
	 	 	 	 "PermissionsViewDataLeakageEvents": "",
	 	 	 	 "PermissionsConfigCustomRecs": "",
	 	 	 	 "PermissionsSubmitMacrosAllowed": "",
	 	 	 	 "PermissionsBulkMacrosAllowed": "",
	 	 	 	 "PermissionsShareInternalArticles": "",
	 	 	 	 "PermissionsManageSessionPermissionSets": "",
	 	 	 	 "PermissionsManageTemplatedApp": "",
	 	 	 	 "PermissionsUseTemplatedApp": "",
	 	 	 	 "PermissionsAdminAnalyticsUser": "",
	 	 	 	 "PermissionsWaveTabularDownload": "",
	 	 	 	 "PermissionsAutomaticActivityCapture": "",
	 	 	 	 "PermissionsImportCustomObjects": "",
	 	 	 	 "PermissionsDelegatedTwoFactor": "",
	 	 	 	 "PermissionsSelectFilesFromSalesforce": "",
	 	 	 	 "PermissionsModerateNetworkUsers": "",
	 	 	 	 "PermissionsMergeTopics": "",
	 	 	 	 "PermissionsSubscribeToLightningReports": "",
	 	 	 	 "PermissionsManagePvtRptsAndDashbds": "",
	 	 	 	 "PermissionsCampaignInfluence2": "",
	 	 	 	 "PermissionsViewDataAssessment": "",
	 	 	 	 "PermissionsCanApproveFeedPost": "",
	 	 	 	 "PermissionsAllowViewEditConvertedLeads": "",
	 	 	 	 "PermissionsSocialInsightsLogoAdmin": "",
	 	 	 	 "PermissionsShowCompanyNameAsUserBadge": "",
	 	 	 	 "PermissionsAccessCMC": "",
	 	 	 	 "PermissionsViewHealthCheck": "",
	 	 	 	 "PermissionsManageHealthCheck": "",
	 	 	 	 "PermissionsPackaging2": "",
	 	 	 	 "PermissionsManageCertificates": "",
	 	 	 	 "PermissionsCreateReportInLightning": "",
	 	 	 	 "PermissionsPreventClassicExperience": "",
	 	 	 	 "PermissionsListEmailSend": "",
	 	 	 	 "PermissionsChangeDashboardColors": "",
	 	 	 	 "PermissionsManageRecommendationStrategies": "",
	 	 	 	 "PermissionsManagePropositions": "",
	 	 	 	 "PermissionsSubscribeReportRolesGrps": "",
	 	 	 	 "PermissionsSubscribeDashboardRolesGrps": "",
	 	 	 	 "PermissionsUseWebLink": "",
	 	 	 	 "PermissionsHasUnlimitedNBAExecutions": "",
	 	 	 	 "PermissionsViewOnlyEmbeddedAppUser": "",
	 	 	 	 "PermissionsViewAllActivities": "",
	 	 	 	 "PermissionsSubscribeReportToOtherUsers": "",
	 	 	 	 "PermissionsLightningConsoleAllowedForUser": "",
	 	 	 	 "PermissionsSubscribeReportsRunAsUser": "",
	 	 	 	 "PermissionsSubscribeToLightningDashboards": "",
	 	 	 	 "PermissionsSubscribeDashboardToOtherUsers": "",
	 	 	 	 "PermissionsInstallAnalyticsTemplatedApp": "",
	 	 	 	 "PermissionsCreateLtngTempInPub": "",
	 	 	 	 "PermissionsTransactionalEmailSend": "",
	 	 	 	 "PermissionsViewPrivateStaticResources": "",
	 	 	 	 "PermissionsCreateLtngTempFolder": "",
	 	 	 	 "PermissionsApexRestServices": "",
	 	 	 	 "PermissionsEnableCommunityAppLauncher": "",
	 	 	 	 "PermissionsActionPlansUserAccess": "",
	 	 	 	 "PermissionsGiveRecognitionBadge": "",
	 	 	 	 "PermissionsUseMySearch": "",
	 	 	 	 "PermissionsLtngPromoReserved01UserPerm": "",
	 	 	 	 "PermissionsManageSubscriptions": "",
	 	 	 	 "PermissionsWaveManagePrivateAssetsUser": "",
	 	 	 	 "PermissionsFSCInsurancePlatformUser": "",
	 	 	 	 "PermissionsCanEditDataPrepRecipe": "",
	 	 	 	 "PermissionsAddAnalyticsRemoteConnections": "",
	 	 	 	 "PermissionsManageSurveys": "",
	 	 	 	 "PermissionsUseAssistantDialog": "",
	 	 	 	 "PermissionsUseQuerySuggestions": "",
	 	 	 	 "PermissionsRecordVisibilityAPI": "",
	 	 	 	 "PermissionsViewRoles": "",
	 	 	 	 "PermissionsCanManageMaps": "",
	 	 	 	 "PermissionsLMOutboundMessagingUserPerm": "",
	 	 	 	 "PermissionsModifyDataClassification": "",
	 	 	 	 "PermissionsPrivacyDataAccess": "",
	 	 	 	 "PermissionsQueryAllFiles": "",
	 	 	 	 "PermissionsModifyMetadata": "",
	 	 	 	 "PermissionsManageCMS": "",
	 	 	 	 "PermissionsSandboxTestingInCommunityApp": "",
	 	 	 	 "PermissionsCanEditPrompts": "",
	 	 	 	 "PermissionsViewUserPII": "",
	 	 	 	 "PermissionsManageHubConnections": "",
	 	 	 	 "PermissionsIndustryMilestonePlatformUser": "",
	 	 	 	 "PermissionsFSCInsuranceCmpLexOnlyAccess": "",
	 	 	 	 "PermissionsFSCInsuranceCmpCmtyAccess": "",
	 	 	 	 "PermissionsB2BMarketingAnalyticsUser": "",
	 	 	 	 "PermissionsTraceXdsQueries": "",
	 	 	 	 "PermissionsViewAllCustomSettings": "",
	 	 	 	 "PermissionsViewAllForeignKeyNames": "",
	 	 	 	 "PermissionsAddWaveNotificationRecipients": "",
	 	 	 	 "PermissionsHeadlessCMSAccess": "",
	 	 	 	 "PermissionsLMEndMessagingSessionUserPerm": "",
	 	 	 	 "PermissionsConsentApiUpdate": "",
	 	 	 	 "PermissionsAccessContentBuilder": "",
	 	 	 	 "PermissionsUseCompliantDataSharing": "",
	 	 	 	 "PermissionsAccountSwitcherUser": "",
	 	 	 	 "PermissionsViewAnomalyEvents": "",
	 	 	 	 "PermissionsManageC360AConnections": "",
	 	 	 	 "PermissionsManageReleaseUpdates": "",
	 	 	 	 "PermissionsViewAllProfiles": "",
	 	 	 	 "PermissionsSkipIdentityConfirmation": "",
	 	 	 	 "PermissionsConfigCompliantDataSharing": "",
	 	 	 	 "PermissionsFSCInsPolicyAdminPlatformUser": "",
	 	 	 	 "PermissionsFSCInsClaimMgmtPlatformUser": "",
	 	 	 	 "PermissionsSendCustomNotifications": "",
	 	 	 	 "PermissionsInteractionSummaryUser": "",
	 	 	 	 "PermissionsInteractionSummaryCompUser": "",
	 	 	 	 "PermissionsPackaging2Delete": "",
	 	 	 	 "PermissionsMortgageUserAccess": "",
	 	 	 	 "PermissionsDocumentChecklistUserAccess": "",
	 	 	 	 "PermissionsFSCComprehensiveUserAccess": "",
	 	 	 	 "PermissionsFinancialServices2UserAccess": "",
	 	 	 	 "PermissionsBranchManagementUserAccess": "",
	 	 	 	 "PermissionsAssociationEngineUserAccess": "",
	 	 	 	 "PermissionsSonicConsumer": "",
	 	 	 	 "PermissionsBotManageBots": "",
	 	 	 	 "PermissionsBotManageBotsTrainingData": "",
	 	 	 	 "PermissionsOmniStudioRuntime": "",
	 	 	 	 "PermissionsOmniStudioDesigner": "",
	 	 	 	 "PermissionsOmniStudioRuntimeCC": "",
	 	 	 	 "PermissionsManageTrustMeasures": "",
	 	 	 	 "PermissionsViewTrustMeasures": "",
	 	 	 	 "PermissionsVideoConferenceZoomUser": "",
	 	 	 	 "PermissionsIsotopeCToCUser": "",
	 	 	 	 "PermissionsSalesforceMeetingsUserPerm": "",
	 	 	 	 "PermissionsIsotopeAccess": "",
	 	 	 	 "PermissionsIsotopeLEX": "",
	 	 	 	 "PermissionsQuipMetricsAccess": "",
	 	 	 	 "PermissionsQuipUserEngagementMetrics": "",
	 	 	 	 "PermissionsFSCDealMgmtPlatformUser": "",
	 	 	 	 "PermissionsManageExternalConnections": "",
	 	 	 	 "PermissionsUseSubscriptionEmails": "",
	 	 	 	 "PermissionsAIViewInsightObjects": "",
	 	 	 	 "PermissionsAICreateInsightObjects": "",
	 	 	 	 "PermissionsManageDataProcessingEngine": "",
	 	 	 	 "PermissionsDocGenDesigner": "",
	 	 	 	 "PermissionsDocGenRuntimeUser": "",
	 	 	 	 "PermissionsDocGenRuntimeCCUser": "",
	 	 	 	 "PermissionsNativeWebviewScrolling": "",
	 	 	 	 "UserLicenseId": "",
	 	 	 	 "UserType": "",
	 	 	 	 "CreatedDate": "",
	 	 	 	 "CreatedById": "",
	 	 	 	 "LastModifiedDate": "",
	 	 	 	 "LastModifiedById": "",
	 	 	 	 "SystemModstamp": "",
	 	 	 	 "Description": "",
	 	 	 	 "LastViewedDate": "",
	 	 	 	 "LastReferencedDate": ""
	 	 	 },
	 	 	 "UserType": "",
	 	 	 "LanguageLocaleKey": "",
	 	 	 "EmployeeNumber": "",
	 	 	 "DelegatedApproverId": "",
	 	 	 "ManagerId": {
	 	 	 	 "Id": "",
	 	 	 	 "Username": "",
	 	 	 	 "LastName": "",
	 	 	 	 "FirstName": "",
	 	 	 	 "MiddleName": "",
	 	 	 	 "Suffix": "",
	 	 	 	 "Name": "",
	 	 	 	 "CompanyName": "",
	 	 	 	 "Division": "",
	 	 	 	 "Department": "",
	 	 	 	 "Title": "",
	 	 	 	 "Street": "",
	 	 	 	 "City": "",
	 	 	 	 "State": "",
	 	 	 	 "PostalCode": "",
	 	 	 	 "Country": "",
	 	 	 	 "Latitude": "",
	 	 	 	 "Longitude": "",
	 	 	 	 "GeocodeAccuracy": "",
	 	 	 	 "Email": "",
	 	 	 	 "EmailPreferencesAutoBcc": "",
	 	 	 	 "EmailPreferencesAutoBccStayInTouch": "",
	 	 	 	 "EmailPreferencesStayInTouchReminder": "",
	 	 	 	 "SenderEmail": "",
	 	 	 	 "SenderName": "",
	 	 	 	 "Signature": "",
	 	 	 	 "StayInTouchSubject": "",
	 	 	 	 "StayInTouchSignature": "",
	 	 	 	 "StayInTouchNote": "",
	 	 	 	 "Phone": "",
	 	 	 	 "Fax": "",
	 	 	 	 "MobilePhone": "",
	 	 	 	 "Alias": "",
	 	 	 	 "CommunityNickname": "",
	 	 	 	 "BadgeText": "",
	 	 	 	 "IsActive": "",
	 	 	 	 "TimeZoneSidKey": "",
	 	 	 	 "UserRoleId": "",
	 	 	 	 "LocaleSidKey": "",
	 	 	 	 "ReceivesInfoEmails": "",
	 	 	 	 "ReceivesAdminInfoEmails": "",
	 	 	 	 "EmailEncodingKey": "",
	 	 	 	 "ProfileId": "",
	 	 	 	 "UserType": "",
	 	 	 	 "LanguageLocaleKey": "",
	 	 	 	 "EmployeeNumber": "",
	 	 	 	 "DelegatedApproverId": "",
	 	 	 	 "ManagerId": "",
	 	 	 	 "LastLoginDate": "",
	 	 	 	 "CreatedDate": "",
	 	 	 	 "CreatedById": "",
	 	 	 	 "LastModifiedDate": "",
	 	 	 	 "LastModifiedById": "",
	 	 	 	 "SystemModstamp": "",
	 	 	 	 "OfflineTrialExpirationDate": "",
	 	 	 	 "OfflinePdaTrialExpirationDate": "",
	 	 	 	 "UserPermissionsMarketingUser": "",
	 	 	 	 "UserPermissionsOfflineUser": "",
	 	 	 	 "UserPermissionsAvantgoUser": "",
	 	 	 	 "UserPermissionsCallCenterAutoLogin": "",
	 	 	 	 "UserPermissionsSFContentUser": "",
	 	 	 	 "UserPermissionsKnowledgeUser": "",
	 	 	 	 "UserPermissionsInteractionUser": "",
	 	 	 	 "UserPermissionsSupportUser": "",
	 	 	 	 "ForecastEnabled": "",
	 	 	 	 "UserPreferencesActivityRemindersPopup": "",
	 	 	 	 "UserPreferencesEventRemindersCheckboxDefault": "",
	 	 	 	 "UserPreferencesTaskRemindersCheckboxDefault": "",
	 	 	 	 "UserPreferencesReminderSoundOff": "",
	 	 	 	 "UserPreferencesDisableAllFeedsEmail": "",
	 	 	 	 "UserPreferencesApexPagesDeveloperMode": "",
	 	 	 	 "UserPreferencesReceiveNoNotificationsAsApprover": "",
	 	 	 	 "UserPreferencesReceiveNotificationsAsDelegatedApprover": "",
	 	 	 	 "UserPreferencesHideCSNGetChatterMobileTask": "",
	 	 	 	 "UserPreferencesHideCSNDesktopTask": "",
	 	 	 	 "UserPreferencesHideChatterOnboardingSplash": "",
	 	 	 	 "UserPreferencesHideSecondChatterOnboardingSplash": "",
	 	 	 	 "UserPreferencesShowTitleToExternalUsers": "",
	 	 	 	 "UserPreferencesShowManagerToExternalUsers": "",
	 	 	 	 "UserPreferencesShowEmailToExternalUsers": "",
	 	 	 	 "UserPreferencesShowWorkPhoneToExternalUsers": "",
	 	 	 	 "UserPreferencesShowMobilePhoneToExternalUsers": "",
	 	 	 	 "UserPreferencesShowFaxToExternalUsers": "",
	 	 	 	 "UserPreferencesShowStreetAddressToExternalUsers": "",
	 	 	 	 "UserPreferencesShowCityToExternalUsers": "",
	 	 	 	 "UserPreferencesShowStateToExternalUsers": "",
	 	 	 	 "UserPreferencesShowPostalCodeToExternalUsers": "",
	 	 	 	 "UserPreferencesShowCountryToExternalUsers": "",
	 	 	 	 "UserPreferencesShowProfilePicToGuestUsers": "",
	 	 	 	 "UserPreferencesShowTitleToGuestUsers": "",
	 	 	 	 "UserPreferencesShowCityToGuestUsers": "",
	 	 	 	 "UserPreferencesShowStateToGuestUsers": "",
	 	 	 	 "UserPreferencesShowPostalCodeToGuestUsers": "",
	 	 	 	 "UserPreferencesShowCountryToGuestUsers": "",
	 	 	 	 "UserPreferencesHideInvoicesRedirectConfirmation": "",
	 	 	 	 "UserPreferencesHideStatementsRedirectConfirmation": "",
	 	 	 	 "UserPreferencesHideS1BrowserUI": "",
	 	 	 	 "UserPreferencesPathAssistantCollapsed": "",
	 	 	 	 "UserPreferencesCacheDiagnostics": "",
	 	 	 	 "UserPreferencesShowEmailToGuestUsers": "",
	 	 	 	 "UserPreferencesShowManagerToGuestUsers": "",
	 	 	 	 "UserPreferencesShowWorkPhoneToGuestUsers": "",
	 	 	 	 "UserPreferencesShowMobilePhoneToGuestUsers": "",
	 	 	 	 "UserPreferencesShowFaxToGuestUsers": "",
	 	 	 	 "UserPreferencesShowStreetAddressToGuestUsers": "",
	 	 	 	 "UserPreferencesLightningExperiencePreferred": "",
	 	 	 	 "UserPreferencesLightningConsolePreferred": "",
	 	 	 	 "UserPreferencesHideEndUserOnboardingAssistantModal": "",
	 	 	 	 "UserPreferencesHideLightningMigrationModal": "",
	 	 	 	 "UserPreferencesHideSfxWelcomeMat": "",
	 	 	 	 "UserPreferencesHideBiggerPhotoCallout": "",
	 	 	 	 "UserPreferencesGlobalNavBarWTShown": "",
	 	 	 	 "UserPreferencesGlobalNavGridMenuWTShown": "",
	 	 	 	 "UserPreferencesCreateLEXAppsWTShown": "",
	 	 	 	 "UserPreferencesFavoritesWTShown": "",
	 	 	 	 "UserPreferencesRecordHomeSectionCollapseWTShown": "",
	 	 	 	 "UserPreferencesRecordHomeReservedWTShown": "",
	 	 	 	 "UserPreferencesFavoritesShowTopFavorites": "",
	 	 	 	 "UserPreferencesExcludeMailAppAttachments": "",
	 	 	 	 "UserPreferencesSuppressTaskSFXReminders": "",
	 	 	 	 "UserPreferencesSuppressEventSFXReminders": "",
	 	 	 	 "UserPreferencesPreviewCustomTheme": "",
	 	 	 	 "UserPreferencesHasCelebrationBadge": "",
	 	 	 	 "UserPreferencesUserDebugModePref": "",
	 	 	 	 "UserPreferencesSRHOverrideActivities": "",
	 	 	 	 "UserPreferencesNewLightningReportRunPageEnabled": "",
	 	 	 	 "UserPreferencesHideBrowseProductRedirectConfirmation": "",
	 	 	 	 "UserPreferencesHideOnlineSalesAppWelcomeMat": "",
	 	 	 	 "ContactId": "",
	 	 	 	 "AccountId": "",
	 	 	 	 "CallCenterId": "",
	 	 	 	 "Extension": "",
	 	 	 	 "FederationIdentifier": "",
	 	 	 	 "AboutMe": "",
	 	 	 	 "FullPhotoUrl": "",
	 	 	 	 "SmallPhotoUrl": "",
	 	 	 	 "IsExtIndicatorVisible": "",
	 	 	 	 "OutOfOfficeMessage": "",
	 	 	 	 "MediumPhotoUrl": "",
	 	 	 	 "DigestFrequency": "",
	 	 	 	 "DefaultGroupNotificationFrequency": "",
	 	 	 	 "LastViewedDate": "",
	 	 	 	 "LastReferencedDate": "",
	 	 	 	 "BannerPhotoUrl": "",
	 	 	 	 "SmallBannerPhotoUrl": "",
	 	 	 	 "MediumBannerPhotoUrl": "",
	 	 	 	 "IsProfilePhotoActive": "",
	 	 	 	 "IndividualId": ""
	 	 	 },
	 	 	 "LastLoginDate": "",
	 	 	 "CreatedDate": "",
	 	 	 "CreatedById": "",
	 	 	 "LastModifiedDate": "",
	 	 	 "LastModifiedById": {
	 	 	 	 "Id": "",
	 	 	 	 "Username": "",
	 	 	 	 "LastName": "",
	 	 	 	 "FirstName": "",
	 	 	 	 "MiddleName": "",
	 	 	 	 "Suffix": "",
	 	 	 	 "Name": "",
	 	 	 	 "CompanyName": "",
	 	 	 	 "Division": "",
	 	 	 	 "Department": "",
	 	 	 	 "Title": "",
	 	 	 	 "Street": "",
	 	 	 	 "City": "",
	 	 	 	 "State": "",
	 	 	 	 "PostalCode": "",
	 	 	 	 "Country": "",
	 	 	 	 "Latitude": "",
	 	 	 	 "Longitude": "",
	 	 	 	 "GeocodeAccuracy": "",
	 	 	 	 "Email": "",
	 	 	 	 "EmailPreferencesAutoBcc": "",
	 	 	 	 "EmailPreferencesAutoBccStayInTouch": "",
	 	 	 	 "EmailPreferencesStayInTouchReminder": "",
	 	 	 	 "SenderEmail": "",
	 	 	 	 "SenderName": "",
	 	 	 	 "Signature": "",
	 	 	 	 "StayInTouchSubject": "",
	 	 	 	 "StayInTouchSignature": "",
	 	 	 	 "StayInTouchNote": "",
	 	 	 	 "Phone": "",
	 	 	 	 "Fax": "",
	 	 	 	 "MobilePhone": "",
	 	 	 	 "Alias": "",
	 	 	 	 "CommunityNickname": "",
	 	 	 	 "BadgeText": "",
	 	 	 	 "IsActive": "",
	 	 	 	 "TimeZoneSidKey": "",
	 	 	 	 "UserRoleId": "",
	 	 	 	 "LocaleSidKey": "",
	 	 	 	 "ReceivesInfoEmails": "",
	 	 	 	 "ReceivesAdminInfoEmails": "",
	 	 	 	 "EmailEncodingKey": "",
	 	 	 	 "ProfileId": "",
	 	 	 	 "UserType": "",
	 	 	 	 "LanguageLocaleKey": "",
	 	 	 	 "EmployeeNumber": "",
	 	 	 	 "DelegatedApproverId": "",
	 	 	 	 "ManagerId": "",
	 	 	 	 "LastLoginDate": "",
	 	 	 	 "CreatedDate": "",
	 	 	 	 "CreatedById": "",
	 	 	 	 "LastModifiedDate": "",
	 	 	 	 "LastModifiedById": "",
	 	 	 	 "SystemModstamp": "",
	 	 	 	 "OfflineTrialExpirationDate": "",
	 	 	 	 "OfflinePdaTrialExpirationDate": "",
	 	 	 	 "UserPermissionsMarketingUser": "",
	 	 	 	 "UserPermissionsOfflineUser": "",
	 	 	 	 "UserPermissionsAvantgoUser": "",
	 	 	 	 "UserPermissionsCallCenterAutoLogin": "",
	 	 	 	 "UserPermissionsSFContentUser": "",
	 	 	 	 "UserPermissionsKnowledgeUser": "",
	 	 	 	 "UserPermissionsInteractionUser": "",
	 	 	 	 "UserPermissionsSupportUser": "",
	 	 	 	 "ForecastEnabled": "",
	 	 	 	 "UserPreferencesActivityRemindersPopup": "",
	 	 	 	 "UserPreferencesEventRemindersCheckboxDefault": "",
	 	 	 	 "UserPreferencesTaskRemindersCheckboxDefault": "",
	 	 	 	 "UserPreferencesReminderSoundOff": "",
	 	 	 	 "UserPreferencesDisableAllFeedsEmail": "",
	 	 	 	 "UserPreferencesApexPagesDeveloperMode": "",
	 	 	 	 "UserPreferencesReceiveNoNotificationsAsApprover": "",
	 	 	 	 "UserPreferencesReceiveNotificationsAsDelegatedApprover": "",
	 	 	 	 "UserPreferencesHideCSNGetChatterMobileTask": "",
	 	 	 	 "UserPreferencesHideCSNDesktopTask": "",
	 	 	 	 "UserPreferencesHideChatterOnboardingSplash": "",
	 	 	 	 "UserPreferencesHideSecondChatterOnboardingSplash": "",
	 	 	 	 "UserPreferencesShowTitleToExternalUsers": "",
	 	 	 	 "UserPreferencesShowManagerToExternalUsers": "",
	 	 	 	 "UserPreferencesShowEmailToExternalUsers": "",
	 	 	 	 "UserPreferencesShowWorkPhoneToExternalUsers": "",
	 	 	 	 "UserPreferencesShowMobilePhoneToExternalUsers": "",
	 	 	 	 "UserPreferencesShowFaxToExternalUsers": "",
	 	 	 	 "UserPreferencesShowStreetAddressToExternalUsers": "",
	 	 	 	 "UserPreferencesShowCityToExternalUsers": "",
	 	 	 	 "UserPreferencesShowStateToExternalUsers": "",
	 	 	 	 "UserPreferencesShowPostalCodeToExternalUsers": "",
	 	 	 	 "UserPreferencesShowCountryToExternalUsers": "",
	 	 	 	 "UserPreferencesShowProfilePicToGuestUsers": "",
	 	 	 	 "UserPreferencesShowTitleToGuestUsers": "",
	 	 	 	 "UserPreferencesShowCityToGuestUsers": "",
	 	 	 	 "UserPreferencesShowStateToGuestUsers": "",
	 	 	 	 "UserPreferencesShowPostalCodeToGuestUsers": "",
	 	 	 	 "UserPreferencesShowCountryToGuestUsers": "",
	 	 	 	 "UserPreferencesHideInvoicesRedirectConfirmation": "",
	 	 	 	 "UserPreferencesHideStatementsRedirectConfirmation": "",
	 	 	 	 "UserPreferencesHideS1BrowserUI": "",
	 	 	 	 "UserPreferencesPathAssistantCollapsed": "",
	 	 	 	 "UserPreferencesCacheDiagnostics": "",
	 	 	 	 "UserPreferencesShowEmailToGuestUsers": "",
	 	 	 	 "UserPreferencesShowManagerToGuestUsers": "",
	 	 	 	 "UserPreferencesShowWorkPhoneToGuestUsers": "",
	 	 	 	 "UserPreferencesShowMobilePhoneToGuestUsers": "",
	 	 	 	 "UserPreferencesShowFaxToGuestUsers": "",
	 	 	 	 "UserPreferencesShowStreetAddressToGuestUsers": "",
	 	 	 	 "UserPreferencesLightningExperiencePreferred": "",
	 	 	 	 "UserPreferencesLightningConsolePreferred": "",
	 	 	 	 "UserPreferencesHideEndUserOnboardingAssistantModal": "",
	 	 	 	 "UserPreferencesHideLightningMigrationModal": "",
	 	 	 	 "UserPreferencesHideSfxWelcomeMat": "",
	 	 	 	 "UserPreferencesHideBiggerPhotoCallout": "",
	 	 	 	 "UserPreferencesGlobalNavBarWTShown": "",
	 	 	 	 "UserPreferencesGlobalNavGridMenuWTShown": "",
	 	 	 	 "UserPreferencesCreateLEXAppsWTShown": "",
	 	 	 	 "UserPreferencesFavoritesWTShown": "",
	 	 	 	 "UserPreferencesRecordHomeSectionCollapseWTShown": "",
	 	 	 	 "UserPreferencesRecordHomeReservedWTShown": "",
	 	 	 	 "UserPreferencesFavoritesShowTopFavorites": "",
	 	 	 	 "UserPreferencesExcludeMailAppAttachments": "",
	 	 	 	 "UserPreferencesSuppressTaskSFXReminders": "",
	 	 	 	 "UserPreferencesSuppressEventSFXReminders": "",
	 	 	 	 "UserPreferencesPreviewCustomTheme": "",
	 	 	 	 "UserPreferencesHasCelebrationBadge": "",
	 	 	 	 "UserPreferencesUserDebugModePref": "",
	 	 	 	 "UserPreferencesSRHOverrideActivities": "",
	 	 	 	 "UserPreferencesNewLightningReportRunPageEnabled": "",
	 	 	 	 "UserPreferencesHideBrowseProductRedirectConfirmation": "",
	 	 	 	 "UserPreferencesHideOnlineSalesAppWelcomeMat": "",
	 	 	 	 "ContactId": "",
	 	 	 	 "AccountId": "",
	 	 	 	 "CallCenterId": "",
	 	 	 	 "Extension": "",
	 	 	 	 "FederationIdentifier": "",
	 	 	 	 "AboutMe": "",
	 	 	 	 "FullPhotoUrl": "",
	 	 	 	 "SmallPhotoUrl": "",
	 	 	 	 "IsExtIndicatorVisible": "",
	 	 	 	 "OutOfOfficeMessage": "",
	 	 	 	 "MediumPhotoUrl": "",
	 	 	 	 "DigestFrequency": "",
	 	 	 	 "DefaultGroupNotificationFrequency": "",
	 	 	 	 "LastViewedDate": "",
	 	 	 	 "LastReferencedDate": "",
	 	 	 	 "BannerPhotoUrl": "",
	 	 	 	 "SmallBannerPhotoUrl": "",
	 	 	 	 "MediumBannerPhotoUrl": "",
	 	 	 	 "IsProfilePhotoActive": "",
	 	 	 	 "IndividualId": ""
	 	 	 },
	 	 	 "SystemModstamp": "",
	 	 	 "OfflineTrialExpirationDate": "",
	 	 	 "OfflinePdaTrialExpirationDate": "",
	 	 	 "UserPermissionsMarketingUser": "",
	 	 	 "UserPermissionsOfflineUser": "",
	 	 	 "UserPermissionsAvantgoUser": "",
	 	 	 "UserPermissionsCallCenterAutoLogin": "",
	 	 	 "UserPermissionsSFContentUser": "",
	 	 	 "UserPermissionsKnowledgeUser": "",
	 	 	 "UserPermissionsInteractionUser": "",
	 	 	 "UserPermissionsSupportUser": "",
	 	 	 "ForecastEnabled": "",
	 	 	 "UserPreferencesActivityRemindersPopup": "",
	 	 	 "UserPreferencesEventRemindersCheckboxDefault": "",
	 	 	 "UserPreferencesTaskRemindersCheckboxDefault": "",
	 	 	 "UserPreferencesReminderSoundOff": "",
	 	 	 "UserPreferencesDisableAllFeedsEmail": "",
	 	 	 "UserPreferencesApexPagesDeveloperMode": "",
	 	 	 "UserPreferencesReceiveNoNotificationsAsApprover": "",
	 	 	 "UserPreferencesReceiveNotificationsAsDelegatedApprover": "",
	 	 	 "UserPreferencesHideCSNGetChatterMobileTask": "",
	 	 	 "UserPreferencesHideCSNDesktopTask": "",
	 	 	 "UserPreferencesHideChatterOnboardingSplash": "",
	 	 	 "UserPreferencesHideSecondChatterOnboardingSplash": "",
	 	 	 "UserPreferencesShowTitleToExternalUsers": "",
	 	 	 "UserPreferencesShowManagerToExternalUsers": "",
	 	 	 "UserPreferencesShowEmailToExternalUsers": "",
	 	 	 "UserPreferencesShowWorkPhoneToExternalUsers": "",
	 	 	 "UserPreferencesShowMobilePhoneToExternalUsers": "",
	 	 	 "UserPreferencesShowFaxToExternalUsers": "",
	 	 	 "UserPreferencesShowStreetAddressToExternalUsers": "",
	 	 	 "UserPreferencesShowCityToExternalUsers": "",
	 	 	 "UserPreferencesShowStateToExternalUsers": "",
	 	 	 "UserPreferencesShowPostalCodeToExternalUsers": "",
	 	 	 "UserPreferencesShowCountryToExternalUsers": "",
	 	 	 "UserPreferencesShowProfilePicToGuestUsers": "",
	 	 	 "UserPreferencesShowTitleToGuestUsers": "",
	 	 	 "UserPreferencesShowCityToGuestUsers": "",
	 	 	 "UserPreferencesShowStateToGuestUsers": "",
	 	 	 "UserPreferencesShowPostalCodeToGuestUsers": "",
	 	 	 "UserPreferencesShowCountryToGuestUsers": "",
	 	 	 "UserPreferencesHideInvoicesRedirectConfirmation": "",
	 	 	 "UserPreferencesHideStatementsRedirectConfirmation": "",
	 	 	 "UserPreferencesHideS1BrowserUI": "",
	 	 	 "UserPreferencesPathAssistantCollapsed": "",
	 	 	 "UserPreferencesCacheDiagnostics": "",
	 	 	 "UserPreferencesShowEmailToGuestUsers": "",
	 	 	 "UserPreferencesShowManagerToGuestUsers": "",
	 	 	 "UserPreferencesShowWorkPhoneToGuestUsers": "",
	 	 	 "UserPreferencesShowMobilePhoneToGuestUsers": "",
	 	 	 "UserPreferencesShowFaxToGuestUsers": "",
	 	 	 "UserPreferencesShowStreetAddressToGuestUsers": "",
	 	 	 "UserPreferencesLightningExperiencePreferred": "",
	 	 	 "UserPreferencesLightningConsolePreferred": "",
	 	 	 "UserPreferencesHideEndUserOnboardingAssistantModal": "",
	 	 	 "UserPreferencesHideLightningMigrationModal": "",
	 	 	 "UserPreferencesHideSfxWelcomeMat": "",
	 	 	 "UserPreferencesHideBiggerPhotoCallout": "",
	 	 	 "UserPreferencesGlobalNavBarWTShown": "",
	 	 	 "UserPreferencesGlobalNavGridMenuWTShown": "",
	 	 	 "UserPreferencesCreateLEXAppsWTShown": "",
	 	 	 "UserPreferencesFavoritesWTShown": "",
	 	 	 "UserPreferencesRecordHomeSectionCollapseWTShown": "",
	 	 	 "UserPreferencesRecordHomeReservedWTShown": "",
	 	 	 "UserPreferencesFavoritesShowTopFavorites": "",
	 	 	 "UserPreferencesExcludeMailAppAttachments": "",
	 	 	 "UserPreferencesSuppressTaskSFXReminders": "",
	 	 	 "UserPreferencesSuppressEventSFXReminders": "",
	 	 	 "UserPreferencesPreviewCustomTheme": "",
	 	 	 "UserPreferencesHasCelebrationBadge": "",
	 	 	 "UserPreferencesUserDebugModePref": "",
	 	 	 "UserPreferencesSRHOverrideActivities": "",
	 	 	 "UserPreferencesNewLightningReportRunPageEnabled": "",
	 	 	 "UserPreferencesHideBrowseProductRedirectConfirmation": "",
	 	 	 "UserPreferencesHideOnlineSalesAppWelcomeMat": "",
	 	 	 "ContactId": {
	 	 	 	 "Id": "",
	 	 	 	 "IsDeleted": "",
	 	 	 	 "MasterRecordId": "",
	 	 	 	 "AccountId": "",
	 	 	 	 "IsPersonAccount": "",
	 	 	 	 "LastName": "",
	 	 	 	 "FirstName": "",
	 	 	 	 "Salutation": "",
	 	 	 	 "MiddleName": "",
	 	 	 	 "Suffix": "",
	 	 	 	 "Name": "",
	 	 	 	 "RecordTypeId": "",
	 	 	 	 "OtherStreet": "",
	 	 	 	 "OtherCity": "",
	 	 	 	 "OtherState": "",
	 	 	 	 "OtherPostalCode": "",
	 	 	 	 "OtherCountry": "",
	 	 	 	 "OtherLatitude": "",
	 	 	 	 "OtherLongitude": "",
	 	 	 	 "OtherGeocodeAccuracy": "",
	 	 	 	 "MailingStreet": "",
	 	 	 	 "MailingCity": "",
	 	 	 	 "MailingState": "",
	 	 	 	 "MailingPostalCode": "",
	 	 	 	 "MailingCountry": "",
	 	 	 	 "MailingLatitude": "",
	 	 	 	 "MailingLongitude": "",
	 	 	 	 "MailingGeocodeAccuracy": "",
	 	 	 	 "Phone": "",
	 	 	 	 "Fax": "",
	 	 	 	 "MobilePhone": "",
	 	 	 	 "HomePhone": "",
	 	 	 	 "OtherPhone": "",
	 	 	 	 "AssistantPhone": "",
	 	 	 	 "ReportsToId": "",
	 	 	 	 "Email": "",
	 	 	 	 "Title": "",
	 	 	 	 "Department": "",
	 	 	 	 "AssistantName": "",
	 	 	 	 "LeadSource": "",
	 	 	 	 "Birthdate": "",
	 	 	 	 "Description": "",
	 	 	 	 "OwnerId": "",
	 	 	 	 "HasOptedOutOfEmail": "",
	 	 	 	 "HasOptedOutOfFax": "",
	 	 	 	 "DoNotCall": "",
	 	 	 	 "CreatedDate": "",
	 	 	 	 "CreatedById": "",
	 	 	 	 "LastModifiedDate": "",
	 	 	 	 "LastModifiedById": "",
	 	 	 	 "SystemModstamp": "",
	 	 	 	 "LastActivityDate": "",
	 	 	 	 "LastCURequestDate": "",
	 	 	 	 "LastCUUpdateDate": "",
	 	 	 	 "LastViewedDate": "",
	 	 	 	 "LastReferencedDate": "",
	 	 	 	 "EmailBouncedReason": "",
	 	 	 	 "EmailBouncedDate": "",
	 	 	 	 "IsEmailBounced": "",
	 	 	 	 "PhotoUrl": "",
	 	 	 	 "Jigsaw": "",
	 	 	 	 "JigsawContactId": "",
	 	 	 	 "IndividualId": "",
	 	 	 	 "FinServ__AgeAsText__c": "",
	 	 	 	 "FinServ__Age__c": "",
	 	 	 	 "FinServ__AnnualIncome__c": "",
	 	 	 	 "FinServ__BillingAddress__c": "",
	 	 	 	 "FinServ__Citizenship__c": "",
	 	 	 	 "FinServ__CountryOfResidence__c": "",
	 	 	 	 "FinServ__CreatedFromLead__c": "",
	 	 	 	 "FinServ__CurrentEmployer__c": "",
	 	 	 	 "FinServ__EmployedSince__c": "",
	 	 	 	 "FinServ__Facebook__c": "",
	 	 	 	 "FinServ__Gender__c": "",
	 	 	 	 "FinServ__IndividualId__c": "",
	 	 	 	 "FinServ__IndividualType__c": "",
	 	 	 	 "FinServ__LanguagesSpoken__c": "",
	 	 	 	 "FinServ__LinkedIn__c": "",
	 	 	 	 "FinServ__MailingAddress__c": "",
	 	 	 	 "FinServ__MaritalStatus__c": "",
	 	 	 	 "FinServ__NumberOfDependents__c": "",
	 	 	 	 "FinServ__Occupation__c": "",
	 	 	 	 "FinServ__OtherAddress__c": "",
	 	 	 	 "FinServ__PrimaryAddressIsBilling__c": "",
	 	 	 	 "FinServ__PrimaryAddressIsMailing__c": "",
	 	 	 	 "FinServ__PrimaryAddressIsOther__c": "",
	 	 	 	 "FinServ__PrimaryAddressIsShipping__c": "",
	 	 	 	 "FinServ__ShippingAddress__c": "",
	 	 	 	 "FinServ__SourceSystemId__c": "",
	 	 	 	 "FinServ__TaxBracket__c": "",
	 	 	 	 "FinServ__TaxId__c": "",
	 	 	 	 "FinServ__Twitter__c": "",
	 	 	 	 "FinServ__WeddingAnniversary__c": "",
	 	 	 	 "FinServ__CountryOfBirth__c": "",
	 	 	 	 "FinServ__PreferredName__c": "",
	 	 	 	 "FinServ__PrimaryLanguage__c": "",
	 	 	 	 "FinServ__SecondaryLanguage__c": "",
	 	 	 	 "FinServ__Affiliations__c": "",
	 	 	 	 "FinServ__CommunicationPreferences__c": "",
	 	 	 	 "FinServ__ContactPreference__c": "",
	 	 	 	 "FinServ__CustomerTimezone__c": "",
	 	 	 	 "FinServ__EmailVerified__c": "",
	 	 	 	 "FinServ__FaxVerified__c": "",
	 	 	 	 "FinServ__HomeOwnership__c": "",
	 	 	 	 "FinServ__HomePhoneVerified__c": "",
	 	 	 	 "FinServ__LastFourDigitSSN__c": "",
	 	 	 	 "FinServ__MarketingOptOut__c": "",
	 	 	 	 "FinServ__MobileVerified__c": "",
	 	 	 	 "FinServ__MostUsedChannel__c": "",
	 	 	 	 "FinServ__MotherMaidenName__c": "",
	 	 	 	 "FinServ__NextLifeEvent__c": "",
	 	 	 	 "FinServ__NumberOfChildren__c": "",
	 	 	 	 "FinServ__PrimaryCitizenship__c": "",
	 	 	 	 "FinServ__ReferredByContact__c": "",
	 	 	 	 "FinServ__ReferredByUser__c": "",
	 	 	 	 "FinServ__ReferrerScore__c": "",
	 	 	 	 "FinServ__SecondaryCitizenship__c": "",
	 	 	 	 "AML_Training__c": "",
	 	 	 	 "Age__c": "",
	 	 	 	 "Agent_Level__c": "",
	 	 	 	 "BD_Count__c": "",
	 	 	 	 "BPs__c": "",
	 	 	 	 "CRD__c": "",
	 	 	 	 "Choice_Loyalty_BPs__c": "",
	 	 	 	 "ClientAssist_Enabled__c": "",
	 	 	 	 "ClientAssist_First_Enabled_Date__c": "",
	 	 	 	 "Company_Code__c": "",
	 	 	 	 "Count_of_Active_Producers__c": "",
	 	 	 	 "Count_of_Pending_Producers__c": "",
	 	 	 	 "Count_of_Service_Producers__c": "",
	 	 	 	 "Count_of_Terminated_Producers__c": "",
	 	 	 	 "First_App_Date__c": "",
	 	 	 	 "Gender__c": "",
	 	 	 	 "LO_Agent_Producer__c": "",
	 	 	 	 "LO_Contact__c": "",
	 	 	 	 "LifePro_ID__c": "",
	 	 	 	 "LifePro_Last_Modified_DateTime__c": "",
	 	 	 	 "NPN__c": "",
	 	 	 	 "Name_Format__c": "",
	 	 	 	 "Name_Id__c": "",
	 	 	 	 "Password__c": "",
	 	 	 	 "Preferred_Name__c": "",
	 	 	 	 "Qualifying_Premium_Formula__c": "",
	 	 	 	 "Qualifying_Premium__c": "",
	 	 	 	 "Region__c": "",
	 	 	 	 "SSN__c": "",
	 	 	 	 "Signing_Agent__c": "",
	 	 	 	 "State_New__c": "",
	 	 	 	 "State__c": "",
	 	 	 	 "Status_Producers__c": "",
	 	 	 	 "Suitability__c": "",
	 	 	 	 "Unique_Contact_Id__c": "",
	 	 	 	 "Wants_Copy_of_BIG_Report__c": "",
	 	 	 	 "YTD_Activity_Premium_Rank__c": "",
	 	 	 	 "Is_Record_Created_by_System_User__c": "",
	 	 	 	 "LifePro_Supported_Record__c": ""
	 	 	 },
	 	 	 "AccountId": {
	 	 	 	 "Id": "",
	 	 	 	 "IsDeleted": "",
	 	 	 	 "MasterRecordId": "",
	 	 	 	 "Name": "",
	 	 	 	 "LastName": "",
	 	 	 	 "FirstName": "",
	 	 	 	 "Salutation": "",
	 	 	 	 "MiddleName": "",
	 	 	 	 "Suffix": "",
	 	 	 	 "Type": "",
	 	 	 	 "RecordTypeId": "",
	 	 	 	 "ParentId": "",
	 	 	 	 "BillingStreet": "",
	 	 	 	 "BillingCity": "",
	 	 	 	 "BillingState": "",
	 	 	 	 "BillingPostalCode": "",
	 	 	 	 "BillingCountry": "",
	 	 	 	 "BillingLatitude": "",
	 	 	 	 "BillingLongitude": "",
	 	 	 	 "BillingGeocodeAccuracy": "",
	 	 	 	 "ShippingStreet": "",
	 	 	 	 "ShippingCity": "",
	 	 	 	 "ShippingState": "",
	 	 	 	 "ShippingPostalCode": "",
	 	 	 	 "ShippingCountry": "",
	 	 	 	 "ShippingLatitude": "",
	 	 	 	 "ShippingLongitude": "",
	 	 	 	 "ShippingGeocodeAccuracy": "",
	 	 	 	 "Phone": "",
	 	 	 	 "Fax": "",
	 	 	 	 "AccountNumber": "",
	 	 	 	 "Website": "",
	 	 	 	 "PhotoUrl": "",
	 	 	 	 "Sic": "",
	 	 	 	 "Industry": "",
	 	 	 	 "AnnualRevenue": "",
	 	 	 	 "NumberOfEmployees": "",
	 	 	 	 "Ownership": "",
	 	 	 	 "TickerSymbol": "",
	 	 	 	 "Description": "",
	 	 	 	 "Rating": "",
	 	 	 	 "Site": "",
	 	 	 	 "OwnerId": "",
	 	 	 	 "CreatedDate": "",
	 	 	 	 "CreatedById": "",
	 	 	 	 "LastModifiedDate": "",
	 	 	 	 "LastModifiedById": "",
	 	 	 	 "SystemModstamp": "",
	 	 	 	 "LastActivityDate": "",
	 	 	 	 "LastViewedDate": "",
	 	 	 	 "LastReferencedDate": "",
	 	 	 	 "PersonContactId": "",
	 	 	 	 "IsPersonAccount": "",
	 	 	 	 "PersonMailingStreet": "",
	 	 	 	 "PersonMailingCity": "",
	 	 	 	 "PersonMailingState": "",
	 	 	 	 "PersonMailingPostalCode": "",
	 	 	 	 "PersonMailingCountry": "",
	 	 	 	 "PersonMailingLatitude": "",
	 	 	 	 "PersonMailingLongitude": "",
	 	 	 	 "PersonMailingGeocodeAccuracy": "",
	 	 	 	 "PersonOtherStreet": "",
	 	 	 	 "PersonOtherCity": "",
	 	 	 	 "PersonOtherState": "",
	 	 	 	 "PersonOtherPostalCode": "",
	 	 	 	 "PersonOtherCountry": "",
	 	 	 	 "PersonOtherLatitude": "",
	 	 	 	 "PersonOtherLongitude": "",
	 	 	 	 "PersonOtherGeocodeAccuracy": "",
	 	 	 	 "PersonMobilePhone": "",
	 	 	 	 "PersonHomePhone": "",
	 	 	 	 "PersonOtherPhone": "",
	 	 	 	 "PersonAssistantPhone": "",
	 	 	 	 "PersonEmail": "",
	 	 	 	 "PersonTitle": "",
	 	 	 	 "PersonDepartment": "",
	 	 	 	 "PersonAssistantName": "",
	 	 	 	 "PersonLeadSource": "",
	 	 	 	 "PersonBirthdate": "",
	 	 	 	 "PersonHasOptedOutOfEmail": "",
	 	 	 	 "PersonHasOptedOutOfFax": "",
	 	 	 	 "PersonDoNotCall": "",
	 	 	 	 "PersonLastCURequestDate": "",
	 	 	 	 "PersonLastCUUpdateDate": "",
	 	 	 	 "PersonEmailBouncedReason": "",
	 	 	 	 "PersonEmailBouncedDate": "",
	 	 	 	 "PersonIndividualId": "",
	 	 	 	 "Jigsaw": "",
	 	 	 	 "JigsawCompanyId": "",
	 	 	 	 "AccountSource": "",
	 	 	 	 "SicDesc": "",
	 	 	 	 "FinServ__AUM__c": "",
	 	 	 	 "FinServ__ClientCategory__c": "",
	 	 	 	 "FinServ__FinancialInterests__c": "",
	 	 	 	 "FinServ__IndividualId__c": "",
	 	 	 	 "FinServ__IndividualType__c": "",
	 	 	 	 "FinServ__InvestmentExperience__c": "",
	 	 	 	 "FinServ__InvestmentObjectives__c": "",
	 	 	 	 "FinServ__LastInteraction__c": "",
	 	 	 	 "FinServ__LastReview__c": "",
	 	 	 	 "FinServ__MarketingSegment__c": "",
	 	 	 	 "FinServ__NetWorth__c": "",
	 	 	 	 "FinServ__NextInteraction__c": "",
	 	 	 	 "FinServ__NextReview__c": "",
	 	 	 	 "FinServ__Notes__c": "",
	 	 	 	 "FinServ__PersonalInterests__c": "",
	 	 	 	 "FinServ__PrimaryContact__c": "",
	 	 	 	 "FinServ__ReviewFrequency__c": "",
	 	 	 	 "FinServ__RiskTolerance__c": "",
	 	 	 	 "FinServ__ServiceModel__c": "",
	 	 	 	 "FinServ__SourceSystemId__c": "",
	 	 	 	 "FinServ__Status__c": "",
	 	 	 	 "FinServ__TimeHorizon__c": "",
	 	 	 	 "FinServ__TotalAUMJointOwner__c": "",
	 	 	 	 "FinServ__TotalAUMPrimaryOwner__c": "",
	 	 	 	 "FinServ__TotalBankDepositsJointOwner__c": "",
	 	 	 	 "FinServ__TotalBankDepositsPrimaryOwner__c": "",
	 	 	 	 "FinServ__TotalBankDeposits__c": "",
	 	 	 	 "FinServ__TotalFinAcctsJointOwner__c": "",
	 	 	 	 "FinServ__TotalFinAcctsPrimaryOwner__c": "",
	 	 	 	 "FinServ__TotalFinancialAccounts__c": "",
	 	 	 	 "FinServ__TotalHeldFinAcctsJointOwner__c": "",
	 	 	 	 "FinServ__TotalHeldFinAcctsPrimaryOwner__c": "",
	 	 	 	 "FinServ__TotalInsuranceJointOwner__c": "",
	 	 	 	 "FinServ__TotalInsurancePrimaryOwner__c": "",
	 	 	 	 "FinServ__TotalInsurance__c": "",
	 	 	 	 "FinServ__TotalInvestmentsJointOwner__c": "",
	 	 	 	 "FinServ__TotalInvestmentsPrimaryOwner__c": "",
	 	 	 	 "FinServ__TotalInvestments__c": "",
	 	 	 	 "FinServ__TotalLiabilitiesJointOwner__c": "",
	 	 	 	 "FinServ__TotalLiabilitiesPrimaryOwner__c": "",
	 	 	 	 "FinServ__TotalLiabilities__c": "",
	 	 	 	 "FinServ__TotalNonfinancialAssetsJointOwner__c": "",
	 	 	 	 "FinServ__TotalNonfinancialAssetsPrimaryOwner__c": "",
	 	 	 	 "FinServ__TotalNonfinancialAssets__c": "",
	 	 	 	 "FinServ__WalletShare__c": "",
	 	 	 	 "FinServ__BankNumber__c": "",
	 	 	 	 "FinServ__BorrowingHistory__c": "",
	 	 	 	 "FinServ__BorrowingPriorities__c": "",
	 	 	 	 "FinServ__BranchCode__c": "",
	 	 	 	 "FinServ__BranchName__c": "",
	 	 	 	 "FinServ__ConversionDateTime__c": "",
	 	 	 	 "FinServ__CreditRating__c": "",
	 	 	 	 "FinServ__CreditScore__c": "",
	 	 	 	 "FinServ__CustomerID__c": "",
	 	 	 	 "FinServ__CustomerSegment__c": "",
	 	 	 	 "FinServ__CustomerType__c": "",
	 	 	 	 "FinServ__KYCDate__c": "",
	 	 	 	 "FinServ__KYCStatus__c": "",
	 	 	 	 "FinServ__LastTransactionDateJointOwner__c": "",
	 	 	 	 "FinServ__LastTransactionDatePrimaryOwner__c": "",
	 	 	 	 "FinServ__LastTransactionDate__c": "",
	 	 	 	 "FinServ__LastUsedChannel__c": "",
	 	 	 	 "FinServ__LengthOfRelationship__c": "",
	 	 	 	 "FinServ__LifetimeValue__c": "",
	 	 	 	 "FinServ__ReferredByContact__c": "",
	 	 	 	 "FinServ__ReferredByUser__c": "",
	 	 	 	 "FinServ__RelationshipStartDate__c": "",
	 	 	 	 "FinServ__TotalNumberOfFinAccountsJointOwner__c": "",
	 	 	 	 "FinServ__TotalNumberOfFinAccountsPrimaryOwner__c": "",
	 	 	 	 "FinServ__TotalNumberOfFinAccounts__c": "",
	 	 	 	 "FinServ__TotalOutstandingCreditJointOwner__c": "",
	 	 	 	 "FinServ__TotalOutstandingCreditPrimaryOwner__c": "",
	 	 	 	 "FinServ__TotalOutstandingCredit__c": "",
	 	 	 	 "FinServ__TotalRevenue__c": "",
	 	 	 	 "FinServ__TotalPremium__c": "",
	 	 	 	 "FinServ__ClaimsOnHouseholdPolicies__c": "",
	 	 	 	 "FinServ__HouseholdPolicies__c": "",
	 	 	 	 "FinServ__InsuranceCustomerSince__c": "",
	 	 	 	 "FinServ__TotalClaimAmountPaid__c": "",
	 	 	 	 "FinServ__TotalHouseholdPremiums__c": "",
	 	 	 	 "Agency_DBA__c": "",
	 	 	 	 "Agent_Number_Business__c": "",
	 	 	 	 "Agent_Number__c": "",
	 	 	 	 "Client_Passcode__c": "",
	 	 	 	 "Company_Code__c": "",
	 	 	 	 "Date_of_Birth__c": "",
	 	 	 	 "E_O_Carrier__c": "",
	 	 	 	 "Email__c": "",
	 	 	 	 "Gender__c": "",
	 	 	 	 "Has_Paperless_Setting_Date__c": "",
	 	 	 	 "Is_Deceased__c": "",
	 	 	 	 "Last_Paperless_Setting_Changes__c": "",
	 	 	 	 "Last_Paperless_Setting_Notification_Age__c": "",
	 	 	 	 "Levelized_Commission__c": "",
	 	 	 	 "LifePro_ID__c": "",
	 	 	 	 "LifePro_Last_Modified_DateTime__c": "",
	 	 	 	 "Name_Id__c": "",
	 	 	 	 "Paperless_11_Month_Summary__c": "",
	 	 	 	 "Paperless_Annual_Statement__c": "",
	 	 	 	 "Producer__c": "",
	 	 	 	 "Region__c": "",
	 	 	 	 "Signing_Agent__c": "",
	 	 	 	 "Social_Security_Number__c": "",
	 	 	 	 "States__c": "",
	 	 	 	 "Status_Date__c": "",
	 	 	 	 "Status__c": "",
	 	 	 	 "Suitability__c": "",
	 	 	 	 "TIN__c": "",
	 	 	 	 "Tax_Status__c": "",
	 	 	 	 "Tax_Witholding_Option__c": "",
	 	 	 	 "Unique_Account_Id__c": "",
	 	 	 	 "Number_of_AE_Contracts__c": "",
	 	 	 	 "Number_of_AE_of_NY_Contracts__c": "",
	 	 	 	 "Number_of_EL_Contracts__c": "",
	 	 	 	 "Is_Record_Created_by_System_User__c": "",
	 	 	 	 "Contract_Date__c": "",
	 	 	 	 "Has_Joint_Owner__c": "",
	 	 	 	 "LifePro_Supported_Record__c": "",
	 	 	 	 "FinServ__AgeAsText__pc": "",
	 	 	 	 "FinServ__Age__pc": "",
	 	 	 	 "FinServ__AnnualIncome__pc": "",
	 	 	 	 "FinServ__BillingAddress__pc": "",
	 	 	 	 "FinServ__Citizenship__pc": "",
	 	 	 	 "FinServ__CountryOfResidence__pc": "",
	 	 	 	 "FinServ__CreatedFromLead__pc": "",
	 	 	 	 "FinServ__CurrentEmployer__pc": "",
	 	 	 	 "FinServ__EmployedSince__pc": "",
	 	 	 	 "FinServ__Facebook__pc": "",
	 	 	 	 "FinServ__Gender__pc": "",
	 	 	 	 "FinServ__IndividualId__pc": "",
	 	 	 	 "FinServ__IndividualType__pc": "",
	 	 	 	 "FinServ__LanguagesSpoken__pc": "",
	 	 	 	 "FinServ__LinkedIn__pc": "",
	 	 	 	 "FinServ__MailingAddress__pc": "",
	 	 	 	 "FinServ__MaritalStatus__pc": "",
	 	 	 	 "FinServ__NumberOfDependents__pc": "",
	 	 	 	 "FinServ__Occupation__pc": "",
	 	 	 	 "FinServ__OtherAddress__pc": "",
	 	 	 	 "FinServ__PrimaryAddressIsBilling__pc": "",
	 	 	 	 "FinServ__PrimaryAddressIsMailing__pc": "",
	 	 	 	 "FinServ__PrimaryAddressIsOther__pc": "",
	 	 	 	 "FinServ__PrimaryAddressIsShipping__pc": "",
	 	 	 	 "FinServ__ShippingAddress__pc": "",
	 	 	 	 "FinServ__SourceSystemId__pc": "",
	 	 	 	 "FinServ__TaxBracket__pc": "",
	 	 	 	 "FinServ__TaxId__pc": "",
	 	 	 	 "FinServ__Twitter__pc": "",
	 	 	 	 "FinServ__WeddingAnniversary__pc": "",
	 	 	 	 "FinServ__CountryOfBirth__pc": "",
	 	 	 	 "FinServ__PreferredName__pc": "",
	 	 	 	 "FinServ__PrimaryLanguage__pc": "",
	 	 	 	 "FinServ__SecondaryLanguage__pc": "",
	 	 	 	 "FinServ__Affiliations__pc": "",
	 	 	 	 "FinServ__CommunicationPreferences__pc": "",
	 	 	 	 "FinServ__ContactPreference__pc": "",
	 	 	 	 "FinServ__CustomerTimezone__pc": "",
	 	 	 	 "FinServ__EmailVerified__pc": "",
	 	 	 	 "FinServ__FaxVerified__pc": "",
	 	 	 	 "FinServ__HomeOwnership__pc": "",
	 	 	 	 "FinServ__HomePhoneVerified__pc": "",
	 	 	 	 "FinServ__LastFourDigitSSN__pc": "",
	 	 	 	 "FinServ__MarketingOptOut__pc": "",
	 	 	 	 "FinServ__MobileVerified__pc": "",
	 	 	 	 "FinServ__MostUsedChannel__pc": "",
	 	 	 	 "FinServ__MotherMaidenName__pc": "",
	 	 	 	 "FinServ__NextLifeEvent__pc": "",
	 	 	 	 "FinServ__NumberOfChildren__pc": "",
	 	 	 	 "FinServ__PrimaryCitizenship__pc": "",
	 	 	 	 "FinServ__ReferredByContact__pc": "",
	 	 	 	 "FinServ__ReferredByUser__pc": "",
	 	 	 	 "FinServ__ReferrerScore__pc": "",
	 	 	 	 "FinServ__SecondaryCitizenship__pc": "",
	 	 	 	 "AML_Training__pc": "",
	 	 	 	 "Age__pc": "",
	 	 	 	 "Agent_Level__pc": "",
	 	 	 	 "BD_Count__pc": "",
	 	 	 	 "BPs__pc": "",
	 	 	 	 "CRD__pc": "",
	 	 	 	 "Choice_Loyalty_BPs__pc": "",
	 	 	 	 "ClientAssist_Enabled__pc": "",
	 	 	 	 "ClientAssist_First_Enabled_Date__pc": "",
	 	 	 	 "Company_Code__pc": "",
	 	 	 	 "Count_of_Active_Producers__pc": "",
	 	 	 	 "Count_of_Pending_Producers__pc": "",
	 	 	 	 "Count_of_Service_Producers__pc": "",
	 	 	 	 "Count_of_Terminated_Producers__pc": "",
	 	 	 	 "First_App_Date__pc": "",
	 	 	 	 "Gender__pc": "",
	 	 	 	 "LO_Agent_Producer__pc": "",
	 	 	 	 "LO_Contact__pc": "",
	 	 	 	 "LifePro_ID__pc": "",
	 	 	 	 "LifePro_Last_Modified_DateTime__pc": "",
	 	 	 	 "NPN__pc": "",
	 	 	 	 "Name_Format__pc": "",
	 	 	 	 "Name_Id__pc": "",
	 	 	 	 "Password__pc": "",
	 	 	 	 "Preferred_Name__pc": "",
	 	 	 	 "Qualifying_Premium_Formula__pc": "",
	 	 	 	 "Qualifying_Premium__pc": "",
	 	 	 	 "Region__pc": "",
	 	 	 	 "SSN__pc": "",
	 	 	 	 "Signing_Agent__pc": "",
	 	 	 	 "State_New__pc": "",
	 	 	 	 "State__pc": "",
	 	 	 	 "Status_Producers__pc": "",
	 	 	 	 "Suitability__pc": "",
	 	 	 	 "Unique_Contact_Id__pc": "",
	 	 	 	 "Wants_Copy_of_BIG_Report__pc": "",
	 	 	 	 "YTD_Activity_Premium_Rank__pc": "",
	 	 	 	 "Is_Record_Created_by_System_User__pc": "",
	 	 	 	 "LifePro_Supported_Record__pc": ""
	 	 	 },
	 	 	 "CallCenterId": "",
	 	 	 "Extension": "",
	 	 	 "FederationIdentifier": "",
	 	 	 "AboutMe": "",
	 	 	 "FullPhotoUrl": "",
	 	 	 "SmallPhotoUrl": "",
	 	 	 "IsExtIndicatorVisible": "",
	 	 	 "OutOfOfficeMessage": "",
	 	 	 "MediumPhotoUrl": "",
	 	 	 "DigestFrequency": "",
	 	 	 "DefaultGroupNotificationFrequency": "",
	 	 	 "LastViewedDate": "",
	 	 	 "LastReferencedDate": "",
	 	 	 "BannerPhotoUrl": "",
	 	 	 "SmallBannerPhotoUrl": "",
	 	 	 "MediumBannerPhotoUrl": "",
	 	 	 "IsProfilePhotoActive": "",
	 	 	 "IndividualId": ""
	 	 },
	 	 "EventUuid": "",
	 	 "SalesforceId__c": "",
	 	 "Agent_Number__c": "",
	 	 "Client_Passcode__c": "",
	 	 "Company_Code__c": "",
	 	 "Contract_Date__c": "",
	 	 "Date_of_Birth__c": "",
	 	 "FirstName__c": "",
	 	 "Gender__c": "",
	 	 "Is_Deceased__c": "",
	 	 "LastName__c": "",
	 	 "Last_Modified_DateTime__c": "",
	 	 "MiddleName__c": "",
	 	 "Name_Id__c": "",
	 	 "Name__c": "",
	 	 "Paperless_11_Month_Summary__c": "",
	 	 "Paperless_Annual_Statement__c": "",
	 	 "RecordTypeId__c": "",
	 	 "Region__c": "",
	 	 "Social_Security_Number__c": "",
	 	 "Status_Date__c": "",
	 	 "Status__c": "",
	 	 "Suitability__c": "",
	 	 "TIN__c": "",
	 	 "Tax_Status__c": "",
	 	 "Tax_Witholding_Option__c": "",
	 	 "External_Id__c": "",
	 	 "Version_Id__c": ""
	 }
}</ns1:Data>
            </ns1:SampleData>
         </ns1:sample-data-sets>
      </types1:Entry>
      <types1:GUID>7R7myUhiGw2klMW2XxpsqV</types1:GUID>
      <types1:DisplayName>prcs_AzureServiceBus_MSSQL_Mapping_Account</types1:DisplayName>
   </types1:Item>
   <types1:CurrentServerDateTime>2022-05-17T17:23:11.982Z</types1:CurrentServerDateTime>
</aetgt:getResponse>
