<aetgt:getResponse xmlns:aetgt="http://schemas.active-endpoints.com/appmodules/repository/2010/10/avrepository.xsd"
                   xmlns:types1="http://schemas.active-endpoints.com/appmodules/repository/2010/10/avrepository.xsd">
   <types1:Item>
      <types1:EntryId>21GRvDINciZBpDU-gt-68844647-2021-12-01T17:51:04.986Z::pd.xml</types1:EntryId>
      <types1:Name>prcs_SF_ServiceBus_ContractNote</types1:Name>
      <types1:MimeType>application/xml+process</types1:MimeType>
      <types1:Description>Consumes events from Salesforce platform event Contract_Note_Outbound__e, log into database table, generate outbound payload and write into Azure service bus topic sbt-lp-policy-notes-changed-001</types1:Description>
      <types1:AppliesTo/>
      <types1:Tags>.agent:ucus-infa01</types1:Tags>
      <types1:VersionLabel>1.0</types1:VersionLabel>
      <types1:State>CURRENT</types1:State>
      <types1:ProcessGroup/>
      <types1:CreatedBy>sreenivasa.rao.SAML</types1:CreatedBy>
      <types1:CreationDate>2021-12-01T17:51:05Z</types1:CreationDate>
      <types1:ModifiedBy>sreenivasa.rao.SAML</types1:ModifiedBy>
      <types1:ModificationDate>2022-05-02T20:57:23Z</types1:ModificationDate>
      <types1:PublicationStatus>published</types1:PublicationStatus>
      <types1:PublishedBy>sreenivasa.rao.SAML</types1:PublishedBy>
      <types1:PublicationDate>2022-05-02T21:03:51Z</types1:PublicationDate>
      <types1:PublishedContributionId>project:/spi.prcs_SF_ServiceBus_ContractNote/prcs_SF_ServiceBus_ContractNote.pd.xml</types1:PublishedContributionId>
      <types1:AutosaveExists>false</types1:AutosaveExists>
      <types1:Entry>
         <process xmlns="http://schemas.active-endpoints.com/appmodules/screenflow/2010/10/avosScreenflow.xsd"
                  xmlns:tfm="http://schemas.active-endpoints.com/appmodules/screenflow/2021/04/taskflowModel.xsd"
                  xmlns:list="urn:activevos:spi:list:functions"
                  displayName="prcs_SF_ServiceBus_ContractNote"
                  name="prcs_SF_ServiceBus_ContractNote"
                  overrideAPIName="true">
            <parameterSet xmlns="http://schemas.active-endpoints.com/appmodules/screenflow/2021/04/taskflowModel.xsd"/>
            <appliesTo/>
            <description>Consumes events from Salesforce platform event Contract_Note_Outbound__e, log into database table, generate outbound payload and write into Azure service bus topic sbt-lp-policy-notes-changed-001</description>
            <tags>.agent:ucus-infa01</tags>
            <generator>Informatica Process Designer 11</generator>
            <input>
               <parameter description="" name="event" type="reference">
                  <options>
                     <option name="required">false</option>
                     <option name="referenceTo">appconn-Salesforce-dcx-platformevents-ContractNote:Contract_Note_Outbound__e</option>
                     <option name="isCopy">true</option>
                     <option name="guid">575D9BKIKdJd6HMnGphxma</option>
                  </options>
               </parameter>
            </input>
            <tempFields>
               <field description="" name="tmp_payload_salesforce" type="string">
                  <options>
                     <option name="required">false</option>
                  </options>
               </field>
               <field description="" name="tmp_ServiceBus_Writer" type="xml">
                  <options>
                     <option name="required">false</option>
                  </options>
               </field>
               <field description="" name="tmp_email" type="reference">
                  <options>
                     <option name="referenceTo">appconn-Email-dcx:EmailTaskInput</option>
                     <option name="required">false</option>
                     <option name="isCopy">true</option>
                     <option name="guid">5ejuY3UDquQhvU7ldFK8oG</option>
                  </options>
               </field>
               <field description="" name="tmp_retrycounter_audit" type="int">
                  <options>
                     <option name="required">false</option>
                     <option name="initialvalue">1</option>
                  </options>
               </field>
               <field description="" name="tmp_retryinterval" type="int">
                  <options>
                     <option name="required">false</option>
                     <option name="initialvalue">3</option>
                  </options>
               </field>
               <field description="" name="tmp_reprocesserror" type="string">
                  <options>
                     <option name="required">false</option>
                  </options>
               </field>
               <field description="" name="tmp_email_recepients" type="string">
                  <options>
                     <option name="required">false</option>
                  </options>
               </field>
               <field description="" name="tmp_retrycounter_service_bus" type="int">
                  <options>
                     <option name="required">false</option>
                     <option name="initialvalue">1</option>
                  </options>
               </field>
               <field description="" name="tmp_org_id" type="string">
                  <options>
                     <option name="required">false</option>
                  </options>
               </field>
               <field description="" name="tmp_cai_process_name" type="string">
                  <options>
                     <option name="required">false</option>
                  </options>
               </field>
               <field description="" name="tmp_payload_service_bus" type="string">
                  <options>
                     <option name="required">false</option>
                  </options>
               </field>
               <field description="" name="tmp_Process_Status" type="string">
                  <options>
                     <option name="required">false</option>
                  </options>
               </field>
               <field description="" name="tmp_Error_Message" type="string">
                  <options>
                     <option name="required">false</option>
                  </options>
               </field>
               <field description="" name="tmp_faultCode" type="string">
                  <options>
                     <option name="required">false</option>
                  </options>
               </field>
               <field description="" name="tmp_faultReason" type="string">
                  <options>
                     <option name="required">false</option>
                  </options>
               </field>
               <field description="" name="tmp_faultDesc" type="string">
                  <options>
                     <option name="required">false</option>
                  </options>
               </field>
               <field description="" name="tmpFileContent" type="string">
                  <options>
                     <option name="required">false</option>
                  </options>
               </field>
               <field description="" name="tmp_stepInProcess" type="string">
                  <options>
                     <option name="required">false</option>
                  </options>
               </field>
               <field description="" name="tmp_parmaFile_Region" type="string">
                  <options>
                     <option name="required">false</option>
                  </options>
               </field>
               <field description="" name="tmp_ParamFile_Path" type="string">
                  <options>
                     <option name="required">false</option>
                  </options>
               </field>
               <field description="" name="tmp_ParamFile_Name" type="string">
                  <options>
                     <option name="required">false</option>
                  </options>
               </field>
               <field description="" name="tmp_check_ParamFile_Exists" type="boolean">
                  <options>
                     <option name="defaultvalue">false</option>
                     <option name="boolean_show_as">checkbox</option>
                     <option name="required">false</option>
                  </options>
               </field>
               <field description="" name="tmp_get_ParamFile_Content" type="string">
                  <options>
                     <option name="required">false</option>
                  </options>
               </field>
               <field description="" name="tmp_processTitle" type="string">
                  <options>
                     <option name="required">false</option>
                  </options>
               </field>
            </tempFields>
            <notes/>
            <deployment suspendOnFault="false" tracingLevel="normal">
               <targetLocation>ucus-infa01</targetLocation>
               <event eventSource="appconn-Salesforce-dcx-platformevents-ContractNote:Source-Contract"/>
            </deployment>
            <flow id="a">
               <start id="b">
                  <link id="kugwbbge" targetId="kugwbbgd"/>
               </start>
               <milestone id="kugwbbgd">
                  <title>Milestone_async_response</title>
                  <link id="kvidlkig" targetId="kvi2dvsr"/>
               </milestone>
               <assignment id="kvi2dvsr">
                  <title>Step 1: Assignment to tmp_parmaFile_Region, tmp_ParamFile_Path etc.</title>
                  <operation source="formula" to="temp.tmp_parmaFile_Region">
                     <expression language="XQuery">if(
util:resolveURN('OrgName') eq 'Model'
) then 'InformaticaModel'
else 
if(
util:resolveURN('OrgName') eq 'UAT'
) then 'InformaticaUAT'
else 
if(
util:resolveURN('OrgName') eq 'Prod'
) then 'InformaticaProd'
else 'InvalidPath'
</expression>
                  </operation>
                  <operation source="formula" to="temp.tmp_ParamFile_Path">
                     <expression language="XQuery">fn:concat(
'//ae-file/Data_mngt/', 
$temp.tmp_parmaFile_Region , 
'/infa_shared/EDW_UserParam'
)</expression>
                  </operation>
                  <operation source="constant" to="temp.tmp_ParamFile_Name">DCX_Param.txt</operation>
                  <operation source="formula" to="temp.tmp_check_ParamFile_Exists">
                     <expression language="XQuery">fn:unparsed-text-available(
fn:concat('file:', 
$temp.tmp_ParamFile_Path , 
'/', 
$temp.tmp_ParamFile_Name 
)
)</expression>
                  </operation>
                  <operation source="constant" to="temp.tmp_email_recepients">abdul.mannuru@american-equity.com</operation>
                  <link id="kvi2dy56" targetId="kvi2dy55"/>
               </assignment>
               <assignment id="kw3xj9o1">
                  <title>Assignment to tmp_Process_Status</title>
                  <operation source="formula" to="temp.tmp_Process_Status">
                     <expression language="XQuery">if($temp.tmp_faultCode  eq 'UnInitializeFaultCode') then 'Processed' 
else 'InValid'</expression>
                  </operation>
                  <link id="kw3xj9pz" targetId="kw3xj9pe"/>
               </assignment>
               <container id="kvi2dy55" type="exclusive">
                  <title>tmp_check_ParamFile_Exists?</title>
                  <flow id="kvi2dy59">
                     <assignment id="kvidlmaa">
                        <title>Assignment to tmp_get_ParamFile_Content</title>
                        <operation source="formula" to="temp.tmp_get_ParamFile_Content">
                           <expression language="XQuery">fn:unparsed-text-lines( fn:concat('file:', $temp.tmp_ParamFile_Path  , '/',$temp.tmp_ParamFile_Name  ) )</expression>
                        </operation>
                        <link id="kvidlmab" targetId="kvi2dz49"/>
                     </assignment>
                     <assignment id="kvi2dz49">
                        <title>Step 2: Initialize from Process</title>
                        <operation source="formula" to="temp.tmp_payload_salesforce">
                           <expression language="XQuery">util:toXML($input.event)</expression>
                        </operation>
                        <operation source="formula" to="temp.tmp_processTitle">
                           <expression language="XQuery">ipd:setProcessTitle('prcs_SF_ServiceBus_ContractNote_'||"ReplayId-"|| $input.event[1]/ReplayId)</expression>
                        </operation>
                        <operation source="formula" to="temp.tmp_org_id">
                           <expression language="XQuery">if( util:resolveURN('OrgID') eq '5GCKrsSCD4ShsXcieDCVck' ) then 'MODEL' else if( util:resolveURN('OrgID') eq '8YhB3eZGHS2cAkT3N2wSYM' ) then 'UAT' else if( util:resolveURN('OrgID') eq 'gNTv1eqI7snkvvhxV60JEl' ) then 'PROD' else util:resolveURN('OrgID')</expression>
                        </operation>
                        <operation source="formula" to="temp.tmp_cai_process_name">
                           <expression language="XQuery">'prcs_SF_ServiceBus_ContractNote_'||"ReplayId_"|| $input.event[1]/ReplayId||"_ProcessId_" || util:getProcessId()</expression>
                        </operation>
                        <operation source="constant" to="temp.tmp_faultCode">UnInitializeFaultCode</operation>
                        <operation source="formula" to="temp.tmp_email_recepients">
                           <expression language="XQuery">fn:substring-before( fn:substring-after( $temp.tmp_get_ParamFile_Content , '$email=' ), ' ')</expression>
                        </operation>
                     </assignment>
                     <link id="kvi2dy5a" targetId="kvi2dy55" type="containerLink"/>
                  </flow>
                  <flow id="kvi2dy5c">
                     <assignment id="kvi2dye1">
                        <title>Assignment to Body, Subject etc.</title>
                        <operation source="formula" to="temp.tmp_email[1]/body">
                           <expression language="XQuery">fn:concat( 'CAI Process - ', 'prcs_SF_ServiceBus_ContractNote', ' Failed due to missing Parameter file ', $temp.tmp_ParamFile_Name , '. Place Parameter file under ',$temp.tmp_ParamFile_Path, 'and Re-start Process' )</expression>
                        </operation>
                        <operation source="formula" to="temp.tmp_email[1]/subject">
                           <expression language="XQuery">fn:concat( $temp.tmp_org_id , ': ', 'CAI Process Status: ',  'prcs_SF_ServiceBus_ContractNote - Failure' )</expression>
                        </operation>
                        <operation source="field" to="temp.tmp_email[1]/to">temp.tmp_email_recepients</operation>
                        <operation source="constant" to="temp.tmp_email[1]/contentType">'text/html'</operation>
                        <link id="kvi2dyfe" targetId="kvi2dyfd"/>
                     </assignment>
                     <service id="kvi2dyfd">
                        <title>sendEmailService</title>
                        <serviceName>appconn-Email-dcx:sendEmailService</serviceName>
                        <serviceGUID>5ejuY3UDquQhvU7ldFK8oG</serviceGUID>
                        <serviceInput>
                           <parameter name="emailTaskInput" source="field" updatable="true">temp.tmp_email</parameter>
                        </serviceInput>
                        <link id="kvi2dygt" targetId="kvi2dygs"/>
                     </service>
                     <end id="kvi2dygs">
                        <title>End 2</title>
                     </end>
                  </flow>
                  <link id="kvi2dy58" targetId="kvi2dy59" type="containerLink">
                     <condition source="formula">
                        <function name="true">
                           <arg name="field">{$temp.tmp_check_ParamFile_Exists}</arg>
                        </function>
                     </condition>
                  </link>
                  <link id="kvi2dy5b" targetId="kvi2dy5c" type="containerLink">
                     <condition source="formula">
                        <function name="false">
                           <arg name="field">{$temp.tmp_check_ParamFile_Exists}</arg>
                        </function>
                     </condition>
                  </link>
                  <link id="kvi2dz48" targetId="kv75lqps"/>
               </container>
               <container id="kw3xj9d2" type="exclusive">
                  <title>Step3_Status_Check ?</title>
                  <flow id="kw3xj9d3">
                     <assignment id="kw3yd3x5">
                        <title>Assignment to tmp_payload_service_bus</title>
                        <operation source="formula" to="temp.tmp_payload_service_bus">
                           <expression language="XQuery">let $jsonString:= &lt;root&gt;
  &lt;externalId&gt;{$input.event[1]/External_Id__c} &lt;/externalId&gt;
   &lt;companyCode&gt;{$input.event[1]/Company_Code__c }&lt;/companyCode&gt;
  &lt;contractNumber&gt;{$input.event[1]/Contract_Number__c}&lt;/contractNumber&gt;
  &lt;note&gt;{$input.event[1]/Note__c}&lt;/note&gt;
  &lt;email&gt;{$input.event[1]/User_Email__c}&lt;/email&gt;
&lt;/root&gt;
return util:toJSON($jsonString/*)</expression>
                        </operation>
                        <link id="kw3yd3x6" targetId="kw3xj9d6"/>
                     </assignment>
                     <eventContainer id="kw3xj9d6">
                        <service id="kw3xj9db">
                           <title>Step 4: Write to Azure Service Bus</title>
                           <serviceName>appconn-sc-Azure-ServiceBus-Topic-ContractNote-Api-dcx:Azure_ServiceBus_Topic_Api</serviceName>
                           <serviceGUID>9mYF6GereaHk0jLgIRZN87</serviceGUID>
                           <serviceInput>
                              <parameter name="Body" source="field" updatable="true">temp.tmp_payload_service_bus</parameter>
                              <parameter name="CorrelationGUID" source="formula">
                                 <expression language="XQuery">util:generateUUID()</expression>
                              </parameter>
                           </serviceInput>
                        </service>
                        <flow id="kw3xj9d7">
                           <assignment id="kw3xj9d8">
                              <title>Assignment to tmp_faultCode, tmp_faultDesc etc. 2</title>
                              <operation source="constant" to="temp.tmp_faultCode">UnInitializeFaultCode</operation>
                              <operation source="formula" to="temp.tmp_faultDesc">
                                 <expression language="XQuery">''</expression>
                              </operation>
                              <operation source="formula" to="temp.tmp_faultReason">
                                 <expression language="XQuery">''</expression>
                              </operation>
                              <operation source="formula" to="temp.tmp_stepInProcess">
                                 <expression language="XQuery">''</expression>
                              </operation>
                           </assignment>
                           <link id="kw3xj9e3" targetId="kw3xj9d6" type="containerLink"/>
                        </flow>
                        <flow id="kw3xj9d9">
                           <assignment id="kw3xj9da">
                              <title>Assignment to tmp_faultCode, tmp_faultDesc etc.</title>
                              <operation source="field" to="temp.tmp_faultCode">output.faultInfo-ServiceBusWriter[1]/code</operation>
                              <operation source="field" to="temp.tmp_faultDesc">output.faultInfo-ServiceBusWriter[1]/detail</operation>
                              <operation source="field" to="temp.tmp_faultReason">output.faultInfo-ServiceBusWriter[1]/reason</operation>
                              <operation source="constant" to="temp.tmp_stepInProcess">Step4:WriteToAzureTopic</operation>
                           </assignment>
                           <link id="kw3xj9e4" targetId="kw3xj9d6" type="containerLink"/>
                        </flow>
                        <link id="kw3xj9e0" targetId="kw3xj9d7" type="containerLink"/>
                        <link id="kw3xj9e2" targetId="kw3xj9dc"/>
                        <events>
                           <catch faultField="faultInfo-ServiceBusWriter"
                                  id="kv8ffnos"
                                  interrupting="true">
                              <link id="kw3xj9e1" targetId="kw3xj9d9" type="containerLink"/>
                           </catch>
                        </events>
                     </eventContainer>
                     <container id="kw3xj9dc" type="exclusive">
                        <title>Step6_Status_Check ?</title>
                        <flow id="kw3xj9dd">
                           <link id="kw3xj9e7" targetId="kw3xj9dc" type="containerLink"/>
                        </flow>
                        <flow id="kw3xj9de">
                           <assignment id="kw3xj9df">
                              <title>Assignment to tmp_reprocesserror</title>
                              <operation source="formula" to="temp.tmp_reprocesserror">
                                 <expression language="XQuery">if (fn:contains(fn:lower-case($output.faultInfo-ServiceBusWriter[1]/detail),'internal') or fn:contains(fn:lower-case($output.faultInfo-ServiceBusWriter[1]/Reason),'internal')
or fn:contains($output.faultInfo-ServiceBusWriter[1]/code ,'500'))
then 'true' else 'false'</expression>
                              </operation>
                              <link id="kw3xj9e9" targetId="kw3xj9dg"/>
                           </assignment>
                           <container id="kw3xj9dg" type="exclusive">
                              <title>tmp_reprocesserror</title>
                              <flow id="kw3xj9dh">
                                 <container id="kw3xj9di" type="exclusive">
                                    <title>tmp_retryinterval</title>
                                    <flow id="kw3xj9dj">
                                       <link id="kw3xj9ef" targetId="kw3xj9di" type="containerLink"/>
                                    </flow>
                                    <flow id="kw3xj9dk">
                                       <assignment id="kw3xj9dl">
                                          <title>Assignment to tmp_retrycounter_service_bus</title>
                                          <operation source="formula" to="temp.tmp_retrycounter_service_bus">
                                             <expression language="XQuery">$temp.tmp_retrycounter_service_bus + 1</expression>
                                          </operation>
                                          <link id="kw3xj9eg" targetId="kw3xj9dm"/>
                                       </assignment>
                                       <jumpTo id="kw3xj9dm">
                                          <link id="kw3xj9eh" targetId="kw3xj9d6"/>
                                       </jumpTo>
                                    </flow>
                                    <link id="kw3xj9ed" targetId="kw3xj9dj" type="containerLink">
                                       <condition source="formula">
                                          <function name="less-or-equals">
                                             <arg name="left">{$temp.tmp_retryinterval}</arg>
                                             <arg name="right">{$temp.tmp_retrycounter_service_bus}</arg>
                                          </function>
                                       </condition>
                                    </link>
                                    <link id="kw3xj9ee" targetId="kw3xj9dk" type="containerLink"/>
                                 </container>
                                 <link id="kw3xj9ec" targetId="kw3xj9dg" type="containerLink"/>
                              </flow>
                              <flow id="kw3xj9dn">
                                 <link id="kw3xj9ei" targetId="kw3xj9dg" type="containerLink"/>
                              </flow>
                              <link id="kw3xj9ea" targetId="kw3xj9dh" type="containerLink">
                                 <condition source="formula">
                                    <function name="string-equals">
                                       <arg name="left">{$temp.tmp_reprocesserror}</arg>
                                       <arg name="right"/>
                                    </function>
                                 </condition>
                              </link>
                              <link id="kw3xj9eb" targetId="kw3xj9dn" type="containerLink"/>
                           </container>
                           <link id="kw3xj9e8" targetId="kw3xj9dc" type="containerLink"/>
                        </flow>
                        <link id="kw3xj9e5" targetId="kw3xj9dd" type="containerLink">
                           <condition source="formula">
                              <function name="string-equals">
                                 <arg name="left">{$output.faultInfoServiceBusWriter[1]/code}</arg>
                                 <arg name="right"/>
                              </function>
                           </condition>
                        </link>
                        <link id="kw3xj9e6" targetId="kw3xj9de" type="containerLink"/>
                     </container>
                     <link id="kw3xj9dx" targetId="kw3xj9d2" type="containerLink"/>
                  </flow>
                  <flow id="kw3xj9do">
                     <container id="kw3xj9dp" type="exclusive">
                        <title>tmp_retryinterval</title>
                        <flow id="kw3xj9dq">
                           <link id="kw3xj9em" targetId="kw3xj9dp" type="containerLink"/>
                        </flow>
                        <flow id="kw3xj9dr">
                           <assignment id="kw3xj9ds">
                              <title>Assignment to tmp_retrycounter_audit</title>
                              <operation source="formula" to="temp.tmp_retrycounter_audit">
                                 <expression language="XQuery">$temp.tmp_retrycounter_audit + 1</expression>
                              </operation>
                              <link id="kw3xj9en" targetId="kw3xj9dt"/>
                           </assignment>
                           <wait id="kw3xj9dt">
                              <title>Wait for 30 seconds</title>
                              <duration source="formula">
                                 <function name="duration_expression">
                                    <arg name="value">30</arg>
                                    <arg name="scale">S</arg>
                                    <arg name="businessDays"/>
                                 </function>
                              </duration>
                              <link id="kw3xj9eo" targetId="kw3xj9du"/>
                           </wait>
                           <jumpTo id="kw3xj9du">
                              <link id="kw3xj9ep" targetId="kv75lqps"/>
                           </jumpTo>
                        </flow>
                        <link id="kw3xj9ek" targetId="kw3xj9dq" type="containerLink">
                           <condition source="formula">
                              <function name="less-or-equals">
                                 <arg name="left">{$temp.tmp_retryinterval}</arg>
                                 <arg name="right">{$temp.tmp_retrycounter_audit }</arg>
                              </function>
                           </condition>
                        </link>
                        <link id="kw3xj9el" targetId="kw3xj9dr" type="containerLink"/>
                     </container>
                     <link id="kw3xj9ej" targetId="kw3xj9d2" type="containerLink"/>
                  </flow>
                  <link id="kw3xj9dv" targetId="kw3xj9d3" type="containerLink">
                     <condition source="formula">
                        <function name="string-equals">
                           <arg name="left">{$output.faultInfo_dcx_audit[1]/code}</arg>
                           <arg name="right"/>
                        </function>
                     </condition>
                  </link>
                  <link id="kw3xj9dw" targetId="kw3xj9do" type="containerLink"/>
                  <link id="kw3xj9o2" targetId="kw3xj9o1"/>
               </container>
               <container id="kw3xj9pe" type="exclusive">
                  <title>tmp_Process_Status</title>
                  <flow id="kw3xj9pf">
                     <assignment id="kw3xj9pg">
                        <title>Step 6 - Log Endtime to EventLog table</title>
                        <operation source="formula" to="output.Created Salesforce_Event_Log.End_Time">
                           <expression language="XQuery">fn:current-dateTime()</expression>
                        </operation>
                        <operation source="constant"
                                   to="output.Created Salesforce_Event_Log.Process_Status">Processed</operation>
                     </assignment>
                     <link id="kw3xj9pr" targetId="kw3xj9pe" type="containerLink"/>
                  </flow>
                  <flow id="kw3xj9ph">
                     <assignment id="kw3xj9pi">
                        <title>Step 6 - Log Endtime to EventLog table 1</title>
                        <operation source="formula" to="output.Created Salesforce_Event_Log.End_Time">
                           <expression language="XQuery">fn:current-dateTime()</expression>
                        </operation>
                        <operation source="constant"
                                   to="output.Created Salesforce_Event_Log.Process_Status">Faulted</operation>
                        <link id="kw3xj9pt" targetId="kw3xj9pj"/>
                     </assignment>
                     <assignment id="kw3xj9pj">
                        <title>Assignment to Subject, Body etc.</title>
                        <operation source="formula" to="temp.tmp_email[1]/subject">
                           <expression language="XQuery">fn:concat($temp.tmp_org_id, ': ', $temp.tmp_cai_process_name, '-Failure')</expression>
                        </operation>
                        <operation source="formula" to="temp.tmp_email[1]/body">
                           <expression language="XQuery">if(not($temp.tmp_faultCode  eq 'UnInitializeFaultCode')) then 
fn:concat('Informatica CAI Process - ', $temp.tmp_cai_process_name,'FaultCode:',$temp.tmp_faultCode  ,'FaultDetail:',$temp.tmp_faultDesc ,'FaultReason:',$temp.tmp_faultReason )
else ()</expression>
                        </operation>
                        <operation source="field" to="temp.tmp_email[1]/to">temp.tmp_email_recepients</operation>
                        <operation source="formula" to="temp.tmp_email[1]/contentType">
                           <expression language="XQuery">'text/html'</expression>
                        </operation>
                        <link id="kw565oay" targetId="kw565oap"/>
                     </assignment>
                     <eventContainer id="kw565oap">
                        <service id="kw565oat">
                           <title>sendEmailService</title>
                           <serviceName>appconn-Email-dcx:sendEmailService</serviceName>
                           <serviceGUID>5ejuY3UDquQhvU7ldFK8oG</serviceGUID>
                           <serviceInput>
                              <parameter name="emailTaskInput" source="field" updatable="true">temp.tmp_email</parameter>
                           </serviceInput>
                        </service>
                        <flow id="kw565oaq">
                           <create id="kw565oe0">
                              <title>Salesforce_Error_Log</title>
                              <entityName>appconn-EDW-Audit-dbo-dcx:Salesforce_Error_Log</entityName>
                              <createInput>
                                 <parameter name="Log_Time" source="formula" updatable="true">
                                    <expression language="XQuery">fn:current-dateTime()</expression>
                                 </parameter>
                                 <parameter name="Process_Nm" source="field" updatable="true">temp.tmp_cai_process_name</parameter>
                                 <parameter name="Step_In_Process" source="field" updatable="true">temp.tmp_stepInProcess</parameter>
                                 <parameter name="Fault_Code" source="field" updatable="true">temp.tmp_faultCode</parameter>
                                 <parameter name="Fault_Description" source="field" updatable="true">temp.tmp_faultDesc</parameter>
                                 <parameter name="Fault_Reason" source="field" updatable="true">temp.tmp_faultReason</parameter>
                                 <parameter name="Module_Name" source="constant" updatable="true">DCX</parameter>
                              </createInput>
                           </create>
                           <link id="kw565oaw" targetId="kw565oap" type="containerLink"/>
                        </flow>
                        <flow id="kw565oar">
                           <create id="kw565oas">
                              <title>Salesforce_Error_Log 1</title>
                              <entityName>appconn-EDW-Audit-dbo-dcx:Salesforce_Error_Log</entityName>
                              <createInput>
                                 <parameter name="Log_Time" source="formula" updatable="true">
                                    <expression language="XQuery">fn:current-dateTime()</expression>
                                 </parameter>
                                 <parameter name="Process_Nm" source="field" updatable="true">temp.tmp_cai_process_name</parameter>
                                 <parameter name="Step_In_Process" source="field" updatable="true">temp.tmp_stepInProcess</parameter>
                                 <parameter name="Fault_Code" source="field" updatable="true">temp.tmp_faultCode</parameter>
                                 <parameter name="Fault_Description" source="field" updatable="true">temp.tmp_faultDesc</parameter>
                                 <parameter name="Fault_Reason" source="field" updatable="true">temp.tmp_faultReason</parameter>
                                 <parameter name="Module_Name" source="constant" updatable="true">DCX</parameter>
                              </createInput>
                           </create>
                           <link id="kw565oax" targetId="kw565oap" type="containerLink"/>
                        </flow>
                        <link id="kw565oau" targetId="kw565oaq" type="containerLink"/>
                        <events>
                           <catch faultField="faultInfo" id="kw565o43" interrupting="true">
                              <link id="kw565oav" targetId="kw565oar" type="containerLink"/>
                           </catch>
                        </events>
                     </eventContainer>
                     <link id="kw3xj9ps" targetId="kw3xj9pe" type="containerLink"/>
                  </flow>
                  <link id="kw3xj9pp" targetId="kw3xj9pf" type="containerLink">
                     <condition source="formula">
                        <function name="string-equals">
                           <arg name="left">{$temp.tmp_Process_Status}</arg>
                           <arg name="right">Processed</arg>
                        </function>
                     </condition>
                  </link>
                  <link id="kw3xj9pq" targetId="kw3xj9ph" type="containerLink"/>
                  <link id="kw3xj9s0" targetId="kw3xj9rz"/>
               </container>
               <eventContainer id="kv75lqps">
                  <create id="kv75lqkg">
                     <title>Step 3:Salesforce_Event_Log</title>
                     <entityName>appconn-EDW-Audit-dbo-dcx:Salesforce_Event_Log</entityName>
                     <createInput>
                        <parameter name="sf_Input_Payload" source="field" updatable="true">temp.tmp_payload_salesforce</parameter>
                        <parameter name="Start_Time" source="formula" updatable="true">
                           <expression language="XQuery">fn:current-dateTime()</expression>
                        </parameter>
                        <parameter name="Process_Nm" source="field" updatable="true">temp.tmp_cai_process_name</parameter>
                        <parameter name="Process_Status" source="constant" updatable="true">InProgress</parameter>
                        <parameter name="Module_Name" source="constant" updatable="true">DCX</parameter>
                     </createInput>
                  </create>
                  <flow id="kv75lqpu">
                     <assignment id="kvb5ynf4">
                        <title>Assignment to tmp_faultCode, tmp_faultDesc etc. 1</title>
                        <operation source="constant" to="temp.tmp_faultCode">UnInitializeFaultCode</operation>
                        <operation source="formula" to="temp.tmp_faultDesc">
                           <expression language="XQuery">''</expression>
                        </operation>
                        <operation source="formula" to="temp.tmp_faultReason">
                           <expression language="XQuery">''</expression>
                        </operation>
                        <operation source="formula" to="temp.tmp_stepInProcess">
                           <expression language="XQuery">''</expression>
                        </operation>
                     </assignment>
                     <link id="kv75lqpv" targetId="kv75lqps" type="containerLink"/>
                  </flow>
                  <flow id="kv75lqpx">
                     <assignment id="kv8ffp6j">
                        <title>Assignment to tmp_faultCode, tmp_faultDesc etc.</title>
                        <operation source="field" to="temp.tmp_faultCode">output.faultInfo_dcx_audit[1]/code</operation>
                        <operation source="field" to="temp.tmp_faultDesc">output.faultInfo_dcx_audit[1]/detail</operation>
                        <operation source="field" to="temp.tmp_faultReason">output.faultInfo_dcx_audit[1]/reason</operation>
                        <operation source="constant" to="temp.tmp_stepInProcess">Step3-EventLog</operation>
                     </assignment>
                     <link id="kv75lqpy" targetId="kv75lqps" type="containerLink"/>
                  </flow>
                  <link id="kv75lqpt" targetId="kv75lqpu" type="containerLink"/>
                  <link id="kw3xj9eq" targetId="kw3xj9d2"/>
                  <events>
                     <catch faultField="faultInfo_dcx_audit" id="kv75lqpn" interrupting="true">
                        <link id="kv75lqpw" targetId="kv75lqpx" type="containerLink"/>
                     </catch>
                  </events>
               </eventContainer>
               <end id="kw3xj9rz">
                  <title>End 1</title>
               </end>
            </flow>
         </process>
         <ns1:sample-data-sets xmlns:ns1="http://schemas.active-endpoints.com/appmodules/repository/2010/10/sampleData.xsd">
            <ns1:SampleData>
               <ns1:Id>3ac0089e-8f7d-45c0-9f35-c425a95f5dbc</ns1:Id>
               <ns1:Name>1</ns1:Name>
               <ns1:CreatedBy>sreenivasa.rao.SAML</ns1:CreatedBy>
               <ns1:CreationDate>2021-12-01T17:51:05Z</ns1:CreationDate>
               <ns1:ModifiedBy>sreenivasa.rao.SAML</ns1:ModifiedBy>
               <ns1:ModifiedDate>2021-12-01T17:51:05Z</ns1:ModifiedDate>
               <ns1:Data format="json">{
	 "event": {
	 	 "ReplayId": "",
	 	 "CreatedDate": "",
	 	 "CreatedById": {
	 	 	 "Id": "",
	 	 	 "Username": "",
	 	 	 "LastName": "",
	 	 	 "FirstName": "",
	 	 	 "MiddleName": "",
	 	 	 "Suffix": "",
	 	 	 "Name": "",
	 	 	 "CompanyName": "",
	 	 	 "Division": "",
	 	 	 "Department": "",
	 	 	 "Title": "",
	 	 	 "Street": "",
	 	 	 "City": "",
	 	 	 "State": "",
	 	 	 "PostalCode": "",
	 	 	 "Country": "",
	 	 	 "Latitude": "",
	 	 	 "Longitude": "",
	 	 	 "GeocodeAccuracy": "",
	 	 	 "Email": "",
	 	 	 "EmailPreferencesAutoBcc": "",
	 	 	 "EmailPreferencesAutoBccStayInTouch": "",
	 	 	 "EmailPreferencesStayInTouchReminder": "",
	 	 	 "SenderEmail": "",
	 	 	 "SenderName": "",
	 	 	 "Signature": "",
	 	 	 "StayInTouchSubject": "",
	 	 	 "StayInTouchSignature": "",
	 	 	 "StayInTouchNote": "",
	 	 	 "Phone": "",
	 	 	 "Fax": "",
	 	 	 "MobilePhone": "",
	 	 	 "Alias": "",
	 	 	 "CommunityNickname": "",
	 	 	 "BadgeText": "",
	 	 	 "IsActive": "",
	 	 	 "TimeZoneSidKey": "",
	 	 	 "UserRoleId": {
	 	 	 	 "Id": "",
	 	 	 	 "Name": "",
	 	 	 	 "ParentRoleId": "",
	 	 	 	 "RollupDescription": "",
	 	 	 	 "OpportunityAccessForAccountOwner": "",
	 	 	 	 "CaseAccessForAccountOwner": "",
	 	 	 	 "ContactAccessForAccountOwner": "",
	 	 	 	 "ForecastUserId": "",
	 	 	 	 "MayForecastManagerShare": "",
	 	 	 	 "LastModifiedDate": "",
	 	 	 	 "LastModifiedById": "",
	 	 	 	 "SystemModstamp": "",
	 	 	 	 "DeveloperName": "",
	 	 	 	 "PortalAccountId": "",
	 	 	 	 "PortalType": "",
	 	 	 	 "PortalAccountOwnerId": ""
	 	 	 },
	 	 	 "LocaleSidKey": "",
	 	 	 "ReceivesInfoEmails": "",
	 	 	 "ReceivesAdminInfoEmails": "",
	 	 	 "EmailEncodingKey": "",
	 	 	 "ProfileId": {
	 	 	 	 "Id": "",
	 	 	 	 "Name": "",
	 	 	 	 "PermissionsEmailSingle": "",
	 	 	 	 "PermissionsEmailMass": "",
	 	 	 	 "PermissionsEditTask": "",
	 	 	 	 "PermissionsEditEvent": "",
	 	 	 	 "PermissionsExportReport": "",
	 	 	 	 "PermissionsImportPersonal": "",
	 	 	 	 "PermissionsDataExport": "",
	 	 	 	 "PermissionsManageUsers": "",
	 	 	 	 "PermissionsEditPublicFilters": "",
	 	 	 	 "PermissionsEditPublicTemplates": "",
	 	 	 	 "PermissionsModifyAllData": "",
	 	 	 	 "PermissionsManageCases": "",
	 	 	 	 "PermissionsMassInlineEdit": "",
	 	 	 	 "PermissionsEditKnowledge": "",
	 	 	 	 "PermissionsManageKnowledge": "",
	 	 	 	 "PermissionsManageSolutions": "",
	 	 	 	 "PermissionsCustomizeApplication": "",
	 	 	 	 "PermissionsEditReadonlyFields": "",
	 	 	 	 "PermissionsRunReports": "",
	 	 	 	 "PermissionsViewSetup": "",
	 	 	 	 "PermissionsTransferAnyEntity": "",
	 	 	 	 "PermissionsNewReportBuilder": "",
	 	 	 	 "PermissionsActivateContract": "",
	 	 	 	 "PermissionsActivateOrder": "",
	 	 	 	 "PermissionsImportLeads": "",
	 	 	 	 "PermissionsManageLeads": "",
	 	 	 	 "PermissionsTransferAnyLead": "",
	 	 	 	 "PermissionsViewAllData": "",
	 	 	 	 "PermissionsEditPublicDocuments": "",
	 	 	 	 "PermissionsViewEncryptedData": "",
	 	 	 	 "PermissionsEditBrandTemplates": "",
	 	 	 	 "PermissionsEditHtmlTemplates": "",
	 	 	 	 "PermissionsManageEncryptionKeys": "",
	 	 	 	 "PermissionsDeleteActivatedContract": "",
	 	 	 	 "PermissionsSendSitRequests": "",
	 	 	 	 "PermissionsOverrideForecasts": "",
	 	 	 	 "PermissionsViewAllForecasts": "",
	 	 	 	 "PermissionsApiUserOnly": "",
	 	 	 	 "PermissionsManageRemoteAccess": "",
	 	 	 	 "PermissionsCanUseNewDashboardBuilder": "",
	 	 	 	 "PermissionsManageCategories": "",
	 	 	 	 "PermissionsConvertLeads": "",
	 	 	 	 "PermissionsPasswordNeverExpires": "",
	 	 	 	 "PermissionsUseTeamReassignWizards": "",
	 	 	 	 "PermissionsEditActivatedOrders": "",
	 	 	 	 "PermissionsInstallMultiforce": "",
	 	 	 	 "PermissionsPublishMultiforce": "",
	 	 	 	 "PermissionsEditOppLineItemUnitPrice": "",
	 	 	 	 "PermissionsCreateMultiforce": "",
	 	 	 	 "PermissionsBulkApiHardDelete": "",
	 	 	 	 "PermissionsInboundMigrationToolsUser": "",
	 	 	 	 "PermissionsSolutionImport": "",
	 	 	 	 "PermissionsManageCallCenters": "",
	 	 	 	 "PermissionsManageSynonyms": "",
	 	 	 	 "PermissionsOutboundMigrationToolsUser": "",
	 	 	 	 "PermissionsViewContent": "",
	 	 	 	 "PermissionsManageEmailClientConfig": "",
	 	 	 	 "PermissionsEnableNotifications": "",
	 	 	 	 "PermissionsManageDataIntegrations": "",
	 	 	 	 "PermissionsDistributeFromPersWksp": "",
	 	 	 	 "PermissionsViewDataCategories": "",
	 	 	 	 "PermissionsManageDataCategories": "",
	 	 	 	 "PermissionsAuthorApex": "",
	 	 	 	 "PermissionsManageMobile": "",
	 	 	 	 "PermissionsApiEnabled": "",
	 	 	 	 "PermissionsManageCustomReportTypes": "",
	 	 	 	 "PermissionsEditCaseComments": "",
	 	 	 	 "PermissionsTransferAnyCase": "",
	 	 	 	 "PermissionsContentAdministrator": "",
	 	 	 	 "PermissionsCreateWorkspaces": "",
	 	 	 	 "PermissionsManageContentPermissions": "",
	 	 	 	 "PermissionsManageContentProperties": "",
	 	 	 	 "PermissionsManageContentTypes": "",
	 	 	 	 "PermissionsScheduleJob": "",
	 	 	 	 "PermissionsManageExchangeConfig": "",
	 	 	 	 "PermissionsManageAnalyticSnapshots": "",
	 	 	 	 "PermissionsScheduleReports": "",
	 	 	 	 "PermissionsManageBusinessHourHolidays": "",
	 	 	 	 "PermissionsManageEntitlements": "",
	 	 	 	 "PermissionsManageDynamicDashboards": "",
	 	 	 	 "PermissionsCustomSidebarOnAllPages": "",
	 	 	 	 "PermissionsManageInteraction": "",
	 	 	 	 "PermissionsViewMyTeamsDashboards": "",
	 	 	 	 "PermissionsResetPasswords": "",
	 	 	 	 "PermissionsFlowUFLRequired": "",
	 	 	 	 "PermissionsActivitiesAccess": "",
	 	 	 	 "PermissionsManageKnowledgeImportExport": "",
	 	 	 	 "PermissionsEmailTemplateManagement": "",
	 	 	 	 "PermissionsEmailAdministration": "",
	 	 	 	 "PermissionsAllowEmailIC": "",
	 	 	 	 "PermissionsChatterFileLink": "",
	 	 	 	 "PermissionsForceTwoFactor": "",
	 	 	 	 "PermissionsViewEventLogFiles": "",
	 	 	 	 "PermissionsManageNetworks": "",
	 	 	 	 "PermissionsManageAuthProviders": "",
	 	 	 	 "PermissionsRunFlow": "",
	 	 	 	 "PermissionsManageQuotas": "",
	 	 	 	 "PermissionsCreateCustomizeDashboards": "",
	 	 	 	 "PermissionsCreateDashboardFolders": "",
	 	 	 	 "PermissionsViewPublicDashboards": "",
	 	 	 	 "PermissionsManageDashbdsInPubFolders": "",
	 	 	 	 "PermissionsCreateCustomizeReports": "",
	 	 	 	 "PermissionsCreateReportFolders": "",
	 	 	 	 "PermissionsViewPublicReports": "",
	 	 	 	 "PermissionsManageReportsInPubFolders": "",
	 	 	 	 "PermissionsEditMyDashboards": "",
	 	 	 	 "PermissionsEditMyReports": "",
	 	 	 	 "PermissionsViewAllUsers": "",
	 	 	 	 "PermissionsAllowUniversalSearch": "",
	 	 	 	 "PermissionsConnectOrgToEnvironmentHub": "",
	 	 	 	 "PermissionsCreateCustomizeFilters": "",
	 	 	 	 "PermissionsContentHubUser": "",
	 	 	 	 "PermissionsGovernNetworks": "",
	 	 	 	 "PermissionsSalesConsole": "",
	 	 	 	 "PermissionsTwoFactorApi": "",
	 	 	 	 "PermissionsDeleteTopics": "",
	 	 	 	 "PermissionsEditTopics": "",
	 	 	 	 "PermissionsCreateTopics": "",
	 	 	 	 "PermissionsAssignTopics": "",
	 	 	 	 "PermissionsIdentityEnabled": "",
	 	 	 	 "PermissionsIdentityConnect": "",
	 	 	 	 "PermissionsAllowViewKnowledge": "",
	 	 	 	 "PermissionsContentWorkspaces": "",
	 	 	 	 "PermissionsCreateWorkBadgeDefinition": "",
	 	 	 	 "PermissionsManageSearchPromotionRules": "",
	 	 	 	 "PermissionsCustomMobileAppsAccess": "",
	 	 	 	 "PermissionsViewHelpLink": "",
	 	 	 	 "PermissionsManageProfilesPermissionsets": "",
	 	 	 	 "PermissionsAssignPermissionSets": "",
	 	 	 	 "PermissionsManageRoles": "",
	 	 	 	 "PermissionsManageIpAddresses": "",
	 	 	 	 "PermissionsManageSharing": "",
	 	 	 	 "PermissionsManageInternalUsers": "",
	 	 	 	 "PermissionsManagePasswordPolicies": "",
	 	 	 	 "PermissionsManageLoginAccessPolicies": "",
	 	 	 	 "PermissionsViewPlatformEvents": "",
	 	 	 	 "PermissionsManageCustomPermissions": "",
	 	 	 	 "PermissionsStdAutomaticActivityCapture": "",
	 	 	 	 "PermissionsInsightsAppDashboardEditor": "",
	 	 	 	 "PermissionsManageTwoFactor": "",
	 	 	 	 "PermissionsInsightsAppUser": "",
	 	 	 	 "PermissionsInsightsAppAdmin": "",
	 	 	 	 "PermissionsInsightsAppEltEditor": "",
	 	 	 	 "PermissionsInsightsAppUploadUser": "",
	 	 	 	 "PermissionsInsightsCreateApplication": "",
	 	 	 	 "PermissionsDebugApex": "",
	 	 	 	 "PermissionsLightningExperienceUser": "",
	 	 	 	 "PermissionsViewDataLeakageEvents": "",
	 	 	 	 "PermissionsConfigCustomRecs": "",
	 	 	 	 "PermissionsSubmitMacrosAllowed": "",
	 	 	 	 "PermissionsBulkMacrosAllowed": "",
	 	 	 	 "PermissionsShareInternalArticles": "",
	 	 	 	 "PermissionsManageSessionPermissionSets": "",
	 	 	 	 "PermissionsManageTemplatedApp": "",
	 	 	 	 "PermissionsUseTemplatedApp": "",
	 	 	 	 "PermissionsAdminAnalyticsUser": "",
	 	 	 	 "PermissionsWaveTabularDownload": "",
	 	 	 	 "PermissionsAutomaticActivityCapture": "",
	 	 	 	 "PermissionsImportCustomObjects": "",
	 	 	 	 "PermissionsDelegatedTwoFactor": "",
	 	 	 	 "PermissionsSelectFilesFromSalesforce": "",
	 	 	 	 "PermissionsModerateNetworkUsers": "",
	 	 	 	 "PermissionsMergeTopics": "",
	 	 	 	 "PermissionsSubscribeToLightningReports": "",
	 	 	 	 "PermissionsManagePvtRptsAndDashbds": "",
	 	 	 	 "PermissionsCampaignInfluence2": "",
	 	 	 	 "PermissionsViewDataAssessment": "",
	 	 	 	 "PermissionsCanApproveFeedPost": "",
	 	 	 	 "PermissionsAllowViewEditConvertedLeads": "",
	 	 	 	 "PermissionsSocialInsightsLogoAdmin": "",
	 	 	 	 "PermissionsShowCompanyNameAsUserBadge": "",
	 	 	 	 "PermissionsAccessCMC": "",
	 	 	 	 "PermissionsViewHealthCheck": "",
	 	 	 	 "PermissionsManageHealthCheck": "",
	 	 	 	 "PermissionsPackaging2": "",
	 	 	 	 "PermissionsManageCertificates": "",
	 	 	 	 "PermissionsCreateReportInLightning": "",
	 	 	 	 "PermissionsPreventClassicExperience": "",
	 	 	 	 "PermissionsListEmailSend": "",
	 	 	 	 "PermissionsChangeDashboardColors": "",
	 	 	 	 "PermissionsManageRecommendationStrategies": "",
	 	 	 	 "PermissionsManagePropositions": "",
	 	 	 	 "PermissionsSubscribeReportRolesGrps": "",
	 	 	 	 "PermissionsSubscribeDashboardRolesGrps": "",
	 	 	 	 "PermissionsUseWebLink": "",
	 	 	 	 "PermissionsHasUnlimitedNBAExecutions": "",
	 	 	 	 "PermissionsViewOnlyEmbeddedAppUser": "",
	 	 	 	 "PermissionsViewAllActivities": "",
	 	 	 	 "PermissionsSubscribeReportToOtherUsers": "",
	 	 	 	 "PermissionsLightningConsoleAllowedForUser": "",
	 	 	 	 "PermissionsSubscribeReportsRunAsUser": "",
	 	 	 	 "PermissionsSubscribeToLightningDashboards": "",
	 	 	 	 "PermissionsSubscribeDashboardToOtherUsers": "",
	 	 	 	 "PermissionsInstallAnalyticsTemplatedApp": "",
	 	 	 	 "PermissionsCreateLtngTempInPub": "",
	 	 	 	 "PermissionsTransactionalEmailSend": "",
	 	 	 	 "PermissionsViewPrivateStaticResources": "",
	 	 	 	 "PermissionsCreateLtngTempFolder": "",
	 	 	 	 "PermissionsApexRestServices": "",
	 	 	 	 "PermissionsEnableCommunityAppLauncher": "",
	 	 	 	 "PermissionsActionPlansUserAccess": "",
	 	 	 	 "PermissionsGiveRecognitionBadge": "",
	 	 	 	 "PermissionsUseMySearch": "",
	 	 	 	 "PermissionsLtngPromoReserved01UserPerm": "",
	 	 	 	 "PermissionsManageSubscriptions": "",
	 	 	 	 "PermissionsWaveManagePrivateAssetsUser": "",
	 	 	 	 "PermissionsFSCInsurancePlatformUser": "",
	 	 	 	 "PermissionsCanEditDataPrepRecipe": "",
	 	 	 	 "PermissionsAddAnalyticsRemoteConnections": "",
	 	 	 	 "PermissionsManageSurveys": "",
	 	 	 	 "PermissionsUseAssistantDialog": "",
	 	 	 	 "PermissionsUseQuerySuggestions": "",
	 	 	 	 "PermissionsRecordVisibilityAPI": "",
	 	 	 	 "PermissionsViewRoles": "",
	 	 	 	 "PermissionsCanManageMaps": "",
	 	 	 	 "PermissionsLMOutboundMessagingUserPerm": "",
	 	 	 	 "PermissionsModifyDataClassification": "",
	 	 	 	 "PermissionsPrivacyDataAccess": "",
	 	 	 	 "PermissionsQueryAllFiles": "",
	 	 	 	 "PermissionsModifyMetadata": "",
	 	 	 	 "PermissionsManageCMS": "",
	 	 	 	 "PermissionsSandboxTestingInCommunityApp": "",
	 	 	 	 "PermissionsCanEditPrompts": "",
	 	 	 	 "PermissionsViewUserPII": "",
	 	 	 	 "PermissionsManageHubConnections": "",
	 	 	 	 "PermissionsIndustryMilestonePlatformUser": "",
	 	 	 	 "PermissionsFSCInsuranceCmpLexOnlyAccess": "",
	 	 	 	 "PermissionsFSCInsuranceCmpCmtyAccess": "",
	 	 	 	 "PermissionsB2BMarketingAnalyticsUser": "",
	 	 	 	 "PermissionsTraceXdsQueries": "",
	 	 	 	 "PermissionsViewAllCustomSettings": "",
	 	 	 	 "PermissionsViewAllForeignKeyNames": "",
	 	 	 	 "PermissionsAddWaveNotificationRecipients": "",
	 	 	 	 "PermissionsHeadlessCMSAccess": "",
	 	 	 	 "PermissionsLMEndMessagingSessionUserPerm": "",
	 	 	 	 "PermissionsConsentApiUpdate": "",
	 	 	 	 "PermissionsAccessContentBuilder": "",
	 	 	 	 "PermissionsUseCompliantDataSharing": "",
	 	 	 	 "PermissionsAccountSwitcherUser": "",
	 	 	 	 "PermissionsViewAnomalyEvents": "",
	 	 	 	 "PermissionsManageC360AConnections": "",
	 	 	 	 "PermissionsManageReleaseUpdates": "",
	 	 	 	 "PermissionsViewAllProfiles": "",
	 	 	 	 "PermissionsSkipIdentityConfirmation": "",
	 	 	 	 "PermissionsConfigCompliantDataSharing": "",
	 	 	 	 "PermissionsFSCInsPolicyAdminPlatformUser": "",
	 	 	 	 "PermissionsFSCInsClaimMgmtPlatformUser": "",
	 	 	 	 "PermissionsSendCustomNotifications": "",
	 	 	 	 "PermissionsInteractionSummaryUser": "",
	 	 	 	 "PermissionsInteractionSummaryCompUser": "",
	 	 	 	 "PermissionsPackaging2Delete": "",
	 	 	 	 "PermissionsMortgageUserAccess": "",
	 	 	 	 "PermissionsDocumentChecklistUserAccess": "",
	 	 	 	 "PermissionsFSCComprehensiveUserAccess": "",
	 	 	 	 "PermissionsFinancialServices2UserAccess": "",
	 	 	 	 "PermissionsBranchManagementUserAccess": "",
	 	 	 	 "PermissionsAssociationEngineUserAccess": "",
	 	 	 	 "PermissionsSonicConsumer": "",
	 	 	 	 "PermissionsBotManageBots": "",
	 	 	 	 "PermissionsBotManageBotsTrainingData": "",
	 	 	 	 "PermissionsOmniStudioRuntime": "",
	 	 	 	 "PermissionsOmniStudioDesigner": "",
	 	 	 	 "PermissionsOmniStudioRuntimeCC": "",
	 	 	 	 "PermissionsManageTrustMeasures": "",
	 	 	 	 "PermissionsViewTrustMeasures": "",
	 	 	 	 "PermissionsVideoConferenceZoomUser": "",
	 	 	 	 "PermissionsIsotopeCToCUser": "",
	 	 	 	 "PermissionsSalesforceMeetingsUserPerm": "",
	 	 	 	 "PermissionsIsotopeAccess": "",
	 	 	 	 "PermissionsIsotopeLEX": "",
	 	 	 	 "PermissionsQuipMetricsAccess": "",
	 	 	 	 "PermissionsQuipUserEngagementMetrics": "",
	 	 	 	 "PermissionsFSCDealMgmtPlatformUser": "",
	 	 	 	 "PermissionsManageExternalConnections": "",
	 	 	 	 "PermissionsUseSubscriptionEmails": "",
	 	 	 	 "PermissionsAIViewInsightObjects": "",
	 	 	 	 "PermissionsAICreateInsightObjects": "",
	 	 	 	 "PermissionsManageDataProcessingEngine": "",
	 	 	 	 "PermissionsDocGenDesigner": "",
	 	 	 	 "PermissionsDocGenRuntimeUser": "",
	 	 	 	 "PermissionsDocGenRuntimeCCUser": "",
	 	 	 	 "PermissionsNativeWebviewScrolling": "",
	 	 	 	 "UserLicenseId": "",
	 	 	 	 "UserType": "",
	 	 	 	 "CreatedDate": "",
	 	 	 	 "CreatedById": "",
	 	 	 	 "LastModifiedDate": "",
	 	 	 	 "LastModifiedById": "",
	 	 	 	 "SystemModstamp": "",
	 	 	 	 "Description": "",
	 	 	 	 "LastViewedDate": "",
	 	 	 	 "LastReferencedDate": ""
	 	 	 },
	 	 	 "UserType": "",
	 	 	 "LanguageLocaleKey": "",
	 	 	 "EmployeeNumber": "",
	 	 	 "DelegatedApproverId": "",
	 	 	 "ManagerId": {
	 	 	 	 "Id": "",
	 	 	 	 "Username": "",
	 	 	 	 "LastName": "",
	 	 	 	 "FirstName": "",
	 	 	 	 "MiddleName": "",
	 	 	 	 "Suffix": "",
	 	 	 	 "Name": "",
	 	 	 	 "CompanyName": "",
	 	 	 	 "Division": "",
	 	 	 	 "Department": "",
	 	 	 	 "Title": "",
	 	 	 	 "Street": "",
	 	 	 	 "City": "",
	 	 	 	 "State": "",
	 	 	 	 "PostalCode": "",
	 	 	 	 "Country": "",
	 	 	 	 "Latitude": "",
	 	 	 	 "Longitude": "",
	 	 	 	 "GeocodeAccuracy": "",
	 	 	 	 "Email": "",
	 	 	 	 "EmailPreferencesAutoBcc": "",
	 	 	 	 "EmailPreferencesAutoBccStayInTouch": "",
	 	 	 	 "EmailPreferencesStayInTouchReminder": "",
	 	 	 	 "SenderEmail": "",
	 	 	 	 "SenderName": "",
	 	 	 	 "Signature": "",
	 	 	 	 "StayInTouchSubject": "",
	 	 	 	 "StayInTouchSignature": "",
	 	 	 	 "StayInTouchNote": "",
	 	 	 	 "Phone": "",
	 	 	 	 "Fax": "",
	 	 	 	 "MobilePhone": "",
	 	 	 	 "Alias": "",
	 	 	 	 "CommunityNickname": "",
	 	 	 	 "BadgeText": "",
	 	 	 	 "IsActive": "",
	 	 	 	 "TimeZoneSidKey": "",
	 	 	 	 "UserRoleId": "",
	 	 	 	 "LocaleSidKey": "",
	 	 	 	 "ReceivesInfoEmails": "",
	 	 	 	 "ReceivesAdminInfoEmails": "",
	 	 	 	 "EmailEncodingKey": "",
	 	 	 	 "ProfileId": "",
	 	 	 	 "UserType": "",
	 	 	 	 "LanguageLocaleKey": "",
	 	 	 	 "EmployeeNumber": "",
	 	 	 	 "DelegatedApproverId": "",
	 	 	 	 "ManagerId": "",
	 	 	 	 "LastLoginDate": "",
	 	 	 	 "CreatedDate": "",
	 	 	 	 "CreatedById": "",
	 	 	 	 "LastModifiedDate": "",
	 	 	 	 "LastModifiedById": "",
	 	 	 	 "SystemModstamp": "",
	 	 	 	 "OfflineTrialExpirationDate": "",
	 	 	 	 "OfflinePdaTrialExpirationDate": "",
	 	 	 	 "UserPermissionsMarketingUser": "",
	 	 	 	 "UserPermissionsOfflineUser": "",
	 	 	 	 "UserPermissionsAvantgoUser": "",
	 	 	 	 "UserPermissionsCallCenterAutoLogin": "",
	 	 	 	 "UserPermissionsSFContentUser": "",
	 	 	 	 "UserPermissionsKnowledgeUser": "",
	 	 	 	 "UserPermissionsInteractionUser": "",
	 	 	 	 "UserPermissionsSupportUser": "",
	 	 	 	 "ForecastEnabled": "",
	 	 	 	 "UserPreferencesActivityRemindersPopup": "",
	 	 	 	 "UserPreferencesEventRemindersCheckboxDefault": "",
	 	 	 	 "UserPreferencesTaskRemindersCheckboxDefault": "",
	 	 	 	 "UserPreferencesReminderSoundOff": "",
	 	 	 	 "UserPreferencesDisableAllFeedsEmail": "",
	 	 	 	 "UserPreferencesApexPagesDeveloperMode": "",
	 	 	 	 "UserPreferencesReceiveNoNotificationsAsApprover": "",
	 	 	 	 "UserPreferencesReceiveNotificationsAsDelegatedApprover": "",
	 	 	 	 "UserPreferencesHideCSNGetChatterMobileTask": "",
	 	 	 	 "UserPreferencesHideCSNDesktopTask": "",
	 	 	 	 "UserPreferencesHideChatterOnboardingSplash": "",
	 	 	 	 "UserPreferencesHideSecondChatterOnboardingSplash": "",
	 	 	 	 "UserPreferencesShowTitleToExternalUsers": "",
	 	 	 	 "UserPreferencesShowManagerToExternalUsers": "",
	 	 	 	 "UserPreferencesShowEmailToExternalUsers": "",
	 	 	 	 "UserPreferencesShowWorkPhoneToExternalUsers": "",
	 	 	 	 "UserPreferencesShowMobilePhoneToExternalUsers": "",
	 	 	 	 "UserPreferencesShowFaxToExternalUsers": "",
	 	 	 	 "UserPreferencesShowStreetAddressToExternalUsers": "",
	 	 	 	 "UserPreferencesShowCityToExternalUsers": "",
	 	 	 	 "UserPreferencesShowStateToExternalUsers": "",
	 	 	 	 "UserPreferencesShowPostalCodeToExternalUsers": "",
	 	 	 	 "UserPreferencesShowCountryToExternalUsers": "",
	 	 	 	 "UserPreferencesShowProfilePicToGuestUsers": "",
	 	 	 	 "UserPreferencesShowTitleToGuestUsers": "",
	 	 	 	 "UserPreferencesShowCityToGuestUsers": "",
	 	 	 	 "UserPreferencesShowStateToGuestUsers": "",
	 	 	 	 "UserPreferencesShowPostalCodeToGuestUsers": "",
	 	 	 	 "UserPreferencesShowCountryToGuestUsers": "",
	 	 	 	 "UserPreferencesHideInvoicesRedirectConfirmation": "",
	 	 	 	 "UserPreferencesHideStatementsRedirectConfirmation": "",
	 	 	 	 "UserPreferencesHideS1BrowserUI": "",
	 	 	 	 "UserPreferencesPathAssistantCollapsed": "",
	 	 	 	 "UserPreferencesCacheDiagnostics": "",
	 	 	 	 "UserPreferencesShowEmailToGuestUsers": "",
	 	 	 	 "UserPreferencesShowManagerToGuestUsers": "",
	 	 	 	 "UserPreferencesShowWorkPhoneToGuestUsers": "",
	 	 	 	 "UserPreferencesShowMobilePhoneToGuestUsers": "",
	 	 	 	 "UserPreferencesShowFaxToGuestUsers": "",
	 	 	 	 "UserPreferencesShowStreetAddressToGuestUsers": "",
	 	 	 	 "UserPreferencesLightningExperiencePreferred": "",
	 	 	 	 "UserPreferencesLightningConsolePreferred": "",
	 	 	 	 "UserPreferencesHideEndUserOnboardingAssistantModal": "",
	 	 	 	 "UserPreferencesHideLightningMigrationModal": "",
	 	 	 	 "UserPreferencesHideSfxWelcomeMat": "",
	 	 	 	 "UserPreferencesHideBiggerPhotoCallout": "",
	 	 	 	 "UserPreferencesGlobalNavBarWTShown": "",
	 	 	 	 "UserPreferencesGlobalNavGridMenuWTShown": "",
	 	 	 	 "UserPreferencesCreateLEXAppsWTShown": "",
	 	 	 	 "UserPreferencesFavoritesWTShown": "",
	 	 	 	 "UserPreferencesRecordHomeSectionCollapseWTShown": "",
	 	 	 	 "UserPreferencesRecordHomeReservedWTShown": "",
	 	 	 	 "UserPreferencesFavoritesShowTopFavorites": "",
	 	 	 	 "UserPreferencesExcludeMailAppAttachments": "",
	 	 	 	 "UserPreferencesSuppressTaskSFXReminders": "",
	 	 	 	 "UserPreferencesSuppressEventSFXReminders": "",
	 	 	 	 "UserPreferencesPreviewCustomTheme": "",
	 	 	 	 "UserPreferencesHasCelebrationBadge": "",
	 	 	 	 "UserPreferencesUserDebugModePref": "",
	 	 	 	 "UserPreferencesSRHOverrideActivities": "",
	 	 	 	 "UserPreferencesNewLightningReportRunPageEnabled": "",
	 	 	 	 "UserPreferencesHideBrowseProductRedirectConfirmation": "",
	 	 	 	 "UserPreferencesHideOnlineSalesAppWelcomeMat": "",
	 	 	 	 "ContactId": "",
	 	 	 	 "AccountId": "",
	 	 	 	 "CallCenterId": "",
	 	 	 	 "Extension": "",
	 	 	 	 "FederationIdentifier": "",
	 	 	 	 "AboutMe": "",
	 	 	 	 "FullPhotoUrl": "",
	 	 	 	 "SmallPhotoUrl": "",
	 	 	 	 "IsExtIndicatorVisible": "",
	 	 	 	 "OutOfOfficeMessage": "",
	 	 	 	 "MediumPhotoUrl": "",
	 	 	 	 "DigestFrequency": "",
	 	 	 	 "DefaultGroupNotificationFrequency": "",
	 	 	 	 "LastViewedDate": "",
	 	 	 	 "LastReferencedDate": "",
	 	 	 	 "BannerPhotoUrl": "",
	 	 	 	 "SmallBannerPhotoUrl": "",
	 	 	 	 "MediumBannerPhotoUrl": "",
	 	 	 	 "IsProfilePhotoActive": "",
	 	 	 	 "IndividualId": ""
	 	 	 },
	 	 	 "LastLoginDate": "",
	 	 	 "CreatedDate": "",
	 	 	 "CreatedById": "",
	 	 	 "LastModifiedDate": "",
	 	 	 "LastModifiedById": {
	 	 	 	 "Id": "",
	 	 	 	 "Username": "",
	 	 	 	 "LastName": "",
	 	 	 	 "FirstName": "",
	 	 	 	 "MiddleName": "",
	 	 	 	 "Suffix": "",
	 	 	 	 "Name": "",
	 	 	 	 "CompanyName": "",
	 	 	 	 "Division": "",
	 	 	 	 "Department": "",
	 	 	 	 "Title": "",
	 	 	 	 "Street": "",
	 	 	 	 "City": "",
	 	 	 	 "State": "",
	 	 	 	 "PostalCode": "",
	 	 	 	 "Country": "",
	 	 	 	 "Latitude": "",
	 	 	 	 "Longitude": "",
	 	 	 	 "GeocodeAccuracy": "",
	 	 	 	 "Email": "",
	 	 	 	 "EmailPreferencesAutoBcc": "",
	 	 	 	 "EmailPreferencesAutoBccStayInTouch": "",
	 	 	 	 "EmailPreferencesStayInTouchReminder": "",
	 	 	 	 "SenderEmail": "",
	 	 	 	 "SenderName": "",
	 	 	 	 "Signature": "",
	 	 	 	 "StayInTouchSubject": "",
	 	 	 	 "StayInTouchSignature": "",
	 	 	 	 "StayInTouchNote": "",
	 	 	 	 "Phone": "",
	 	 	 	 "Fax": "",
	 	 	 	 "MobilePhone": "",
	 	 	 	 "Alias": "",
	 	 	 	 "CommunityNickname": "",
	 	 	 	 "BadgeText": "",
	 	 	 	 "IsActive": "",
	 	 	 	 "TimeZoneSidKey": "",
	 	 	 	 "UserRoleId": "",
	 	 	 	 "LocaleSidKey": "",
	 	 	 	 "ReceivesInfoEmails": "",
	 	 	 	 "ReceivesAdminInfoEmails": "",
	 	 	 	 "EmailEncodingKey": "",
	 	 	 	 "ProfileId": "",
	 	 	 	 "UserType": "",
	 	 	 	 "LanguageLocaleKey": "",
	 	 	 	 "EmployeeNumber": "",
	 	 	 	 "DelegatedApproverId": "",
	 	 	 	 "ManagerId": "",
	 	 	 	 "LastLoginDate": "",
	 	 	 	 "CreatedDate": "",
	 	 	 	 "CreatedById": "",
	 	 	 	 "LastModifiedDate": "",
	 	 	 	 "LastModifiedById": "",
	 	 	 	 "SystemModstamp": "",
	 	 	 	 "OfflineTrialExpirationDate": "",
	 	 	 	 "OfflinePdaTrialExpirationDate": "",
	 	 	 	 "UserPermissionsMarketingUser": "",
	 	 	 	 "UserPermissionsOfflineUser": "",
	 	 	 	 "UserPermissionsAvantgoUser": "",
	 	 	 	 "UserPermissionsCallCenterAutoLogin": "",
	 	 	 	 "UserPermissionsSFContentUser": "",
	 	 	 	 "UserPermissionsKnowledgeUser": "",
	 	 	 	 "UserPermissionsInteractionUser": "",
	 	 	 	 "UserPermissionsSupportUser": "",
	 	 	 	 "ForecastEnabled": "",
	 	 	 	 "UserPreferencesActivityRemindersPopup": "",
	 	 	 	 "UserPreferencesEventRemindersCheckboxDefault": "",
	 	 	 	 "UserPreferencesTaskRemindersCheckboxDefault": "",
	 	 	 	 "UserPreferencesReminderSoundOff": "",
	 	 	 	 "UserPreferencesDisableAllFeedsEmail": "",
	 	 	 	 "UserPreferencesApexPagesDeveloperMode": "",
	 	 	 	 "UserPreferencesReceiveNoNotificationsAsApprover": "",
	 	 	 	 "UserPreferencesReceiveNotificationsAsDelegatedApprover": "",
	 	 	 	 "UserPreferencesHideCSNGetChatterMobileTask": "",
	 	 	 	 "UserPreferencesHideCSNDesktopTask": "",
	 	 	 	 "UserPreferencesHideChatterOnboardingSplash": "",
	 	 	 	 "UserPreferencesHideSecondChatterOnboardingSplash": "",
	 	 	 	 "UserPreferencesShowTitleToExternalUsers": "",
	 	 	 	 "UserPreferencesShowManagerToExternalUsers": "",
	 	 	 	 "UserPreferencesShowEmailToExternalUsers": "",
	 	 	 	 "UserPreferencesShowWorkPhoneToExternalUsers": "",
	 	 	 	 "UserPreferencesShowMobilePhoneToExternalUsers": "",
	 	 	 	 "UserPreferencesShowFaxToExternalUsers": "",
	 	 	 	 "UserPreferencesShowStreetAddressToExternalUsers": "",
	 	 	 	 "UserPreferencesShowCityToExternalUsers": "",
	 	 	 	 "UserPreferencesShowStateToExternalUsers": "",
	 	 	 	 "UserPreferencesShowPostalCodeToExternalUsers": "",
	 	 	 	 "UserPreferencesShowCountryToExternalUsers": "",
	 	 	 	 "UserPreferencesShowProfilePicToGuestUsers": "",
	 	 	 	 "UserPreferencesShowTitleToGuestUsers": "",
	 	 	 	 "UserPreferencesShowCityToGuestUsers": "",
	 	 	 	 "UserPreferencesShowStateToGuestUsers": "",
	 	 	 	 "UserPreferencesShowPostalCodeToGuestUsers": "",
	 	 	 	 "UserPreferencesShowCountryToGuestUsers": "",
	 	 	 	 "UserPreferencesHideInvoicesRedirectConfirmation": "",
	 	 	 	 "UserPreferencesHideStatementsRedirectConfirmation": "",
	 	 	 	 "UserPreferencesHideS1BrowserUI": "",
	 	 	 	 "UserPreferencesPathAssistantCollapsed": "",
	 	 	 	 "UserPreferencesCacheDiagnostics": "",
	 	 	 	 "UserPreferencesShowEmailToGuestUsers": "",
	 	 	 	 "UserPreferencesShowManagerToGuestUsers": "",
	 	 	 	 "UserPreferencesShowWorkPhoneToGuestUsers": "",
	 	 	 	 "UserPreferencesShowMobilePhoneToGuestUsers": "",
	 	 	 	 "UserPreferencesShowFaxToGuestUsers": "",
	 	 	 	 "UserPreferencesShowStreetAddressToGuestUsers": "",
	 	 	 	 "UserPreferencesLightningExperiencePreferred": "",
	 	 	 	 "UserPreferencesLightningConsolePreferred": "",
	 	 	 	 "UserPreferencesHideEndUserOnboardingAssistantModal": "",
	 	 	 	 "UserPreferencesHideLightningMigrationModal": "",
	 	 	 	 "UserPreferencesHideSfxWelcomeMat": "",
	 	 	 	 "UserPreferencesHideBiggerPhotoCallout": "",
	 	 	 	 "UserPreferencesGlobalNavBarWTShown": "",
	 	 	 	 "UserPreferencesGlobalNavGridMenuWTShown": "",
	 	 	 	 "UserPreferencesCreateLEXAppsWTShown": "",
	 	 	 	 "UserPreferencesFavoritesWTShown": "",
	 	 	 	 "UserPreferencesRecordHomeSectionCollapseWTShown": "",
	 	 	 	 "UserPreferencesRecordHomeReservedWTShown": "",
	 	 	 	 "UserPreferencesFavoritesShowTopFavorites": "",
	 	 	 	 "UserPreferencesExcludeMailAppAttachments": "",
	 	 	 	 "UserPreferencesSuppressTaskSFXReminders": "",
	 	 	 	 "UserPreferencesSuppressEventSFXReminders": "",
	 	 	 	 "UserPreferencesPreviewCustomTheme": "",
	 	 	 	 "UserPreferencesHasCelebrationBadge": "",
	 	 	 	 "UserPreferencesUserDebugModePref": "",
	 	 	 	 "UserPreferencesSRHOverrideActivities": "",
	 	 	 	 "UserPreferencesNewLightningReportRunPageEnabled": "",
	 	 	 	 "UserPreferencesHideBrowseProductRedirectConfirmation": "",
	 	 	 	 "UserPreferencesHideOnlineSalesAppWelcomeMat": "",
	 	 	 	 "ContactId": "",
	 	 	 	 "AccountId": "",
	 	 	 	 "CallCenterId": "",
	 	 	 	 "Extension": "",
	 	 	 	 "FederationIdentifier": "",
	 	 	 	 "AboutMe": "",
	 	 	 	 "FullPhotoUrl": "",
	 	 	 	 "SmallPhotoUrl": "",
	 	 	 	 "IsExtIndicatorVisible": "",
	 	 	 	 "OutOfOfficeMessage": "",
	 	 	 	 "MediumPhotoUrl": "",
	 	 	 	 "DigestFrequency": "",
	 	 	 	 "DefaultGroupNotificationFrequency": "",
	 	 	 	 "LastViewedDate": "",
	 	 	 	 "LastReferencedDate": "",
	 	 	 	 "BannerPhotoUrl": "",
	 	 	 	 "SmallBannerPhotoUrl": "",
	 	 	 	 "MediumBannerPhotoUrl": "",
	 	 	 	 "IsProfilePhotoActive": "",
	 	 	 	 "IndividualId": ""
	 	 	 },
	 	 	 "SystemModstamp": "",
	 	 	 "OfflineTrialExpirationDate": "",
	 	 	 "OfflinePdaTrialExpirationDate": "",
	 	 	 "UserPermissionsMarketingUser": "",
	 	 	 "UserPermissionsOfflineUser": "",
	 	 	 "UserPermissionsAvantgoUser": "",
	 	 	 "UserPermissionsCallCenterAutoLogin": "",
	 	 	 "UserPermissionsSFContentUser": "",
	 	 	 "UserPermissionsKnowledgeUser": "",
	 	 	 "UserPermissionsInteractionUser": "",
	 	 	 "UserPermissionsSupportUser": "",
	 	 	 "ForecastEnabled": "",
	 	 	 "UserPreferencesActivityRemindersPopup": "",
	 	 	 "UserPreferencesEventRemindersCheckboxDefault": "",
	 	 	 "UserPreferencesTaskRemindersCheckboxDefault": "",
	 	 	 "UserPreferencesReminderSoundOff": "",
	 	 	 "UserPreferencesDisableAllFeedsEmail": "",
	 	 	 "UserPreferencesApexPagesDeveloperMode": "",
	 	 	 "UserPreferencesReceiveNoNotificationsAsApprover": "",
	 	 	 "UserPreferencesReceiveNotificationsAsDelegatedApprover": "",
	 	 	 "UserPreferencesHideCSNGetChatterMobileTask": "",
	 	 	 "UserPreferencesHideCSNDesktopTask": "",
	 	 	 "UserPreferencesHideChatterOnboardingSplash": "",
	 	 	 "UserPreferencesHideSecondChatterOnboardingSplash": "",
	 	 	 "UserPreferencesShowTitleToExternalUsers": "",
	 	 	 "UserPreferencesShowManagerToExternalUsers": "",
	 	 	 "UserPreferencesShowEmailToExternalUsers": "",
	 	 	 "UserPreferencesShowWorkPhoneToExternalUsers": "",
	 	 	 "UserPreferencesShowMobilePhoneToExternalUsers": "",
	 	 	 "UserPreferencesShowFaxToExternalUsers": "",
	 	 	 "UserPreferencesShowStreetAddressToExternalUsers": "",
	 	 	 "UserPreferencesShowCityToExternalUsers": "",
	 	 	 "UserPreferencesShowStateToExternalUsers": "",
	 	 	 "UserPreferencesShowPostalCodeToExternalUsers": "",
	 	 	 "UserPreferencesShowCountryToExternalUsers": "",
	 	 	 "UserPreferencesShowProfilePicToGuestUsers": "",
	 	 	 "UserPreferencesShowTitleToGuestUsers": "",
	 	 	 "UserPreferencesShowCityToGuestUsers": "",
	 	 	 "UserPreferencesShowStateToGuestUsers": "",
	 	 	 "UserPreferencesShowPostalCodeToGuestUsers": "",
	 	 	 "UserPreferencesShowCountryToGuestUsers": "",
	 	 	 "UserPreferencesHideInvoicesRedirectConfirmation": "",
	 	 	 "UserPreferencesHideStatementsRedirectConfirmation": "",
	 	 	 "UserPreferencesHideS1BrowserUI": "",
	 	 	 "UserPreferencesPathAssistantCollapsed": "",
	 	 	 "UserPreferencesCacheDiagnostics": "",
	 	 	 "UserPreferencesShowEmailToGuestUsers": "",
	 	 	 "UserPreferencesShowManagerToGuestUsers": "",
	 	 	 "UserPreferencesShowWorkPhoneToGuestUsers": "",
	 	 	 "UserPreferencesShowMobilePhoneToGuestUsers": "",
	 	 	 "UserPreferencesShowFaxToGuestUsers": "",
	 	 	 "UserPreferencesShowStreetAddressToGuestUsers": "",
	 	 	 "UserPreferencesLightningExperiencePreferred": "",
	 	 	 "UserPreferencesLightningConsolePreferred": "",
	 	 	 "UserPreferencesHideEndUserOnboardingAssistantModal": "",
	 	 	 "UserPreferencesHideLightningMigrationModal": "",
	 	 	 "UserPreferencesHideSfxWelcomeMat": "",
	 	 	 "UserPreferencesHideBiggerPhotoCallout": "",
	 	 	 "UserPreferencesGlobalNavBarWTShown": "",
	 	 	 "UserPreferencesGlobalNavGridMenuWTShown": "",
	 	 	 "UserPreferencesCreateLEXAppsWTShown": "",
	 	 	 "UserPreferencesFavoritesWTShown": "",
	 	 	 "UserPreferencesRecordHomeSectionCollapseWTShown": "",
	 	 	 "UserPreferencesRecordHomeReservedWTShown": "",
	 	 	 "UserPreferencesFavoritesShowTopFavorites": "",
	 	 	 "UserPreferencesExcludeMailAppAttachments": "",
	 	 	 "UserPreferencesSuppressTaskSFXReminders": "",
	 	 	 "UserPreferencesSuppressEventSFXReminders": "",
	 	 	 "UserPreferencesPreviewCustomTheme": "",
	 	 	 "UserPreferencesHasCelebrationBadge": "",
	 	 	 "UserPreferencesUserDebugModePref": "",
	 	 	 "UserPreferencesSRHOverrideActivities": "",
	 	 	 "UserPreferencesNewLightningReportRunPageEnabled": "",
	 	 	 "UserPreferencesHideBrowseProductRedirectConfirmation": "",
	 	 	 "UserPreferencesHideOnlineSalesAppWelcomeMat": "",
	 	 	 "ContactId": {
	 	 	 	 "Id": "",
	 	 	 	 "IsDeleted": "",
	 	 	 	 "MasterRecordId": "",
	 	 	 	 "AccountId": "",
	 	 	 	 "IsPersonAccount": "",
	 	 	 	 "LastName": "",
	 	 	 	 "FirstName": "",
	 	 	 	 "Salutation": "",
	 	 	 	 "MiddleName": "",
	 	 	 	 "Suffix": "",
	 	 	 	 "Name": "",
	 	 	 	 "RecordTypeId": "",
	 	 	 	 "OtherStreet": "",
	 	 	 	 "OtherCity": "",
	 	 	 	 "OtherState": "",
	 	 	 	 "OtherPostalCode": "",
	 	 	 	 "OtherCountry": "",
	 	 	 	 "OtherLatitude": "",
	 	 	 	 "OtherLongitude": "",
	 	 	 	 "OtherGeocodeAccuracy": "",
	 	 	 	 "MailingStreet": "",
	 	 	 	 "MailingCity": "",
	 	 	 	 "MailingState": "",
	 	 	 	 "MailingPostalCode": "",
	 	 	 	 "MailingCountry": "",
	 	 	 	 "MailingLatitude": "",
	 	 	 	 "MailingLongitude": "",
	 	 	 	 "MailingGeocodeAccuracy": "",
	 	 	 	 "Phone": "",
	 	 	 	 "Fax": "",
	 	 	 	 "MobilePhone": "",
	 	 	 	 "HomePhone": "",
	 	 	 	 "OtherPhone": "",
	 	 	 	 "AssistantPhone": "",
	 	 	 	 "ReportsToId": "",
	 	 	 	 "Email": "",
	 	 	 	 "Title": "",
	 	 	 	 "Department": "",
	 	 	 	 "AssistantName": "",
	 	 	 	 "LeadSource": "",
	 	 	 	 "Birthdate": "",
	 	 	 	 "Description": "",
	 	 	 	 "OwnerId": "",
	 	 	 	 "HasOptedOutOfEmail": "",
	 	 	 	 "HasOptedOutOfFax": "",
	 	 	 	 "DoNotCall": "",
	 	 	 	 "CreatedDate": "",
	 	 	 	 "CreatedById": "",
	 	 	 	 "LastModifiedDate": "",
	 	 	 	 "LastModifiedById": "",
	 	 	 	 "SystemModstamp": "",
	 	 	 	 "LastActivityDate": "",
	 	 	 	 "LastCURequestDate": "",
	 	 	 	 "LastCUUpdateDate": "",
	 	 	 	 "LastViewedDate": "",
	 	 	 	 "LastReferencedDate": "",
	 	 	 	 "EmailBouncedReason": "",
	 	 	 	 "EmailBouncedDate": "",
	 	 	 	 "IsEmailBounced": "",
	 	 	 	 "PhotoUrl": "",
	 	 	 	 "Jigsaw": "",
	 	 	 	 "JigsawContactId": "",
	 	 	 	 "IndividualId": "",
	 	 	 	 "FinServ__AgeAsText__c": "",
	 	 	 	 "FinServ__Age__c": "",
	 	 	 	 "FinServ__AnnualIncome__c": "",
	 	 	 	 "FinServ__BillingAddress__c": "",
	 	 	 	 "FinServ__Citizenship__c": "",
	 	 	 	 "FinServ__CountryOfResidence__c": "",
	 	 	 	 "FinServ__CreatedFromLead__c": "",
	 	 	 	 "FinServ__CurrentEmployer__c": "",
	 	 	 	 "FinServ__EmployedSince__c": "",
	 	 	 	 "FinServ__Facebook__c": "",
	 	 	 	 "FinServ__Gender__c": "",
	 	 	 	 "FinServ__IndividualId__c": "",
	 	 	 	 "FinServ__IndividualType__c": "",
	 	 	 	 "FinServ__LanguagesSpoken__c": "",
	 	 	 	 "FinServ__LinkedIn__c": "",
	 	 	 	 "FinServ__MailingAddress__c": "",
	 	 	 	 "FinServ__MaritalStatus__c": "",
	 	 	 	 "FinServ__NumberOfDependents__c": "",
	 	 	 	 "FinServ__Occupation__c": "",
	 	 	 	 "FinServ__OtherAddress__c": "",
	 	 	 	 "FinServ__PrimaryAddressIsBilling__c": "",
	 	 	 	 "FinServ__PrimaryAddressIsMailing__c": "",
	 	 	 	 "FinServ__PrimaryAddressIsOther__c": "",
	 	 	 	 "FinServ__PrimaryAddressIsShipping__c": "",
	 	 	 	 "FinServ__ShippingAddress__c": "",
	 	 	 	 "FinServ__SourceSystemId__c": "",
	 	 	 	 "FinServ__TaxBracket__c": "",
	 	 	 	 "FinServ__TaxId__c": "",
	 	 	 	 "FinServ__Twitter__c": "",
	 	 	 	 "FinServ__WeddingAnniversary__c": "",
	 	 	 	 "FinServ__CountryOfBirth__c": "",
	 	 	 	 "FinServ__PreferredName__c": "",
	 	 	 	 "FinServ__PrimaryLanguage__c": "",
	 	 	 	 "FinServ__SecondaryLanguage__c": "",
	 	 	 	 "FinServ__Affiliations__c": "",
	 	 	 	 "FinServ__CommunicationPreferences__c": "",
	 	 	 	 "FinServ__ContactPreference__c": "",
	 	 	 	 "FinServ__CustomerTimezone__c": "",
	 	 	 	 "FinServ__EmailVerified__c": "",
	 	 	 	 "FinServ__FaxVerified__c": "",
	 	 	 	 "FinServ__HomeOwnership__c": "",
	 	 	 	 "FinServ__HomePhoneVerified__c": "",
	 	 	 	 "FinServ__LastFourDigitSSN__c": "",
	 	 	 	 "FinServ__MarketingOptOut__c": "",
	 	 	 	 "FinServ__MobileVerified__c": "",
	 	 	 	 "FinServ__MostUsedChannel__c": "",
	 	 	 	 "FinServ__MotherMaidenName__c": "",
	 	 	 	 "FinServ__NextLifeEvent__c": "",
	 	 	 	 "FinServ__NumberOfChildren__c": "",
	 	 	 	 "FinServ__PrimaryCitizenship__c": "",
	 	 	 	 "FinServ__ReferredByContact__c": "",
	 	 	 	 "FinServ__ReferredByUser__c": "",
	 	 	 	 "FinServ__ReferrerScore__c": "",
	 	 	 	 "FinServ__SecondaryCitizenship__c": "",
	 	 	 	 "AML_Training__c": "",
	 	 	 	 "Age__c": "",
	 	 	 	 "Agent_Level__c": "",
	 	 	 	 "BD_Count__c": "",
	 	 	 	 "BPs__c": "",
	 	 	 	 "CRD__c": "",
	 	 	 	 "Choice_Loyalty_BPs__c": "",
	 	 	 	 "ClientAssist_Enabled__c": "",
	 	 	 	 "ClientAssist_First_Enabled_Date__c": "",
	 	 	 	 "Company_Code__c": "",
	 	 	 	 "Count_of_Active_Producers__c": "",
	 	 	 	 "Count_of_Pending_Producers__c": "",
	 	 	 	 "Count_of_Service_Producers__c": "",
	 	 	 	 "Count_of_Terminated_Producers__c": "",
	 	 	 	 "First_App_Date__c": "",
	 	 	 	 "Gender__c": "",
	 	 	 	 "LO_Agent_Producer__c": "",
	 	 	 	 "LO_Contact__c": "",
	 	 	 	 "LifePro_ID__c": "",
	 	 	 	 "LifePro_Last_Modified_DateTime__c": "",
	 	 	 	 "NPN__c": "",
	 	 	 	 "Name_Format__c": "",
	 	 	 	 "Name_Id__c": "",
	 	 	 	 "Password__c": "",
	 	 	 	 "Preferred_Name__c": "",
	 	 	 	 "Qualifying_Premium_Formula__c": "",
	 	 	 	 "Qualifying_Premium__c": "",
	 	 	 	 "Region__c": "",
	 	 	 	 "SSN__c": "",
	 	 	 	 "Signing_Agent__c": "",
	 	 	 	 "State_New__c": "",
	 	 	 	 "State__c": "",
	 	 	 	 "Status_Producers__c": "",
	 	 	 	 "Suitability__c": "",
	 	 	 	 "Unique_Contact_Id__c": "",
	 	 	 	 "Wants_Copy_of_BIG_Report__c": "",
	 	 	 	 "YTD_Activity_Premium_Rank__c": "",
	 	 	 	 "Is_Record_Created_by_System_User__c": "",
	 	 	 	 "LifePro_Supported_Record__c": ""
	 	 	 },
	 	 	 "AccountId": {
	 	 	 	 "Id": "",
	 	 	 	 "IsDeleted": "",
	 	 	 	 "MasterRecordId": "",
	 	 	 	 "Name": "",
	 	 	 	 "LastName": "",
	 	 	 	 "FirstName": "",
	 	 	 	 "Salutation": "",
	 	 	 	 "MiddleName": "",
	 	 	 	 "Suffix": "",
	 	 	 	 "Type": "",
	 	 	 	 "RecordTypeId": "",
	 	 	 	 "ParentId": "",
	 	 	 	 "BillingStreet": "",
	 	 	 	 "BillingCity": "",
	 	 	 	 "BillingState": "",
	 	 	 	 "BillingPostalCode": "",
	 	 	 	 "BillingCountry": "",
	 	 	 	 "BillingLatitude": "",
	 	 	 	 "BillingLongitude": "",
	 	 	 	 "BillingGeocodeAccuracy": "",
	 	 	 	 "ShippingStreet": "",
	 	 	 	 "ShippingCity": "",
	 	 	 	 "ShippingState": "",
	 	 	 	 "ShippingPostalCode": "",
	 	 	 	 "ShippingCountry": "",
	 	 	 	 "ShippingLatitude": "",
	 	 	 	 "ShippingLongitude": "",
	 	 	 	 "ShippingGeocodeAccuracy": "",
	 	 	 	 "Phone": "",
	 	 	 	 "Fax": "",
	 	 	 	 "AccountNumber": "",
	 	 	 	 "Website": "",
	 	 	 	 "PhotoUrl": "",
	 	 	 	 "Sic": "",
	 	 	 	 "Industry": "",
	 	 	 	 "AnnualRevenue": "",
	 	 	 	 "NumberOfEmployees": "",
	 	 	 	 "Ownership": "",
	 	 	 	 "TickerSymbol": "",
	 	 	 	 "Description": "",
	 	 	 	 "Rating": "",
	 	 	 	 "Site": "",
	 	 	 	 "OwnerId": "",
	 	 	 	 "CreatedDate": "",
	 	 	 	 "CreatedById": "",
	 	 	 	 "LastModifiedDate": "",
	 	 	 	 "LastModifiedById": "",
	 	 	 	 "SystemModstamp": "",
	 	 	 	 "LastActivityDate": "",
	 	 	 	 "LastViewedDate": "",
	 	 	 	 "LastReferencedDate": "",
	 	 	 	 "PersonContactId": "",
	 	 	 	 "IsPersonAccount": "",
	 	 	 	 "PersonMailingStreet": "",
	 	 	 	 "PersonMailingCity": "",
	 	 	 	 "PersonMailingState": "",
	 	 	 	 "PersonMailingPostalCode": "",
	 	 	 	 "PersonMailingCountry": "",
	 	 	 	 "PersonMailingLatitude": "",
	 	 	 	 "PersonMailingLongitude": "",
	 	 	 	 "PersonMailingGeocodeAccuracy": "",
	 	 	 	 "PersonOtherStreet": "",
	 	 	 	 "PersonOtherCity": "",
	 	 	 	 "PersonOtherState": "",
	 	 	 	 "PersonOtherPostalCode": "",
	 	 	 	 "PersonOtherCountry": "",
	 	 	 	 "PersonOtherLatitude": "",
	 	 	 	 "PersonOtherLongitude": "",
	 	 	 	 "PersonOtherGeocodeAccuracy": "",
	 	 	 	 "PersonMobilePhone": "",
	 	 	 	 "PersonHomePhone": "",
	 	 	 	 "PersonOtherPhone": "",
	 	 	 	 "PersonAssistantPhone": "",
	 	 	 	 "PersonEmail": "",
	 	 	 	 "PersonTitle": "",
	 	 	 	 "PersonDepartment": "",
	 	 	 	 "PersonAssistantName": "",
	 	 	 	 "PersonLeadSource": "",
	 	 	 	 "PersonBirthdate": "",
	 	 	 	 "PersonHasOptedOutOfEmail": "",
	 	 	 	 "PersonHasOptedOutOfFax": "",
	 	 	 	 "PersonDoNotCall": "",
	 	 	 	 "PersonLastCURequestDate": "",
	 	 	 	 "PersonLastCUUpdateDate": "",
	 	 	 	 "PersonEmailBouncedReason": "",
	 	 	 	 "PersonEmailBouncedDate": "",
	 	 	 	 "PersonIndividualId": "",
	 	 	 	 "Jigsaw": "",
	 	 	 	 "JigsawCompanyId": "",
	 	 	 	 "AccountSource": "",
	 	 	 	 "SicDesc": "",
	 	 	 	 "FinServ__AUM__c": "",
	 	 	 	 "FinServ__ClientCategory__c": "",
	 	 	 	 "FinServ__FinancialInterests__c": "",
	 	 	 	 "FinServ__IndividualId__c": "",
	 	 	 	 "FinServ__IndividualType__c": "",
	 	 	 	 "FinServ__InvestmentExperience__c": "",
	 	 	 	 "FinServ__InvestmentObjectives__c": "",
	 	 	 	 "FinServ__LastInteraction__c": "",
	 	 	 	 "FinServ__LastReview__c": "",
	 	 	 	 "FinServ__MarketingSegment__c": "",
	 	 	 	 "FinServ__NetWorth__c": "",
	 	 	 	 "FinServ__NextInteraction__c": "",
	 	 	 	 "FinServ__NextReview__c": "",
	 	 	 	 "FinServ__Notes__c": "",
	 	 	 	 "FinServ__PersonalInterests__c": "",
	 	 	 	 "FinServ__PrimaryContact__c": "",
	 	 	 	 "FinServ__ReviewFrequency__c": "",
	 	 	 	 "FinServ__RiskTolerance__c": "",
	 	 	 	 "FinServ__ServiceModel__c": "",
	 	 	 	 "FinServ__SourceSystemId__c": "",
	 	 	 	 "FinServ__Status__c": "",
	 	 	 	 "FinServ__TimeHorizon__c": "",
	 	 	 	 "FinServ__TotalAUMJointOwner__c": "",
	 	 	 	 "FinServ__TotalAUMPrimaryOwner__c": "",
	 	 	 	 "FinServ__TotalBankDepositsJointOwner__c": "",
	 	 	 	 "FinServ__TotalBankDepositsPrimaryOwner__c": "",
	 	 	 	 "FinServ__TotalBankDeposits__c": "",
	 	 	 	 "FinServ__TotalFinAcctsJointOwner__c": "",
	 	 	 	 "FinServ__TotalFinAcctsPrimaryOwner__c": "",
	 	 	 	 "FinServ__TotalFinancialAccounts__c": "",
	 	 	 	 "FinServ__TotalHeldFinAcctsJointOwner__c": "",
	 	 	 	 "FinServ__TotalHeldFinAcctsPrimaryOwner__c": "",
	 	 	 	 "FinServ__TotalInsuranceJointOwner__c": "",
	 	 	 	 "FinServ__TotalInsurancePrimaryOwner__c": "",
	 	 	 	 "FinServ__TotalInsurance__c": "",
	 	 	 	 "FinServ__TotalInvestmentsJointOwner__c": "",
	 	 	 	 "FinServ__TotalInvestmentsPrimaryOwner__c": "",
	 	 	 	 "FinServ__TotalInvestments__c": "",
	 	 	 	 "FinServ__TotalLiabilitiesJointOwner__c": "",
	 	 	 	 "FinServ__TotalLiabilitiesPrimaryOwner__c": "",
	 	 	 	 "FinServ__TotalLiabilities__c": "",
	 	 	 	 "FinServ__TotalNonfinancialAssetsJointOwner__c": "",
	 	 	 	 "FinServ__TotalNonfinancialAssetsPrimaryOwner__c": "",
	 	 	 	 "FinServ__TotalNonfinancialAssets__c": "",
	 	 	 	 "FinServ__WalletShare__c": "",
	 	 	 	 "FinServ__BankNumber__c": "",
	 	 	 	 "FinServ__BorrowingHistory__c": "",
	 	 	 	 "FinServ__BorrowingPriorities__c": "",
	 	 	 	 "FinServ__BranchCode__c": "",
	 	 	 	 "FinServ__BranchName__c": "",
	 	 	 	 "FinServ__ConversionDateTime__c": "",
	 	 	 	 "FinServ__CreditRating__c": "",
	 	 	 	 "FinServ__CreditScore__c": "",
	 	 	 	 "FinServ__CustomerID__c": "",
	 	 	 	 "FinServ__CustomerSegment__c": "",
	 	 	 	 "FinServ__CustomerType__c": "",
	 	 	 	 "FinServ__KYCDate__c": "",
	 	 	 	 "FinServ__KYCStatus__c": "",
	 	 	 	 "FinServ__LastTransactionDateJointOwner__c": "",
	 	 	 	 "FinServ__LastTransactionDatePrimaryOwner__c": "",
	 	 	 	 "FinServ__LastTransactionDate__c": "",
	 	 	 	 "FinServ__LastUsedChannel__c": "",
	 	 	 	 "FinServ__LengthOfRelationship__c": "",
	 	 	 	 "FinServ__LifetimeValue__c": "",
	 	 	 	 "FinServ__ReferredByContact__c": "",
	 	 	 	 "FinServ__ReferredByUser__c": "",
	 	 	 	 "FinServ__RelationshipStartDate__c": "",
	 	 	 	 "FinServ__TotalNumberOfFinAccountsJointOwner__c": "",
	 	 	 	 "FinServ__TotalNumberOfFinAccountsPrimaryOwner__c": "",
	 	 	 	 "FinServ__TotalNumberOfFinAccounts__c": "",
	 	 	 	 "FinServ__TotalOutstandingCreditJointOwner__c": "",
	 	 	 	 "FinServ__TotalOutstandingCreditPrimaryOwner__c": "",
	 	 	 	 "FinServ__TotalOutstandingCredit__c": "",
	 	 	 	 "FinServ__TotalRevenue__c": "",
	 	 	 	 "FinServ__TotalPremium__c": "",
	 	 	 	 "FinServ__ClaimsOnHouseholdPolicies__c": "",
	 	 	 	 "FinServ__HouseholdPolicies__c": "",
	 	 	 	 "FinServ__InsuranceCustomerSince__c": "",
	 	 	 	 "FinServ__TotalClaimAmountPaid__c": "",
	 	 	 	 "FinServ__TotalHouseholdPremiums__c": "",
	 	 	 	 "Agency_DBA__c": "",
	 	 	 	 "Agent_Number_Business__c": "",
	 	 	 	 "Agent_Number__c": "",
	 	 	 	 "Client_Passcode__c": "",
	 	 	 	 "Company_Code__c": "",
	 	 	 	 "Date_of_Birth__c": "",
	 	 	 	 "E_O_Carrier__c": "",
	 	 	 	 "Email__c": "",
	 	 	 	 "Gender__c": "",
	 	 	 	 "Has_Paperless_Setting_Date__c": "",
	 	 	 	 "Is_Deceased__c": "",
	 	 	 	 "Last_Paperless_Setting_Changes__c": "",
	 	 	 	 "Last_Paperless_Setting_Notification_Age__c": "",
	 	 	 	 "Levelized_Commission__c": "",
	 	 	 	 "LifePro_ID__c": "",
	 	 	 	 "LifePro_Last_Modified_DateTime__c": "",
	 	 	 	 "Name_Id__c": "",
	 	 	 	 "Paperless_11_Month_Summary__c": "",
	 	 	 	 "Paperless_Annual_Statement__c": "",
	 	 	 	 "Producer__c": "",
	 	 	 	 "Region__c": "",
	 	 	 	 "Signing_Agent__c": "",
	 	 	 	 "Social_Security_Number__c": "",
	 	 	 	 "States__c": "",
	 	 	 	 "Status_Date__c": "",
	 	 	 	 "Status__c": "",
	 	 	 	 "Suitability__c": "",
	 	 	 	 "TIN__c": "",
	 	 	 	 "Tax_Status__c": "",
	 	 	 	 "Tax_Witholding_Option__c": "",
	 	 	 	 "Unique_Account_Id__c": "",
	 	 	 	 "Number_of_AE_Contracts__c": "",
	 	 	 	 "Number_of_AE_of_NY_Contracts__c": "",
	 	 	 	 "Number_of_EL_Contracts__c": "",
	 	 	 	 "Is_Record_Created_by_System_User__c": "",
	 	 	 	 "Contract_Date__c": "",
	 	 	 	 "Has_Joint_Owner__c": "",
	 	 	 	 "LifePro_Supported_Record__c": "",
	 	 	 	 "FinServ__AgeAsText__pc": "",
	 	 	 	 "FinServ__Age__pc": "",
	 	 	 	 "FinServ__AnnualIncome__pc": "",
	 	 	 	 "FinServ__BillingAddress__pc": "",
	 	 	 	 "FinServ__Citizenship__pc": "",
	 	 	 	 "FinServ__CountryOfResidence__pc": "",
	 	 	 	 "FinServ__CreatedFromLead__pc": "",
	 	 	 	 "FinServ__CurrentEmployer__pc": "",
	 	 	 	 "FinServ__EmployedSince__pc": "",
	 	 	 	 "FinServ__Facebook__pc": "",
	 	 	 	 "FinServ__Gender__pc": "",
	 	 	 	 "FinServ__IndividualId__pc": "",
	 	 	 	 "FinServ__IndividualType__pc": "",
	 	 	 	 "FinServ__LanguagesSpoken__pc": "",
	 	 	 	 "FinServ__LinkedIn__pc": "",
	 	 	 	 "FinServ__MailingAddress__pc": "",
	 	 	 	 "FinServ__MaritalStatus__pc": "",
	 	 	 	 "FinServ__NumberOfDependents__pc": "",
	 	 	 	 "FinServ__Occupation__pc": "",
	 	 	 	 "FinServ__OtherAddress__pc": "",
	 	 	 	 "FinServ__PrimaryAddressIsBilling__pc": "",
	 	 	 	 "FinServ__PrimaryAddressIsMailing__pc": "",
	 	 	 	 "FinServ__PrimaryAddressIsOther__pc": "",
	 	 	 	 "FinServ__PrimaryAddressIsShipping__pc": "",
	 	 	 	 "FinServ__ShippingAddress__pc": "",
	 	 	 	 "FinServ__SourceSystemId__pc": "",
	 	 	 	 "FinServ__TaxBracket__pc": "",
	 	 	 	 "FinServ__TaxId__pc": "",
	 	 	 	 "FinServ__Twitter__pc": "",
	 	 	 	 "FinServ__WeddingAnniversary__pc": "",
	 	 	 	 "FinServ__CountryOfBirth__pc": "",
	 	 	 	 "FinServ__PreferredName__pc": "",
	 	 	 	 "FinServ__PrimaryLanguage__pc": "",
	 	 	 	 "FinServ__SecondaryLanguage__pc": "",
	 	 	 	 "FinServ__Affiliations__pc": "",
	 	 	 	 "FinServ__CommunicationPreferences__pc": "",
	 	 	 	 "FinServ__ContactPreference__pc": "",
	 	 	 	 "FinServ__CustomerTimezone__pc": "",
	 	 	 	 "FinServ__EmailVerified__pc": "",
	 	 	 	 "FinServ__FaxVerified__pc": "",
	 	 	 	 "FinServ__HomeOwnership__pc": "",
	 	 	 	 "FinServ__HomePhoneVerified__pc": "",
	 	 	 	 "FinServ__LastFourDigitSSN__pc": "",
	 	 	 	 "FinServ__MarketingOptOut__pc": "",
	 	 	 	 "FinServ__MobileVerified__pc": "",
	 	 	 	 "FinServ__MostUsedChannel__pc": "",
	 	 	 	 "FinServ__MotherMaidenName__pc": "",
	 	 	 	 "FinServ__NextLifeEvent__pc": "",
	 	 	 	 "FinServ__NumberOfChildren__pc": "",
	 	 	 	 "FinServ__PrimaryCitizenship__pc": "",
	 	 	 	 "FinServ__ReferredByContact__pc": "",
	 	 	 	 "FinServ__ReferredByUser__pc": "",
	 	 	 	 "FinServ__ReferrerScore__pc": "",
	 	 	 	 "FinServ__SecondaryCitizenship__pc": "",
	 	 	 	 "AML_Training__pc": "",
	 	 	 	 "Age__pc": "",
	 	 	 	 "Agent_Level__pc": "",
	 	 	 	 "BD_Count__pc": "",
	 	 	 	 "BPs__pc": "",
	 	 	 	 "CRD__pc": "",
	 	 	 	 "Choice_Loyalty_BPs__pc": "",
	 	 	 	 "ClientAssist_Enabled__pc": "",
	 	 	 	 "ClientAssist_First_Enabled_Date__pc": "",
	 	 	 	 "Company_Code__pc": "",
	 	 	 	 "Count_of_Active_Producers__pc": "",
	 	 	 	 "Count_of_Pending_Producers__pc": "",
	 	 	 	 "Count_of_Service_Producers__pc": "",
	 	 	 	 "Count_of_Terminated_Producers__pc": "",
	 	 	 	 "First_App_Date__pc": "",
	 	 	 	 "Gender__pc": "",
	 	 	 	 "LO_Agent_Producer__pc": "",
	 	 	 	 "LO_Contact__pc": "",
	 	 	 	 "LifePro_ID__pc": "",
	 	 	 	 "LifePro_Last_Modified_DateTime__pc": "",
	 	 	 	 "NPN__pc": "",
	 	 	 	 "Name_Format__pc": "",
	 	 	 	 "Name_Id__pc": "",
	 	 	 	 "Password__pc": "",
	 	 	 	 "Preferred_Name__pc": "",
	 	 	 	 "Qualifying_Premium_Formula__pc": "",
	 	 	 	 "Qualifying_Premium__pc": "",
	 	 	 	 "Region__pc": "",
	 	 	 	 "SSN__pc": "",
	 	 	 	 "Signing_Agent__pc": "",
	 	 	 	 "State_New__pc": "",
	 	 	 	 "State__pc": "",
	 	 	 	 "Status_Producers__pc": "",
	 	 	 	 "Suitability__pc": "",
	 	 	 	 "Unique_Contact_Id__pc": "",
	 	 	 	 "Wants_Copy_of_BIG_Report__pc": "",
	 	 	 	 "YTD_Activity_Premium_Rank__pc": "",
	 	 	 	 "Is_Record_Created_by_System_User__pc": "",
	 	 	 	 "LifePro_Supported_Record__pc": ""
	 	 	 },
	 	 	 "CallCenterId": "",
	 	 	 "Extension": "",
	 	 	 "FederationIdentifier": "",
	 	 	 "AboutMe": "",
	 	 	 "FullPhotoUrl": "",
	 	 	 "SmallPhotoUrl": "",
	 	 	 "IsExtIndicatorVisible": "",
	 	 	 "OutOfOfficeMessage": "",
	 	 	 "MediumPhotoUrl": "",
	 	 	 "DigestFrequency": "",
	 	 	 "DefaultGroupNotificationFrequency": "",
	 	 	 "LastViewedDate": "",
	 	 	 "LastReferencedDate": "",
	 	 	 "BannerPhotoUrl": "",
	 	 	 "SmallBannerPhotoUrl": "",
	 	 	 "MediumBannerPhotoUrl": "",
	 	 	 "IsProfilePhotoActive": "",
	 	 	 "IndividualId": ""
	 	 },
	 	 "EventUuid": "",
	 	 "SalesforceId__c": "",
	 	 "Agent_Number__c": "",
	 	 "Client_Passcode__c": "",
	 	 "Company_Code__c": "",
	 	 "Contract_Date__c": "",
	 	 "Date_of_Birth__c": "",
	 	 "FirstName__c": "",
	 	 "Gender__c": "",
	 	 "Is_Deceased__c": "",
	 	 "LastName__c": "",
	 	 "Last_Modified_DateTime__c": "",
	 	 "MiddleName__c": "",
	 	 "Name_Id__c": "",
	 	 "Name__c": "",
	 	 "Paperless_11_Month_Summary__c": "",
	 	 "Paperless_Annual_Statement__c": "",
	 	 "RecordTypeId__c": "",
	 	 "Region__c": "",
	 	 "Social_Security_Number__c": "",
	 	 "Status_Date__c": "",
	 	 "Status__c": "",
	 	 "Suitability__c": "",
	 	 "TIN__c": "",
	 	 "Tax_Status__c": "",
	 	 "Tax_Witholding_Option__c": "",
	 	 "External_Id__c": "",
	 	 "Version_Id__c": ""
	 }
}</ns1:Data>
            </ns1:SampleData>
         </ns1:sample-data-sets>
      </types1:Entry>
      <types1:GUID>3QQq67JdmOOct3v2XYUTqw</types1:GUID>
      <types1:DisplayName>prcs_SF_ServiceBus_ContractNote</types1:DisplayName>
   </types1:Item>
   <types1:CurrentServerDateTime>2022-05-17T17:23:12.647Z</types1:CurrentServerDateTime>
</aetgt:getResponse>
