<aetgt:getResponse xmlns:aetgt="http://schemas.active-endpoints.com/appmodules/repository/2010/10/avrepository.xsd"
                   xmlns:types1="http://schemas.active-endpoints.com/appmodules/repository/2010/10/avrepository.xsd">
   <types1:Item>
      <types1:EntryId>f5XbeKLUaaaaabb-gt-68873002-2021-12-01T17:51:04.009Z::svc.xml</types1:EntryId>
      <types1:Name>sc-Azure-ServiceBus-Topic-Api</types1:Name>
      <types1:ParentFlowIds>BhFIMeINciZBpDU-gt-44190121-2022-01-25T22:03:25.437Z::conn.xml,huImXycotFgpKi9-gt-68849801-2021-12-01T17:51:04.611Z::conn.xml</types1:ParentFlowIds>
      <types1:MimeType>application/xml+businesssconnector</types1:MimeType>
      <types1:Description>The Service connector for Azure Service bus to write the message to a topic.</types1:Description>
      <types1:AppliesTo/>
      <types1:Tags/>
      <types1:VersionLabel>1.0</types1:VersionLabel>
      <types1:State>CURRENT</types1:State>
      <types1:ProcessGroup/>
      <types1:CreatedBy>sreenivasa.rao.SAML</types1:CreatedBy>
      <types1:CreationDate>2021-12-01T17:51:04Z</types1:CreationDate>
      <types1:ModifiedBy/>
      <types1:PublicationStatus>published</types1:PublicationStatus>
      <types1:PublishedBy>sreenivasa.rao.SAML</types1:PublishedBy>
      <types1:PublicationDate>2021-12-01T18:02:38Z</types1:PublicationDate>
      <types1:PublishedContributionId>project:/rt.connector/sc_Azure_ServiceBus_Topic_Api/sc_Azure_ServiceBus_Topic_Api_svcDef.xml</types1:PublishedContributionId>
      <types1:AutosaveExists>false</types1:AutosaveExists>
      <types1:Entry>
         <businessConnector xmlns="http://schemas.informatica.com/socrates/data-services/2014/05/business-connector-model.xsd"
                            agentOnly="false"
                            debug="false"
                            displayName="sc-Azure-ServiceBus-Topic-Api"
                            label=""
                            name="sc-Azure-ServiceBus-Topic-Api"
                            uuid="8d80b883-3bc7-4d52-baea-90de0a3c9095">
            <description>The Service connector for Azure Service bus to write the message to a topic.</description>
            <tags/>
            <connectionAttributes xmlns="http://schemas.informatica.com/appmodules/screenflow/2014/04/avosConnectors.xsd">
               <connectionAttribute description="oldvalue: sbt-lp-account-changed-001"
                                    masked="false"
                                    name="ServiceBus_Topic"
                                    required="true"
                                    testWith="sbt-lp-policy-notes-changed-001"
                                    type="string"/>
               <connectionAttribute description="oldvalue: https://app-msgsvc-initial-cus-001.azurewebsites.net/message"
                                    masked="false"
                                    name="AzureMsgService_URL"
                                    required="true"
                                    testWith="https://ae-messageservices-sandbox.azurewebsites.net/message"
                                    type="string"/>
               <connectionAttribute description="oldvalue: e9b18bed-424b-420a-b865-e2c0862072ad"
                                    masked="false"
                                    name="Auth_Key"
                                    required="true"
                                    testWith="e9b18bed-424b-420a-b865-e2c0862072ad"
                                    type="string"/>
            </connectionAttributes>
            <actions>
               <action category=""
                       failOnError="true"
                       forSearch="false"
                       label="Azure_ServiceBus_Topic_Api"
                       maxRedirects="100"
                       name="Azure_ServiceBus_Topic_Api"
                       preemptiveAuth="true"
                       responseEncoding="">
                  <description/>
                  <input>
                     <parameter name="Body" required="true" testWith="{&#34;a&#34;:&#34;a&#34;}" type="string"/>
                     <parameter description="d9b2e6a2-9289-448d-ad90-7202900bd58d"
                                name="CorrelationGUID"
                                required="true"
                                testWith="1234"
                                type="string"/>
                  </input>
                  <binding>
                     <restSimpleBinding multiUsing="semicolonSeparated"
                                        url="{fn:concat($AzureMsgService_URL, '/', $ServiceBus_Topic,'/',&#xA;$CorrelationGUID)}"
                                        verb="POST">
                        <httpHeaders>
                           <header name="Content-Type">application/json</header>
                           <header name="Authorization">{fn:concat('API-KEY ', $Auth_Key)}</header>
                        </httpHeaders>
                        <body>{$Body}</body>
                     </restSimpleBinding>
                  </binding>
                  <output>
                     <field description=""
                            name="Resp_AzureMegService_HTTP_StatusCode"
                            responseStatusCode="true"
                            type="string"/>
                  </output>
               </action>
            </actions>
            <objects/>
         </businessConnector>
      </types1:Entry>
      <types1:GUID>6TmfMtyfFMpgAdzOkWYnuW</types1:GUID>
      <types1:DisplayName>sc-Azure-ServiceBus-Topic-Api</types1:DisplayName>
   </types1:Item>
   <types1:CurrentServerDateTime>2022-05-17T17:23:11.756Z</types1:CurrentServerDateTime>
</aetgt:getResponse>
