objectPath,objectName,objectType,id
/Explore/SALESFORCE/Intraday,m_Salesforce_Outbound_To_Salesforce_Producer,DTEMPLATE,fdu7dbds9kkdXF23Cks4CQ
/Explore/SALESFORCE/Daily,Query Email Address,DTEMPLATE,0ekKFGdx4cDcnL5RsQnTOe
/SYS,INFO Salesforce,Connection,4ov2rbGIw2XfxXsLhVxC6P
/Explore/SALESFORCE/InitialLoad,rt_Salesforce_Lookup_SubAccount,DRS,8lIPPfyzLU1bIdpxlU1h0D
/Explore/SALESFORCE/Daily,Update Contact - Hourly,MTT,hy7zsFGztW8jB6tTqpz9Ar
/Explore/SALESFORCE/Daily,Delete Policy Holder Contacts,DTEMPLATE,8RZZIlzwmHHbiBaJykESSy
/Explore/SALESFORCE/Daily,Upsert Wholesaler,MTT,2qLhWJ61leCdYMscJT9uCh
/Explore/SALESFORCE/Intraday,mct_Batch_Start_Salesforce_15Min,MTT,7jWMmlpcYIdcv2rKdw1VIv
/Explore/SALESFORCE/FullLoad,m_Salesforce_Reference_Inbound_Product2_FullLoad,DTEMPLATE,41qcx8G09WHijl1Mutycoi
/Explore/SALESFORCE/InitialLoad,mct_Salesforce_Lookup_Producer,MTT,5eFVyjkgjh6cEtDc5GcFy6
/Explore/SALESFORCE/InitialLoad,mct_Salesforce_Outbound_To_Salesforce_Advisor_Contact,MTT,34JnzKYhiCrhiIJwuiMnmv
/Explore/EDW-UTILITIES,m_Generic_For_PreProcessing_Jobs,DTEMPLATE,e914Lfpzx6AbpjjGOPvBaT
/Explore/SALESFORCE/InitialLoad,mct_Salesforce_Outbound_To_Salesforce_Producer,MTT,6FfnDN7lxEKfyY2znSeLAX
/Explore/SALESFORCE/InitialLoad,mct_Salesforce_Outbound_Account_Wholesaler_StageTruncate,MTT,1kkjmTuCu25kSuZzwGG7YL
/Explore/SALESFORCE/Intraday,mct_Get_Batch_OkToRun_Flag_SalesforceDCX,MTT,0XTgjAV4ECThwTiIrsruq4
/Explore/SALESFORCE/InitialLoad,mct_Salesforce_Producer_StageTruncate,MTT,3UhWQteRroqkFGDBr7L2C8
/Explore/SALESFORCE/Daily,Upsert Initial Allocations,DTEMPLATE,5tGCNeqKzc1jh9gBa9SCUr
/Explore/SALESFORCE/Daily,Query Policy Allocation,MTT,6aFzrtFAh19bKuoVtU1j42
/Explore/SALESFORCE/Events,appconn-sc-Azure-ServiceBus-Topic-ContractNote-Api-dcx,AI_CONNECTION,9mYF6GereaHk0jLgIRZN87
/Explore/SALESFORCE/InitialLoad,mct_rt_Inbound_To_EDW_Landing_Agent_Authorizations,MTT,1PinO85nYx5hfDH7y6IqS6
/Explore/EDW-UTILITIES,m_Update_Step_Status_To_Completed,DTEMPLATE,2jDEZ29u1U6eskYUQyKPc3
/Explore/SALESFORCE/FullLoad,m_Salesforce_Reference_Inbound_Producer_FullLoad,DTEMPLATE,5lYz938O8S1iodfngk0hse
/Explore/SALESFORCE/Daily,Delete Policy,MTT,7aIhxthQ0jhdqcaph9m9m7
/Explore/SALESFORCE/InitialLoad,mct_Salesforce_Account_Address,MTT,auKS8TjnecolsZbmTALmGI
/Explore/SALESFORCE/InitialLoad,mct_Salesforce_Outbound_Account_Address_Sub_Account_StageTruncate,MTT,36AVR8byEIee0qV8moVvyf
/Explore/SALESFORCE/Daily,Query User,DTEMPLATE,kvmZTzivnwAgoyaf7DGNIP
/Explore/SALESFORCE/InitialLoad,m_Salesforce_Outbound_To_Salesforce_Person_Account,DTEMPLATE,5eg3WsD3yImc6POlDEmPCf
/Explore/SALESFORCE/Intraday,mct_Salesforce_Advisor_Contact,MTT,7n0Xzgh66wGdSZbAH1906k
/SYS,EDW_Audit_dbo,Connection,5WGjVjwFgCxbqAtslFFAYv
/Explore/SALESFORCE/InitialLoad,m_Salesforce_Outbound_To_Salesforce_Account_Wholesaler,DTEMPLATE,ksxQ3wCpMuaiJS3SJe09KE
/Explore/SALESFORCE/InitialLoad,mct_Batch_Status_Check_Salesforce_15MIN,MTT,4QC05tRp9OLcSCB3mF89Oo
/Explore/SALESFORCE/Daily,Upsert Product Training,MTT,8J1WpT52dlFhusCFtTjkoP
/Explore/SALESFORCE/FullLoad,m_Salesforce_VersionID_Reset_Contact,DTEMPLATE,eJCm3ntOfQXgJQSbGvFzGy
/Explore/SALESFORCE/InitialLoad,mct_Sub_Account_Delete,MTT,5rrH4lKV1Kxjdg10WpiyI9
/Explore/SALESFORCE/Daily,Update Hierarchy - Hourly,MTT,3V67OJ0ZmOBlKbvSNfL101
/SYS,EDW_SQL_Main_dbo_UAT_AnnuityDocs,Connection,5ReLsNEajsPiF9dZIG64Qz
/Explore/SALESFORCE/Events,appconn-EDW-Audit-dbo-dcx,AI_CONNECTION,kpMkiTLG8gMgLXZTBMAbQ4
/Explore/SALESFORCE/TruncateSalesforce,m_Product_Delete,DTEMPLATE,9YkvcfeiD0Rjqd3EO4Auec
/Explore/SALESFORCE/Daily,Manage_Sync_TEST,TASKFLOW,40VDyaaySVafQbRCpYLn2r
/Explore/SALESFORCE/Daily,Upsert Contact,MTT,5GGa2Q8truRdzE2dzXyUKM
/Explore/SALESFORCE/Intraday,mct_Salesforce_Outbound_To_Salesforce_Product,MTT,2JUJdwYMgUdfltOuzBzGEP
/Explore/SALESFORCE/Intraday,mct_Salesforce_Outbound_To_Salesforce_Allocation,MTT,7UIcRUY8GP1f6S0jew8t63
/Explore/SALESFORCE/Daily,Query Contact,MTT,aWZBJQJdbrkgNyElnUR92w
/Explore/EDW-UTILITIES,m_Update_Batch_Status_To_Failed,DTEMPLATE,4UNdj8vbBB1fZXriM0cloa
/Explore/SALESFORCE/InitialLoad,mct_Product_Delete,MTT,acgOPtOttfQfPLBENZ2Jm3
/Explore/SALESFORCE/InitialLoad,mct_Salesforce_Outbound_Account_BrokerDealer_StageTruncate,MTT,75uabHs7ZwXkjyFsCNSaol
/Explore/SALESFORCE/Daily,Query Policy Holder Contacts,DTEMPLATE,5KKaJyNsX58dIuw8cTqbsK
/Explore/SALESFORCE/FullLoad,mct_Salesforce_Reference_Inbound_Producer_FullLoad,MTT,7vXuV77KwgBcbm4KtVz3SK
/Explore/SALESFORCE/Daily,m_EDWMarketMetrics_SalesforceMarketMetricsJunction,DTEMPLATE,5NBf0FgcWIXd8WhsErZ6WH
/Explore/SALESFORCE/Daily,Update Policy Upline Hierarchies,DTEMPLATE,bpm9D564uycbGZ2GG3T2MJ
/Explore/SALESFORCE/InitialLoad,mct_Salesforce_Outbound_Producer_Address_StageTruncate,MTT,3Q9NAc2pVEjlT126zpdfKx
/Explore/SALESFORCE/InitialLoad,mct_Document_Delete,MTT,dyVBpPjUuEShBeNVUAd5Mq
/Explore/SALESFORCE/InitialLoad,mct_Salesforce_Outbound_Account_Person_StageTruncate,MTT,59EEgtD7ZElhfyvu7ft14p
/Explore/SALESFORCE/Daily,Update Wholesaler Premium,DTEMPLATE,9OfWfeDI1Jaltn329x2AEY
/Explore/SALESFORCE/Intraday,mct_Salesforce_Reference_Inbound_InsurancePolicy,MTT,4EYbQVLP6KQhujR0DRDvon
/Explore/SALESFORCE/InitialLoad,m_Salesforce_Outbound_To_Salesforce_Agent_Tax_Document,DTEMPLATE,9jDnMywq1FubCMLFSCSGk3
/Explore/SALESFORCE/InitialLoad,mct_Salesforce_Advisor_Contact,MTT,aPqJ5YwHOXkfgj9r0tqksu
/Explore/SALESFORCE/Intraday,m_Generic_For_PreProcessing_Jobs,DTEMPLATE,8AWVfO9vYGMgZm1QoimemY
/Explore/SALESFORCE/Daily,Upsert PendingRequirment,MTT,3WpJv1DfoSalTGeZOYBkMy
/Explore/SALESFORCE/Daily,m_Manage_Sync_Job_Status_Check,DTEMPLATE,9ymKbXHUp16i3zGu7y6N89
/Explore/SALESFORCE,FullLoad,Folder,3oKkxvxANBWhnhmwBwL48R
/Explore/SALESFORCE/FullLoad,mct_Salesforce_Reference_Inbound_Product2_FullLoad,MTT,krpeZwxaGg9l0a0p4hMHe2
/Explore/SALESFORCE/Intraday,m_Salesforce_Outbound_To_Salesforce_Account_Address__c,DTEMPLATE,7OJSiJOCciUbKn6fpS9boC
/Explore/SALESFORCE/Daily,Upsert Policy Allocations,DTEMPLATE,5zCbMkuvYiDdmgUUE7YUMx
/SYS,Azure_MLRepository_ML,Connection,a8CxZRD59Y3ciEEMpz25An
/Explore/SALESFORCE/InitialLoad,mct_Salesforce_Outbound_To_Salesforce_Account_Address__c,MTT,eLuLyUlTFuok46ua4XVUkx
/Explore/SALESFORCE/Daily,Upsert Wholesaler Account,DTEMPLATE,1BlNt6GO5jWk0shvrhWRKN
/Explore/SALESFORCE/InitialLoad,mct_Producer_Address_Delete,MTT,0bKJG45EtGgdcn1H5mi0WL
/Explore/SALESFORCE/Daily,Query Record Type,DTEMPLATE,7wjz40FIaDqi1TROf8a5Yf
/Explore/SALESFORCE/Daily,Update Account - Hourly,DTEMPLATE,6ybmiB8zcUWfV4uYeW2LOv
/Explore/SALESFORCE/Daily,Delete Initial Allocations,MTT,kGLQxIdZx2VcDjsRdCBbij
/Explore/SALESFORCE/Daily,Delete Initial Allocations,DTEMPLATE,89AVhNs4v8ukY3hTiWi22E
/Explore/SALESFORCE/Intraday,mct_Salesforce_Upline_Detail,MTT,7f2AdxjU2T3doK6oIRm2u3
/Explore/SALESFORCE/Daily,Manage Sync Completion,DTEMPLATE,56BUQd9UhtPjWQpg9wWsIu
/Explore/SALESFORCE/InitialLoad,rt_Salesforce_Lookups,DRS,akbtQwMDGoik8Hk1jkZa2k
/Explore/SALESFORCE/Daily,Manage Sync Completion,MTT,6QnFgC4bvdPfSu6h54Tqym
/Explore/EDW-UTILITIES,m_Update_Batch_Status_To_Running,DTEMPLATE,8UU3eI0pmyThJd0KFtgc8i
/Explore/SALESFORCE/InitialLoad,m_Salesforce_Outbound_To_Salesforce_Producer_Address,DTEMPLATE,8aFB0TIXyi1h6tbWJxDGMO
/Explore/SALESFORCE/Intraday,m_Salesforce_Outbound_To_Salesforce_Upline_Detail,DTEMPLATE,2t5uZNvIAzQlRMyXrdzS0p
/Explore/SALESFORCE/InitialLoad,mct_Salesforce_Outbound_To_Salesforce_Agent_Tax_Document,MTT,8X9BHIwIDlTgFwVDYMEWkr
/Explore/SALESFORCE/Events,prcs_SF_ServiceBus_Account,PROCESS,3gUG1gxImrWbzVD1tywQyJ
/Explore/SALESFORCE/InitialLoad,mct_Update_Step_Status_to_Failed_Salesforce_Intraday_15MIN,MTT,8r5amBUoNGviNKMToy2nE2
/Explore/SALESFORCE/InitialLoad,mct_Salesforce_Outbound_To_Salesforce_Producer_Policy_Assignment,MTT,1mK9uIGN28Ub0oCb1zV1sr
/Explore/SALESFORCE/Daily,SF Market Metrics to Market Metrics Location Data,TASKFLOW,1oB8GXNDlfyhTv3rXOTJy0
/Explore/SALESFORCE/Intraday,m_Salesforce_Reference_Inbound_Product2,DTEMPLATE,i5p6mMdzCkbb3fct6jJ46s
/Explore/SALESFORCE/Intraday,m_Salesforce_Reference_Inbound_User,DTEMPLATE,0SVPeu9XoM7h3W3wgibFgh
/Explore/SALESFORCE/Daily,Query Hierarchy,DTEMPLATE,5Lsq4EmmsOObq9TRGtsv6q
/Explore/SALESFORCE/FullLoad,m_Salesforce_Reference_Inbound_Address_FullLoad,DTEMPLATE,5lVf9hZDCJrki3OtXLAaad
/Explore/SALESFORCE/Intraday,mct_Salesforce_Agent_Tax_Documents,MTT,1PThg0KvBkhfLEqulSgYsr
/SYS,Snowflake_Insurance,Connection,cqGZrkNrGy1hAtWyTDNKOc
/Explore/SALESFORCE/Daily,Upsert Compliance Attestations,MTT,3Pclgp2arChgK84IoruqGY
/Explore/SALESFORCE/Daily,Query Account,MTT,6Jm3Xk9kFmzfnJqDVKasiW
/Explore/SALESFORCE/Events,appconn-sc-Azure-ServiceBus-Topic-Account-Api-dcx,AI_CONNECTION,aqKyAApKwEbjKMaCJI8JyW
/SYS,EDW_Landing_Salesforce,Connection,5rLa5S7qPhXkF0RxgJJJwY
/Explore/SALESFORCE/InitialLoad,m_Salesforce_Outbound_To_Salesforce_Policy,DTEMPLATE,44qb2qcZ49CkrcBVTPfVgc
/Explore/SALESFORCE/Intraday,stf_Salesforce_DCX_Outbound_Producer,TASKFLOW,6csvAZssbRNd0QXiNzTqWB
/Explore/SALESFORCE/Daily,mt_SnowflakeML_SFContact,MTT,aHPQGXD5spMg5LDmUfF4CY
/SYS,Vendor_File_Actuary,Connection,6uoc2uuUg1Hbrjf3SMNbix
/Explore/SALESFORCE/TruncateSalesforce,m_ProducerPolicyAssignment_Delete,MTT,3LPl26cYaw9hSn0rRQh8iW
/Explore/SALESFORCE/TruncateSalesforce,m_Account_Address_Delete,DTEMPLATE,2UKxO6clPAecuMQpfu7fag
/Explore/SALESFORCE/Daily,Upsert State Training,MTT,3RSuHoxinqakVloY66I7U5
/Explore/SALESFORCE/Intraday,mct_Salesforce_Insurance_Policy_Participant,MTT,ai2aHR0VkgpeoRTy17ZvcF
/Explore/EDW-UTILITIES,m_Update_Batch_Status_To_Completed,DTEMPLATE,9j3sjeGPat6kW2twIazVyZ
/Explore/SALESFORCE/Intraday,mct_Salesforce_Address_StageTruncate,MTT,iydVDP6zDeGf0krU2ZL5Eh
/Explore/SALESFORCE/InitialLoad,rt_Salesforce_Lookup_InsurancePolicyParticipant,DRS,deCDVzznakEkia419MIsyX
/Explore/SALESFORCE/Daily,Upsert Initial Allocations - Full Year,DTEMPLATE,2ORApjreN4FcIlykzOBfKX
/Explore/SALESFORCE/Daily,Update Account - Hourly,MTT,8LaCrH3pZ5cjxjYmyHe4Yp
/Explore/SALESFORCE/Intraday,mct_Salesforce_Account_BrokerDealer_StageTruncate,MTT,a8QdU9BCrWZb9KXIroAsUf
/Explore/SALESFORCE/InitialLoad,mct_Salesforce_Account_NMO,MTT,6QNYx7heyrRf84lnwS2RiF
/Explore/SALESFORCE/Intraday,mct_Salesforce_Producer,MTT,8rHihu3HbuojeDb0aGVi6H
/Explore/SALESFORCE/Intraday,m_Salesforce_Outbound_To_Salesforce_Account_BrokerDealer,DTEMPLATE,8upkOtnAriuhzo68gCVCiQ
/Explore/SALESFORCE/InitialLoad,mct_Batch_Start_Salesforce_15Min,MTT,3WBaI43lLSKglVsixHNUYR
/Explore/SALESFORCE/Daily,Update Contact AML - Hourly,DTEMPLATE,1Oqzm9BOPm2delusazb9ik
/Explore/SALESFORCE/Intraday,mct_Salesforce_Outbound_To_Salesforce_Producer,MTT,8yZll0tDh0Ei03bH5GnFGK
/Explore/SALESFORCE/InitialLoad,mct_Salesforce_Outbound_Account_Business_StageTruncate,MTT,9cDEVDqirgvciy0MPzoteI
/Explore/SALESFORCE/TruncateSalesforce,m_Upline_Producer_Delete,DTEMPLATE,iB2NF3s5foSfgQ1M4EORoz
/Explore/SALESFORCE/InitialLoad,mct_Salesforce_Insurance_Policy_Participant_StageTruncate,MTT,2TF5Tm2TmCZbHWmx6HtiCp
/SYS,EDW_Outbound_Salesforce,Connection,73uk3RHuPm2fsW3m2XXwS6
/Explore/SALESFORCE/InitialLoad,mct_Salesforce_Account_Business,MTT,bycnhZdA7oTbxzNiQi0HCN
/Explore/SALESFORCE/Daily,Query Record Type,MTT,2prprJkSgB7h56uTRaxhC8
/Explore/SALESFORCE/Daily,mct_Delete_Manage_Sync_Job_Status_File,MTT,1kxDGFpHMUPl9U29YTaSmg
/Explore/SALESFORCE/Daily,Upsert Wholesaler Account,MTT,38sdVFoq5ahdB2Smxa8yqN
/Explore/SALESFORCE/InitialLoad,m_ProducerPolicyAssignment_Delete,DTEMPLATE,iO0HcOtatgTeLGXasLVeYI
/Explore/SALESFORCE/Daily,Upsert Account,MTT,5lpYJMO96NyjQ6txyPloms
/Explore/SALESFORCE/Intraday,mct_Salesforce_Outbound_To_Salesforce_Policy,MTT,aLd6Kr7OFKSbp2Wd0AE7s3
/Explore/SALESFORCE/Intraday,m_Salesforce_Outbound_To_Salesforce_Account_NMO,DTEMPLATE,km55lJubPekiKXIlIktXIN
/Explore/SALESFORCE/Daily,mt_AzureML_SFContact,MTT,57FI1uNy747jRJMiwn80CV
/Explore/SALESFORCE/Intraday,mct_Batch_End_Failed_Salesforce_Intraday_15MIN,MTT,2ii94YDvRALl6W2IWwtIQC
/Explore/SALESFORCE/Intraday,m_Salesforce_Outbound_To_Salesforce_Policy_Document,DTEMPLATE,4pGSg84Yd0VeiXzmo8qOGV
/Explore/SALESFORCE/Intraday,stf_Salesforce_DCX_Outbound_Prerequisites,TASKFLOW,fIS0OS8cQIziCIPWXm1UEY
/Explore/SALESFORCE/Daily,Delete Policy,DTEMPLATE,9tYxj7Td7y1gfuE0fBKocN
/Explore/SALESFORCE/Daily,Upsert Policy Holder,DTEMPLATE,7F0svSO6n2IkE1BNMYzjAG
/Explore/SALESFORCE/InitialLoad,mct_Salesforce_Lookups,MTT,dPqfzOab2yJl136Xx3b0cV
/Explore/SALESFORCE/Intraday,mct_Salesforce_Policy_StageTruncate,MTT,5MwzY0AsbApjfmIoa7ApIa
/Explore/SALESFORCE/InitialLoad,mct_InsurancePolicy_Delete,MTT,1GJPl4YBaZ8fdvdSp9k5sH
/Explore/SALESFORCE/InitialLoad,stf_Salesforce_Outbound_Account,TASKFLOW,kMzNbnTyfmBdbRfnky5pU2
/Explore/SALESFORCE/InitialLoad,mct_Salesforce_Outbound_To_Salesforce_SubAccount,MTT,aL1YqLVaca0kECQf4BVE88
/Explore/SALESFORCE/InitialLoad,mct_Salesforce_Product,MTT,6S3asnW1VoBhT8KNl0c0aK
/Explore/SALESFORCE/InitialLoad,m_Salesforce_Outbound_To_Salesforce_Address__c,DTEMPLATE,6G0keynw5E4iesNdhzTEuM
/Explore/SALESFORCE/InitialLoad,m_Contact_Delete,DTEMPLATE,b87yysa4oEigo5P9XAThC6
/Explore/SALESFORCE/Daily,Update Active Email Address,DTEMPLATE,9Sq8pq0Sf0WdSV2sMSeVEa
/Explore/SALESFORCE/Intraday,m_Salesforce_Outbound_To_Salesforce_Product,DTEMPLATE,e15EoxFpCsObZ6Da3OGyYZ
/Explore/SALESFORCE/Intraday,mct_Salesforce_Producer_Upline,MTT,42c6Tw2Gktdjl3PLv1HyQg
/Explore/SALESFORCE/Intraday,stf_Salesforce_DCX_Outbound_Account,TASKFLOW,2wsQoE5vysUhWTczpzzF29
/Explore/SALESFORCE/InitialLoad,mct_Salesforce_PhoneNumber,MTT,aqEMYQRsl6olvqj6cUr12F
/Explore/SALESFORCE/InitialLoad,m_Salesforce_Outbound_To_Salesforce_Account_Address_Sub_Account,DTEMPLATE,5UgBAiRDR0Hd0pHUrVtNCk
/Explore/SALESFORCE/Daily,Manage Hourly Sync_Old,TASKFLOW,5g2Tz7L0Dcue21kGmAKCQo
/Explore/SALESFORCE/Daily,Query Policy,DTEMPLATE,6n3PgAVmhsmg1RVUCQPNmM
/Explore/SALESFORCE/InitialLoad,mct_Salesforce_Outbound_Sub_Account_StageTruncate,MTT,40AdwHtuXGvb98u0yw6Tec
/Explore/SALESFORCE/Intraday,mct_Salesforce_Outbound_To_Salesforce_Account_Business,MTT,4UhbzviXNpyjFdFOKATZA1
/Explore/SALESFORCE/TruncateSalesforce,mct_Account_Address_Delete,MTT,7zHfHL5aeIWh0Z34XPunwJ
/Explore/SALESFORCE/Daily,Upsert License,DTEMPLATE,7q59AJvMPLebz6du1tPzEA
/Explore/SALESFORCE,Daily,Folder,5iioU60FSEAih9pr5smT44
/Explore/SALESFORCE/Intraday,mct_Salesforce_Outbound_Product_StageTruncate,MTT,8Nf5KVkw8fgffFuRyogyAl
/Explore/SALESFORCE/InitialLoad,mct_Salesforce_Outbound_Advisor_Contact_StageTruncate,MTT,kzq0mfpc1CbkYvAwGK1qgQ
/Explore/SALESFORCE/InitialLoad,stf_IntradayAuto_Batch_DCX_15MIN_NotInUse,TASKFLOW,6XxPohfrpkhkHTo4qOFIko
/Explore/SALESFORCE/InitialLoad,m_Salesforce_Outbound_To_Salesforce_Account_Address__c,DTEMPLATE,4nwAlMeaRcejuX8MBkHsaX
/Explore/SALESFORCE/InitialLoad,stf_Salesforce_Outbound_SubAccount,TASKFLOW,aCB57YfAmtcezUFXVn2sCR
/Explore/SALESFORCE/InitialLoad,mct_Contact_Delete,MTT,9B7cMhZ4ormeiMpRTlia0q
/Explore/SALESFORCE/TruncateSalesforce,mct_Producer_Delete,MTT,9LbA3pgDY60h6tg9CEyDkL
/Explore/SALESFORCE/InitialLoad,rt_Inbound_To_EDW_Landing_Family_Authorizations,DRS,kGWhavekGUjkR235qfulaH
/Explore/SALESFORCE/InitialLoad,mct_Salesforce_Address,MTT,6RkM9IqT98ajmB1dzH2IC5
/Explore/SALESFORCE/InitialLoad,mct_Address_Delete,MTT,39NyYEXFHIhi8Jayvu1zOn
/Explore/SALESFORCE/Daily,Delete Email Address,MTT,6clyEewaFd7ge4HZCjpuIp
/Explore/SALESFORCE/Intraday,mct_Salesforce_PhoneNumber,MTT,lo7gjkM0LGfkKDwjBnBhe7
/Explore/SALESFORCE/Intraday,mct_Salesforce_Outbound_Policy_Documents,MTT,1L9OJ3zCaGFjHqnWj5lRiJ
/Explore/SALESFORCE/InitialLoad,m_Document_Delete,DTEMPLATE,8gLym3QRjIueMDOu48GfYR
/Explore/SALESFORCE/FullLoad,m_Salesforce_Reference_Inbound_InsurancePolicy_FullLoad,DTEMPLATE,5uzqxKBFZalfWVsO9vbO8E
/Explore/SALESFORCE/Daily,Update Policy Upline Hierarchies,MTT,7TKcqLz0CeshoMKedcYr26
/Explore/SALESFORCE/Intraday,m_Salesforce_Outbound_To_Salesforce_SubAccount,DTEMPLATE,30nPHDwHcoRgHE5RtysCIf
/Explore/SALESFORCE/Daily,Update Active Email Address,MTT,7bz16zgHZS3lXZf7oddKew
/Explore/SALESFORCE/InitialLoad,mct_Salesforce_Address_StageTruncate,MTT,2VoMphxQT9MimMvAhpf6K2
/Explore/EDW-LIFEPRO,INTRADAY,Folder,0wg2LHI0EFQgvBiX3vAsCT
/Explore/SALESFORCE/Daily,Query Email Address,MTT,3YeBFLq6H6Dlz8rigSoG2U
/Explore/SALESFORCE/Intraday,mct_Salesforce_To_Mapping_Contact,MTT,9H4pdLbI7x6hspI7Kp55Ug
/Explore/SALESFORCE/InitialLoad,m_Sub_Account_Delete,DTEMPLATE,5iRYyZfG8gEf7jdEE4N989
/Explore/SALESFORCE/Intraday,mct_Salesforce_Outbound_To_Salesforce_Policy_Document,MTT,9LPI9MxvRFQgEMwM9q9PeG
/Explore/SALESFORCE/InitialLoad,m_Account_Address_Delete,DTEMPLATE,5krLqYUkjSqdZY95osQy0d
/Explore/SALESFORCE/InitialLoad,mct_rt_Inbound_To_EDW_Landing_Family_Authorizations,MTT,1yd8QB61QyTlWmdphoDFGK
/Explore/SALESFORCE/Intraday,mct_Salesforce_Account_NMO_StageTruncate,MTT,kH4aHFvhugHc9kV6I0fdu2
/Explore/SALESFORCE/Daily,Delete Policy Allocatiions,MTT,fPh04CDgiU9et0OGt1S5oK
/Explore/SALESFORCE/Daily,Upsert Contact,DTEMPLATE,cgNXyqTcEMTdJ8X9CFVl6A
/Explore/SALESFORCE/FullLoad,mct_Salesforce_Reference_Inbound_SubAccount_FullLoad,MTT,cidS03c2B4DbrU4WZ2bEsz
/Explore/SALESFORCE/InitialLoad,mct_Salesforce_Policy_StageTruncate,MTT,2QgHsNbL3awg3iwe8Sf94r
/Explore/SALESFORCE/Daily,Delete PendingRequirement,MTT,2LZS38MLZo6hj3weBd12mu
/Explore/SALESFORCE/Intraday,mct_Salesforce_Account_Institution,MTT,7vi5AmSdNKrhySjsIr2eC1
/Explore/SALESFORCE/Intraday,mct_Salesforce_Account_Wholesaler_StageTruncate,MTT,1DOsWHYIgktdXrSESaiayc
/SYS,AE-INFA-UAT-1,AgentGroup,3xqyD15XaJgfFp428ZQBo0
/SYS,Salesforce,Connection,cUSaSXnn3sfeZqUW11Me2a
/Explore/SALESFORCE/Daily,Upsert Product Training,DTEMPLATE,6XamPFEkAqMeV3DjSd7ScL
/Explore/SALESFORCE/InitialLoad,mct_Salesforce_Producer_Policy_Assignment_StageTruncate,MTT,aLUM9EUh296hbwgBG1riAK
/Explore/SALESFORCE/InitialLoad,mct_Salesforce_Outbound_To_Salesforce_PolicyParticipant,MTT,8xU0Br7mpphjW7sXJd3OE7
/Explore/SALESFORCE/Daily,Upsert Hierarchy,DTEMPLATE,58G9cbi056WbCYepR69xM8
/Explore/SALESFORCE/InitialLoad,rt_Salesforce_Lookup_Producer,DRS,7wjkq4OOwBDffVJscubMS5
/Explore/SALESFORCE/Intraday,mct_Salesforce_Reference_Inbound_User,MTT,14Vvn0XlPQggdnZfyDoJIj
/Explore/SALESFORCE/Events,prcs_SF_ServiceBus_ContractNote,PROCESS,3QQq67JdmOOct3v2XYUTqw
/Explore/SALESFORCE/InitialLoad,stf_Salesforce_Outbound_PolicyDocs,TASKFLOW,9UYmFP5WByghKzw0uooZWo
/Explore/SALESFORCE/InitialLoad,m_Salesforce_Outbound_To_Salesforce_Product,DTEMPLATE,5DGklchSGRylsF3aPi7mId
/Explore/SALESFORCE/Daily,Manage_Sync_Old,TASKFLOW,l9RuAEJzvAakcremmhVOyF
/Explore,SALESFORCE,Project,3Y7h911hZgsbFLhii6nSKK
/Explore/SALESFORCE,InitialLoad,Folder,8OomwZl2pKRlDEHkBaLcAf
/Explore/SALESFORCE/Daily,m_SnowflakeML_SFContact,DTEMPLATE,5xDSJmU6Rtfi7NOfCakJ4m
/Explore/SALESFORCE/InitialLoad,mct_Salesforce_Policy,MTT,91rZusqNC2MhPlY3ElS9QH
/Explore/SALESFORCE/FullLoad,mct_Salesforce_Reference_Inbound_Address_FullLoad,MTT,1tTeb20ynwAcTbdsEihNI3
/Explore/SALESFORCE/InitialLoad,mct_Salesforce_Outbound_To_Salesforce_Allocation,MTT,7e7UQJ4MRLxfivPsOteXcN
/Explore/SALESFORCE/InitialLoad,mct_Salesforce_Outbound_Policy_Documents_StageTruncate,MTT,cDcIj61A4WPckhHk1ArKQp
/Explore/SALESFORCE/InitialLoad,stf_Salesforce_Outbound_Policy,TASKFLOW,9QoeBSP7tche0IpJWNPwaG
/Explore/SALESFORCE/Daily,Upsert Email Address,DTEMPLATE,bEEYIR6TasAcQaPdRfF4cm
/Explore,EDW-LIFEPRO,Project,5CkC2YxGQ8EikLxy8hFngl
/Explore/SALESFORCE/TruncateSalesforce,stf_SF_Delete,TASKFLOW,a6bXA5CnLFWkyzuCfCUJGv
/Explore/SALESFORCE/InitialLoad,mct_Salesforce_Lookup_InsurancePolicy,MTT,1DkihsZVysxiH1S2SDHzyG
/Explore/SALESFORCE/Daily,Query Initial Allocations,MTT,hBFq3xGZRKcgVYdxUT68S0
/Explore/SALESFORCE/Intraday,m_Salesforce_Reference_Inbound_RecordType,DTEMPLATE,dOQC3sEKJSglpr0EOsDosd
/Explore/SALESFORCE/Intraday,m_Salesforce_Outbound_To_Salesforce_Person_Account,DTEMPLATE,1o5rsBu2sGwdt7q1mIwy40
/Explore/SALESFORCE/InitialLoad,mct_Account_Delete,MTT,bRF0AeNEGMAd9ijbQrGdWm
/Explore/SALESFORCE/InitialLoad,mct_Salesforce_Allocation,MTT,blFXPX7B64ZjPk045MnzEu
/Explore/SALESFORCE/Daily,Delete PendingRequirement,DTEMPLATE,4MoP88bRU5Jj74aLsaZlux
/Explore/SALESFORCE/InitialLoad,mct_Salesforce_Outbound_To_Salesforce_Policy,MTT,7SmpJpTWeDHc7ZoM5Yjtm9
/Explore/SALESFORCE/InitialLoad,m_Salesforce_Outbound_To_Salesforce_Account_Business,DTEMPLATE,7dAjC7kIucFh5ijFwfMG4b
/Explore/SALESFORCE/Daily,Update Hierarchy - Broker Dealer Relationship,DTEMPLATE,95Hn2qejoRBfUXgeNzC0aX
/Explore/SALESFORCE/InitialLoad,mct_Salesforce_Outbound_To_Salesforce_Account_Wholesaler,MTT,2MnCkPKA6CDkdhJM9s3jCI
/Explore/SALESFORCE/Intraday,mct_Salesforce_Allocation_StageTruncate,MTT,7kQKqqKtf4Slfo8yIngAIt
/Explore/SALESFORCE/Intraday,mct_Salesforce_Account_Business,MTT,9kRP34YruMqfCAtylfOGo7
/Explore/SALESFORCE/Intraday,mct_Salesforce_Outbound_To_Salesforce_SubAccount,MTT,2FnmBJ43TiMgvYulPUFgeE
/Explore/SALESFORCE/InitialLoad,mct_Salesforce_Outbound_Account_Institution_StageTruncate,MTT,76tb37scBA9hISjZ0LrOs5
/Explore/SALESFORCE/Daily,Upsert State Training,DTEMPLATE,cknqKpML3iugpyQH0saiqJ
/Explore/SALESFORCE/Intraday,mct_Salesforce_Producer_Policy_Assignment,MTT,4rWpKc18LiDbCUNJM8r3Ce
/Explore/SALESFORCE,Intraday,Folder,3peVzwH03iIfqOdhUkfTsv
/Explore/SALESFORCE/InitialLoad,mct_Salesforce_Agent_Tax_Documents_StageTruncate,MTT,jXVsAKNpc49cp13IQ5ACuY
/Explore/SALESFORCE/InitialLoad,m_Salesforce_Outbound_To_Salesforce_Policy_Authorization,DTEMPLATE,8l4gA1vbktyhn3Otv2ToO1
/Explore/SALESFORCE/TruncateSalesforce,mct_Upline_Producer_Delete,MTT,8lMx5wt3qoXdK6N7TtpDmq
/Explore/SALESFORCE/InitialLoad,m_Account_Delete,DTEMPLATE,3ukOC357CE8btAFM9nQY6U
/Explore/SALESFORCE/Events,appconn-Salesforce-dcx-platformevents-ContractNote,AI_CONNECTION,575D9BKIKdJd6HMnGphxma
/Explore/SALESFORCE/TruncateSalesforce,m_Document_Delete,DTEMPLATE,4xvf4olKmxSfpyB8e2yuOg
/Explore/SALESFORCE/Intraday,mct_Batch_Status_Check_Salesforce_15MIN,MTT,lt1W2J4EnalkzxM3bcDF6B
/Explore/SALESFORCE/TruncateSalesforce,m_InsurancePolicyParticipant_Delete,DTEMPLATE,2eAmAybcFb9hSSBxczEGWw
/Explore/SALESFORCE/InitialLoad,stf_SF_Delete,TASKFLOW,5XMcFjlOyl7iSXynkRD922
/Explore/SALESFORCE/InitialLoad,mct_Update_Step_Status_To_Completed_Salesforce_Intraday_15MIN,MTT,7MYuNFEMwzLhXhqYlsaeSz
/Explore/SALESFORCE/Daily,mct_Manage_Sync_Job_Status_Check,MTT,2YnZu9YUmsPk4TzF4MdhMw
/Explore/SALESFORCE/Daily,Update Hierarchy - Hourly,DTEMPLATE,a6C2rXoVLiheKFWEjCq2Yx
/Explore/SALESFORCE/Intraday,mct_Salesforce_Allocation_Rates,MTT,0xXCxxTrCWsepkcsQQelcN
/Explore/SALESFORCE/Daily,Upsert Policy - SQL - Hourly,MTT,07mYWKiC30HgNgrp8l4yIr
/Explore/SALESFORCE/TruncateSalesforce,m_Sub_Account_Delete,DTEMPLATE,53nTDkeJgyrlq14hAW6Wya
/Explore/SALESFORCE/InitialLoad,mct_Salesforce_Agent_Tax_Documents,MTT,1nRHiY3oxw9i2g0QrqPIU3
/Explore/SALESFORCE/InitialLoad,mct_Salesforce_Lookup_Account,MTT,hqA6NCXyyK4lDmSBvUdfC8
/Explore/SALESFORCE/Intraday,mct_Salesforce_Outbound_Account_Address_Sub_Account_StageTruncate,MTT,iuLjVn4MeeNlUjrdmbxHcz
/Explore/SALESFORCE/Intraday,mct_Salesforce_Outbound_To_Salesforce_Address__c,MTT,8Zub7IaqR7fk1UWqtOTqiy
/Explore/SALESFORCE/Daily,m_EDWMarketMetrics_SalesforceMarketMetricsJuntionLeads,DTEMPLATE,7zWW3Z3Mirnkw4qum0BhAc
/Explore/SALESFORCE/Daily,Upsert Policy - SQL,MTT,1fYHOVaDS4HekUvGmUzr4g
/Explore/SALESFORCE/InitialLoad,mct_Salesforce_Account_Institution,MTT,6jOBn1XnAP7dAmlbSbsmSP
/Explore/SALESFORCE/Intraday,mct_Salesforce_Outbound_Policy_Documents_StageTruncate,MTT,hIhunlkLtmqdP8D1S2Ycq7
/Explore/SALESFORCE/Intraday,m_Salesforce_To_Mapping_Contact,DTEMPLATE,8HSxuvrYGjLkqXXaFKzJWJ
/Explore/SALESFORCE/Events,appconn-EDW-Outbound-dbo-dcx,AI_CONNECTION,3lKTT4fqE1njWca10iSzCp
/Explore/SALESFORCE/Daily,Upsert Compliance Attestations,DTEMPLATE,4GgRNIxBaCQiaVrHMSoiuB
/Explore/SALESFORCE/Daily,Update Contact AML - Hourly,MTT,1ODZlKrgOvlgJDIBjbncEt
/Explore/SALESFORCE/InitialLoad,mct_Salesforce_Outbound_To_Salesforce_Account_Address_Sub_Account,MTT,4b2pbldDAqycJnM8gsiB4f
/Explore/SALESFORCE/Intraday,mct_Salesforce_Address,MTT,5FVxUVC8fCpkNSbpSzhtuv
/Explore/SALESFORCE/Intraday,mct_Salesforce_Outbound_To_Salesforce_PolicyParticipant,MTT,5zJPAoqJEyvkHd514s9w62
/Explore/SALESFORCE/Intraday,mct_Salesforce_Outbound_To_Salesforce_Agent_Tax_Document,MTT,i58VDhgyvi1khdWiitZPmi
/Explore/SALESFORCE/InitialLoad,stf_Salesforce_Outbound_Address,TASKFLOW,aNaYaQzdFqhhE0OrezDaWL
/Explore/SALESFORCE/InitialLoad,mct_Salesforce_Outbound_Insurance_Policy_Authorization_Load,MTT,23VkCh0Dsg4l1t0TIbn6AK
/Explore/SALESFORCE/Daily,Upsert Address,DTEMPLATE,auSL8nmqkmUdXLproDKXoy
/Explore/SALESFORCE/TruncateSalesforce,mct_Producer_Address_Delete,MTT,8wctG1C0bhLe7LtgS5oUkw
/Explore/SALESFORCE/Daily,Upsert Address,MTT,lf9KrNpZzqZbZEGZGizliK
/Explore/SALESFORCE/Daily,Upsert Policy - SQL - Hourly,DTEMPLATE,6QGsxM62uk2jajKmWNOfi1
/Explore/SALESFORCE/Intraday,mct_Salesforce_Outbound_To_Salesforce_Person_Account,MTT,9Eb7LbpWIJHiLoUfzx11sx
/Explore/SALESFORCE/InitialLoad,mct_Salesforce_Account_Person,MTT,dWjl7mCHF6UbjYhLcQT4Mz
/Explore/SALESFORCE/InitialLoad,mct_Salesforce_Outbound_To_Salesforce_Account_Business,MTT,4tTofgTOayxfSqpCUslOcv
/Explore/SALESFORCE/Intraday,mct_Batch_End_Completed_Salesforce_Intraday_15MIN,MTT,lH9jGYueas4fURZazpnuEx
/Explore/SALESFORCE/InitialLoad,m_Allocation_Delete,DTEMPLATE,1RXqQaaAD26iWpM4irtbCz
/Explore/SALESFORCE/InitialLoad,m_Salesforce_Outbound_To_Salesforce_Advisor_Contact,DTEMPLATE,9yETetCbWyMimSdnBEpzyS
/Explore/SALESFORCE/Daily,Update Broker Dealer Wholesaler Relationship,MTT,1pswJ4VdTBXktNFgiu03MW
/Explore/SALESFORCE/Daily,Upsert Policy Holder Contacts,DTEMPLATE,3FqGxmsepCfgXCZBzkKcwA
/Explore/SALESFORCE/Intraday,mct_Salesforce_Producer_Policy_Assignment_StageTruncate,MTT,60S7Kk9qBCPcqGJIZaKOuQ
/Explore/SALESFORCE/InitialLoad,mct_Salesforce_Outbound_Policy_Documents,MTT,3h2sEPZcB6elz9DM39qioJ
/Explore/SALESFORCE/Intraday,mct_Salesforce_Outbound_To_Salesforce_Account_Address__c,MTT,71IYHXV1KrIgH0AbcGfdkg
/Explore/SALESFORCE/Intraday,mct_Salesforce_usp_Insert_Hierarchy,MTT,dnVV0hdGGaRh2o9FDXUOa0
/Explore/SALESFORCE/Intraday,mct_Salesforce_Outbound_To_Salesforce_Account_NMO,MTT,62orjqTAuAikI9BOjEW3ME
/Explore/SALESFORCE/Intraday,mct_Salesforce_Outbound_To_Salesforce_Policy_Tax_Document,MTT,26XAXC9FIBcj4PvH4tkwuJ
/Explore/SALESFORCE/Daily,Upsert Email Address,MTT,9KEkPEXlJiBdkmVu12zeuf
/Explore/SALESFORCE/InitialLoad,rt_Salesforce_Lookup_Address__c,DRS,0vPmYRRHuSehUVEuFx2Ekp
/Explore/SALESFORCE/Intraday,mct_Salesforce_Account_Business_StageTruncate,MTT,2JslUQ9uVmDcLjGJNrCEUQ
/Explore/SALESFORCE/Intraday,mct_Salesforce_Account_Person,MTT,4cPHFtZpCXzdIigWxrl0u4
/Explore/SALESFORCE/Daily,Update Hierarchy - Upline and Signing,MTT,98epkAIn1YslUppML1yIcl
/Explore/SALESFORCE/Intraday,mct_Salesforce_Outbound_To_Salesforce_Account_Institution,MTT,3WrNJ9gMnQGddOLotVT3ys
/Explore/SALESFORCE/Intraday,m_Salesforce_Outbound_To_Salesforce_Account_Address_Sub_Account,DTEMPLATE,4u0dH817wQNct27LWnZJ6Q
/Explore/SALESFORCE/Daily,m_Generic_For_PreProcessing_Jobs,DTEMPLATE,hNvvyUNd6kWbgANQa1HRw2
/Explore/SALESFORCE/FullLoad,m_Salesforce_Reference_Inbound_RecordType_FullLoad,DTEMPLATE,9Nj3rCdYJqnbD72ZAvY8WL
/Explore/SALESFORCE/InitialLoad,mct_Salesforce_Outbound_To_Salesforce_Account_Institution,MTT,5zzMzDAJdSxbQmKs71FKoF
/Explore/SALESFORCE/Intraday,m_Salesforce_Outbound_To_Salesforce_Policy_Tax_Document,DTEMPLATE,apOFDHY60fmjpyjEGJY7iI
/Explore/SALESFORCE/InitialLoad,stf_Salesforce_Prerequisites,TASKFLOW,3lSUxd3Hg2yhgWfGTxhvGG
/Explore/SALESFORCE/TruncateSalesforce,m_Producer_Address_Delete,DTEMPLATE,75WnQY7CX0ac3BHMPwcgEJ
/Explore/SALESFORCE/Daily,Query Account,DTEMPLATE,097WaXzWeYSgnPSTweHSON
/Explore/SALESFORCE/Daily,SF Predictive Analytics to Contact,TASKFLOW,4r2fufggwh8jzAPD4FcnUt
/Explore/SALESFORCE/Intraday,m_Salesforce_Outbound_To_Salesforce_Policy,DTEMPLATE,gWoDJTXjFM1cxJ2mceEqwq
/Explore/SALESFORCE/InitialLoad,mct_Account_Address_Delete,MTT,bikV6N2g2GjlimXrZ4sPcV
/Explore/SALESFORCE/Daily,Manage_Sync,TASKFLOW,6HXP3UYba2HdUxQ8WNSdMk
/Explore/SALESFORCE/InitialLoad,mct_Salesforce_to_Outbound_Lookup_Account,MTT,6FoWCMMr9yxfmzraJAV3em
/Explore/SALESFORCE/InitialLoad,mct_Batch_End_Failed_Salesforce_Intraday_15MIN,MTT,08gl93wLb5Wb7zM9qO6Fk9
/Explore/SALESFORCE/InitialLoad,rt_Lookup_InsurancePolicy,DRS,5mga4ZwAs03cLdmQosHNaS
/Explore/SALESFORCE/InitialLoad,m_Salesforce_Account_Delete,DTEMPLATE,6AzIA3hnyJ3bX1k5ePyOkC
/Explore/SALESFORCE/Daily,Upsert Account,DTEMPLATE,gh5wJJHh0KkfWOHxqCkeOt
/Explore/SALESFORCE/InitialLoad,mct_Allocation_Delete,MTT,3Ivws18lYVfhPyJio9KCkC
/Explore/SALESFORCE/Daily,Upsert Hierarchy - SQL,DTEMPLATE,3CjrBtphmuUfH3IX8hYack
/Explore/SALESFORCE/InitialLoad,mct_Get_Batch_OkToRun_Flag_SalesforceDCX,MTT,0Vvx6XNdTGsfnYAExHOni2
/SYS,Vendor_Source_AE_WEB_Server_Glance,Connection,aQv3nl62somjG0viTOZWIk
/Explore/SALESFORCE/InitialLoad,mct_Salesforce_Outbound_To_Salesforce_Person_Account,MTT,1AxEmY2hKbpfWGVPZ2AUml
/Explore/SALESFORCE/FullLoad,mct_Salesforce_VersionID_Reset_Account,MTT,6ioi2insleZeYr6FzZQYik
/Explore/SALESFORCE/Daily,Upsert Policy - SQL,DTEMPLATE,9KPT0AbFv2gjyQPI23GG47
/Explore/SALESFORCE/Intraday,m_Salesforce_Outbound_To_Salesforce_Producer_Address,DTEMPLATE,56Jw1pKdzayg8KH29ayl69
/Explore/SALESFORCE/InitialLoad,m_Salesforce_Outbound_To_Salesforce_Allocation,DTEMPLATE,gbaNLDwTw4ld6OFhWlgZIt
/Explore/SALESFORCE/Intraday,mct_Salesforce_Producer_Address,MTT,hN9RuOQSkoSd1DUCSD3jEs
/Explore/SALESFORCE/Events,sc-Azure-ServiceBus-Topic-Api,AI_SERVICE_CONNECTOR,6TmfMtyfFMpgAdzOkWYnuW
/Explore/SALESFORCE/InitialLoad,mct_Salesforce_Outbound_To_Salesforce_Producer_Address,MTT,2pVRwxz0NBafU1y3K4Os6k
/Explore/SALESFORCE/Intraday,mct_Salesforce_Allocation,MTT,9cMiAHIwKi2dpVpcGehjG7
/Explore/SALESFORCE/Intraday,stf_IntradayAuto_Batch_DCX,TASKFLOW,7poZmqwygS5cMbnXhwdwMj
/Explore/SALESFORCE/TruncateSalesforce,mct_Sub_Account_Delete,MTT,4F55hDra5yTfm9hEzmtSWA
/Explore/SALESFORCE/TruncateSalesforce,mct_Address_Delete,MTT,8Znio3MmBvibB6uXZzUlsT
/Explore/SALESFORCE/Daily,Upsert License,MTT,ddfS1q2H74Fh5ocfE1egOs
/Explore/SALESFORCE/InitialLoad,mct_Salesforce_Outbound_Product_StageTruncate,MTT,3uFWjXEVsm2j6HWvNLvmq2
/Explore/SALESFORCE/InitialLoad,m_InsurancePolicyParticipant_Delete,DTEMPLATE,49VXTensJZ7lsJRMEvtmqU
/Explore/SALESFORCE/InitialLoad,mct_Producer_Delete,MTT,fPeTgVHKg8zjFoeh1h7KS1
/Explore/SALESFORCE/Daily,Upsert Policy,DTEMPLATE,4xZTaaOOySyg5lok2AXNk6
/Explore/SALESFORCE/Daily,mt_EDWMarketMetrics_SalesforceMarketMetricsJunction,MTT,ewhOE4nRSOXbCg90FHQ5gf
/Explore/SALESFORCE/Intraday,mct_Salesforce_Reference_Inbound_SubAccount,MTT,9IQ8dpU47yuh9mbP5I5ZqV
/Explore/SALESFORCE/Events,appconn-servicebus-Insert-dcx,AI_CONNECTION,e49aKggq2Sgbe3Ty6J4Z4L
/Explore/SALESFORCE/TruncateSalesforce,m_Producer_Delete,DTEMPLATE,0ks193LsbeHgOvftTofN2X
/Explore/SALESFORCE/InitialLoad,mct_Salesforce_Lookup_Address__c,MTT,hD5CqmgJROMcMl5SXa3jMF
/Explore/SALESFORCE/Intraday,stf_Salesforce_DCX_Outbound_PolicyDocs,TASKFLOW,e13qBEXdWw9hxaAKrIwjQF
/Explore/SALESFORCE/Daily,Query User,MTT,lPmJOpQOCsbg7qOWhFYpQ5
/Explore/SALESFORCE/Intraday,mct_Salesforce_Account_Wholesaler,MTT,3SNYKeZJ0VgfRz8G9TDKQ3
/Explore/SALESFORCE/Intraday,mct_Salesforce_Insurance_Policy_Participant_StageTruncate,MTT,6lkMwF2uwc9dvgjjfqgXck
/Explore/SALESFORCE/Intraday,m_Salesforce_Outbound_To_Salesforce_Producer_Policy_Assignment,DTEMPLATE,04cwC5sszB1i3XLSoRGYMq
/Explore/SALESFORCE/Intraday,mct_Salesforce_Agent_Tax_Documents_StageTruncate,MTT,6zdb7yGTe9WlI3TgKTyBig
/Explore/SALESFORCE/InitialLoad,mct_Salesforce_Outbound_To_Salesforce_Account_BrokerDealer,MTT,3UJQf47QOqdhi5F8VHBnWa
/Explore/SALESFORCE/Events,appconn-Email-dcx,AI_CONNECTION,5ejuY3UDquQhvU7ldFK8oG
/Explore/SALESFORCE/FullLoad,mct_Salesforce_Reference_Inbound_User_FullLoad,MTT,8EvDsxWVYdddTnf4tlscS1
/Explore/SALESFORCE/InitialLoad,m_Salesforce_Outbound_To_Salesforce_Account_BrokerDealer,DTEMPLATE,1cafw2npwN5lYogBiQpSIi
/Explore/SALESFORCE/InitialLoad,m_Salesforce_Outbound_To_Salesforce_PolicyParticipant,DTEMPLATE,0MNLW96rBWIfsBfzP7h6UK
/Explore/SALESFORCE/Daily,Mapping Demo,DTEMPLATE,5l7uC4MYzU1grp9xeWIYqG
/Explore/SALESFORCE/Daily,Update Wholesaler Premium,MTT,aRAh60Q6bhlhDCtNT4ZOOI
/Explore/SALESFORCE/InitialLoad,mct_Salesforce_Producer,MTT,jNYncVv6pOgfR3L3xPEhmm
/SYS,INFO Warehouse Database,Connection,2waV8cwLCOniWptFDpYiMS
/Explore/SALESFORCE/InitialLoad,m_ProducerPolicyAssignment_Delete,MTT,0KhIhBACiXKde2JJHiuKUG
/Explore/SALESFORCE/InitialLoad,mct_Update_Batch_Status_To_Running_Salesforce,MTT,9Oue3gnbEaPlzALbZmltiW
/Explore/SALESFORCE/Daily,Query PendingRequirment,DTEMPLATE,3SscCtq0X2ukbsBba4ejms
/Explore/SALESFORCE/InitialLoad,mct_Salesforce_BrokerDealer,MTT,cp8FHimsduLjL5GbjNcIU1
/Explore/SALESFORCE/Intraday,mct_Salesforce_Policy_Tax,MTT,dsrpSP29geheFpvdUzPiy9
/Explore/SALESFORCE/Events,PO-ProcedureInfo-account,PROCESS_OBJECT,hgQS26kmRoNffH0zNHPf4h
/Explore/SALESFORCE/Daily,Delete Policy Holder Contacts,MTT,7plsoamp4LYk6E8gJ1Z6Sn
/Explore/SALESFORCE/InitialLoad,stf_Salesforce_Outbound_Producer,TASKFLOW,1Yg2nXG0uEpdqaSAB5Otqi
/Explore/SALESFORCE/Intraday,mct_Salesforce_Outbound_To_Salesforce_Account_Address_Sub_Account,MTT,88ECo9nAZ36l8CtJkmcS2J
/Explore/SALESFORCE/InitialLoad,rt_Inbound_To_EDW_Landing_Agent_Authorizations,DRS,1IYtSU3gzIafYxeCWMyOwo
/Explore/SALESFORCE/InitialLoad,m_Salesforce_Outbound_To_Salesforce_Account_NMO,DTEMPLATE,84QqMRyvyCMiLMYs0lEpUv
/Explore/SALESFORCE/Intraday,mct_Salesforce_Account_Address,MTT,ai6HOEJgNU3clHkNdqGlMd
/Explore/SALESFORCE/Intraday,mct_Salesforce_Outbound_Producer_Address_StageTruncate,MTT,6tL0cFAp3JPiK5dBGdUBMa
/Explore/SALESFORCE/Intraday,m_Salesforce_Outbound_To_Salesforce_Agent_Tax_Document,DTEMPLATE,02jx56TbhmEkSMJAcqU8ql
/Explore/SALESFORCE/Intraday,mct_Salesforce_Reference_Inbound_Product2,MTT,4ArA9JwCMI3d74OolSKIUH
/Explore/SALESFORCE/FullLoad,mct_Salesforce_Reference_Inbound_InsurancePolicy_FullLoad,MTT,6wDLVmfEFmxleibsbPyy2n
/Explore/SALESFORCE/Daily,Upsert Wholesaler,DTEMPLATE,2sO2uHomnRDcNVbFgRvpOR
/Explore/SALESFORCE/Intraday,mct_Update_Batch_Status_To_Running_Salesforce,MTT,5JrGLApeoaSi4KAMuZoZKj
/Explore/SALESFORCE/InitialLoad,rt_Policy_Document,DRS,3vsjT19WVkef1alzIidXmy
/Explore/SALESFORCE/TruncateSalesforce,m_Account_Delete,DTEMPLATE,0iN5MZyk1KrkTulHAP4VEA
/Explore/SALESFORCE/Daily,Query Hierarchy,MTT,80hu1O2CSiDdlDx3DsjHeS
/Explore/SALESFORCE/InitialLoad,mct_Salesforce_Allocation_Rates,MTT,cJred3nSj4Td77lLCNTRaP
/Explore/SALESFORCE/Intraday,mct_Salesforce_Policy,MTT,9mDWwXaHtgkcfh1QqGgMor
/Explore/EDW-LIFEPRO/INTRADAY,m_Intraday_Batch_Status,DTEMPLATE,2ZdADZPfveAfSanM25Q4Qc
/Explore/SALESFORCE/Intraday,mct_Salesforce_Account_Institution_StageTruncate,MTT,bq5NvfffsiqiwVpp2VlAux
/Explore/SALESFORCE/Intraday,mct_Salesforce_Outbound_To_Salesforce_Account_BrokerDealer,MTT,7B7r0TRyb4jevteVHhCkoh
/Explore/SALESFORCE/InitialLoad,mct_Salesforce_Outbound_To_Salesforce_Address__c,MTT,7qd6CPatBmnbgQ2YT7DmyT
/Explore/SALESFORCE/Intraday,m_Salesforce_Outbound_To_Salesforce_Account_Institution,DTEMPLATE,d183MKtJty6eZLYGMt6G8q
/Explore/SALESFORCE/Intraday,mct_Salesforce_Account_Person_StageTruncate,MTT,1RnoAlDjr7sfpY2XYZwXas
/Explore/SALESFORCE/TruncateSalesforce,m_Address_Delete,DTEMPLATE,8kgcBKnTHVhhmi9GdHKMuW
/Explore/SALESFORCE/InitialLoad,m_Salesforce_Outbound_To_Salesforce_Policy_Tax_Document,DTEMPLATE,68DuBxp3cLbf9xcDOOhwM3
/Explore/SALESFORCE/Intraday,mct_Salesforce_Outbound_Advisor_Contact_StageTruncate,MTT,2vP6Wxpl1ujg473HYQvbm9
/Explore/SALESFORCE/InitialLoad,mct_Salesforce_Insurance_Policy_Authorization_StageTruncate,MTT,8cLCM4oVZQLbiKO3SV2oEO
/Explore/SALESFORCE/InitialLoad,mct_Salesforce_Producer_Address,MTT,12KhF1GX8i5gu0QfzPw7iG
/Explore/SALESFORCE/Intraday,mct_Salesforce_Account_NMO,MTT,7T671KzYuVQlPaKk1RlyK6
/Explore/SALESFORCE/Intraday,m_Salesforce_Reference_Inbound_Producer,DTEMPLATE,3GqmSt92sZskwbMxEv0TU3
/Explore/SALESFORCE/InitialLoad,mct_Salesforce_Wholesaler,MTT,hpgWHSHOHULg9weymr4Mm9
/Explore/SALESFORCE/Intraday,mct_Salesforce_Product,MTT,76k6aMQC9RieMbiNVou10z
/Explore/SALESFORCE/Intraday,m_Salesforce_Outbound_To_Salesforce_Advisor_Contact,DTEMPLATE,0KGnMhqojajcBgAwljmJC9
/Explore/SALESFORCE/Intraday,m_Salesforce_Outbound_To_Salesforce_Address__c,DTEMPLATE,4jzeAi7A8zZi6m5rNAjuad
/Explore/SALESFORCE/Daily,Delete Policy Allocations,DTEMPLATE,79mI6jgKa6JbZUDYU3YlgZ
/Explore/SALESFORCE/TruncateSalesforce,mct_Account_Delete,MTT,8LRBEBR4augl2eT2VWzXoG
/SYS,Salesforce DCX,Connection,7Tib1vD2ScLlp1JqgrvJiO
/Explore/SALESFORCE/InitialLoad,m_Salesforce_Outbound_To_Salesforce_SubAccount,DTEMPLATE,aMiJ7XN3aPLeCLiLpl1Cya
/Explore/SALESFORCE/Intraday,mct_Salesforce_Account_BrokerDealer,MTT,8iCgnSHRgU2gYfNNSNtKqu
/Explore/SALESFORCE/InitialLoad,m_Producer_Delete,DTEMPLATE,7mqMTX7DYC9fuoPrDiNdgZ
/Explore/SALESFORCE/InitialLoad,rt_Salesforce_Lookup_InsurancePolicy,DRS,4lEgL6zapUCf3CAcEK1MWd
/Explore/SALESFORCE/Intraday,mct_Salesforce_Outbound_To_Salesforce_Upline_Detail,MTT,cxNkkhxHvE8dGUr8N6AGUX
/Explore/SALESFORCE/Daily,m_AzureML_SFContact,DTEMPLATE,eEryCH0GZozcJTxvNjJu4J
/Explore/SALESFORCE/Daily,Snowflake Predictive Analytics to Salesforce,TASKFLOW,f7YXRuckL6Oe6WK1FnL5O9
/Explore/SALESFORCE/InitialLoad,mct_Salesforce_Outbound_Account_NMO_StageTruncate,MTT,30ttmabYGuUcBESL3i4qGg
/Explore/SALESFORCE/Daily,Upsert Policy Holder,MTT,4aib218BOj5lJbp9gquyQQ
/Explore/SALESFORCE/InitialLoad,mct_Salesforce_Lookup_SubAccount,MTT,5oTMAeQtQ13i3mAqXBzBER
/Explore,EDW-UTILITIES,Project,l2EHseEibgQirnDxhmAliK
/Explore/SALESFORCE/Intraday,mct_Salesforce_Outbound_To_Salesforce_Producer_Address,MTT,6ZBMvQm1TKafYhmwatG4Q7
/Explore/SALESFORCE/Daily,Upsert Initial Allocations,MTT,1r8dQcDFW25jXsxQY8QhyH
/Explore/SALESFORCE/Intraday,m_Salesforce_Outbound_To_Salesforce_PolicyParticipant,DTEMPLATE,5rhFk73sbHabX3vrdnnuK1
/Explore/SALESFORCE/InitialLoad,mct_Salesforce_Outbound_To_Salesforce_Product,MTT,d2jq1gO4TYkeJ4sw5AnPiq
/Explore/SALESFORCE/InitialLoad,m_Address_Delete,DTEMPLATE,2W8c5P7xJ6WihCC5bNFMOW
/Explore/SALESFORCE/Daily,Update Broker Dealer Wholesaler Relationship,DTEMPLATE,2ZbkeMCkkaHfmIcJRDchGh
/Explore/SALESFORCE/TruncateSalesforce,m_Contact_Delete,DTEMPLATE,0AdYJpKZW2uhh8cEb8H00k
/Explore/SALESFORCE/Intraday,mct_Salesforce_Outbound_Account_Address_StageTruncate,MTT,iCrz4cKcBuKi0xIq3U2K6D
/Explore/SALESFORCE/Daily,Upsert PendingRequirement,DTEMPLATE,5QfA2MHHh7RdGmsLWAxScS
/Explore/SALESFORCE/Intraday,mct_Salesforce_Outbound_To_Salesforce_Producer_Upline,MTT,4RfHS3yuGGSlsugRauBQO8
/Explore/SALESFORCE/Intraday,mct_Salesforce_Outbound_Policy_Tax_StageTruncate,MTT,59dhA3hO7qClBB7cXw5ysh
/Explore/SALESFORCE/Intraday,mct_Salesforce_Reference_Inbound_RecordType,MTT,0pamvXMbTROlgGRgXu41gZ
/Explore/SALESFORCE/Daily,m_EDWMarketMetrics_SalesforceMMLD,DTEMPLATE,9IMaQWe26Wefkb1BxrKfwt
/Explore/SALESFORCE/InitialLoad,stf_Salesforce_Outbound_Contact,TASKFLOW,1priGIkGuaQgobq9UYBFMr
/Explore/SALESFORCE/InitialLoad,mct_Salesforce_Outbound_To_Salesforce_Account_NMO,MTT,2ASpa6H5scBbfmYZpoK8Ku
/Explore/SALESFORCE/Intraday,m_Salesforce_Reference_Inbound_SubAccount,DTEMPLATE,770ceS1SxWYd2dg6A8pR2g
/Explore/SALESFORCE/TruncateSalesforce,mct_Contact_Delete,MTT,6qrsTFoxnHLjoNmQUVY4mO
/Explore/SALESFORCE/Daily,Upsert Broker Dealer,MTT,6IvRCGrYD1miVbqlUBuKGw
/Explore/SALESFORCE/Intraday,m_Salesforce_To_Mapping_Account,DTEMPLATE,94DrDs2jn5Lfpi1A0dt9YG
/Explore/SALESFORCE/Daily,Upsert Policy Holder Contacts,MTT,9zjTDfyt69Ult2OwIjDiCn
/Explore/SALESFORCE/Intraday,mct_Salesforce_Producer_StageTruncate,MTT,2ttr4TLwqCFjQEeCqvemU6
/Explore/SALESFORCE/Daily,Upsert Policy Allocations,MTT,lACHUrf4TSIeMUSkoYjpY9
/SYS,EDW_Infa_Shared_UserParamDir,Connection,jVOK760GTiybiFfQLxLkGl
/Explore/SALESFORCE/Intraday,stf_Salesforce_DCX_Outbound_Address,TASKFLOW,3UoOUppi1ZHczbkj1tuFac
/Explore/SALESFORCE/TruncateSalesforce,mct_InsurancePolicyParticipant_Delete,MTT,2ig95p4ruW8iT2Ao9uzjmE
/Explore/SALESFORCE/InitialLoad,m_Salesforce_Outbound_To_Salesforce_Producer,DTEMPLATE,aEtqVl4JXidd00Hm06GCiF
/Explore/SALESFORCE/TruncateSalesforce,mct_Allocation_Delete,MTT,4I7rQndReo6cVExcyTNsgr
/Explore/SALESFORCE/Intraday,mct_Salesforce_Reference_Inbound_Address,MTT,9b7lpUWe8YzhNQBbBSaYmI
/Explore/SALESFORCE/Daily,Upsert Monthly Premium,DTEMPLATE,8piDfqKRpIdlxIoPWjNeod
/Explore/SALESFORCE/Intraday,mct_Salesforce_Outbound_To_Salesforce_Account_Wholesaler,MTT,3susn4gBQfBeFzuEFsLTUY
/Explore/SALESFORCE/Daily,Delete Email Address,DTEMPLATE,lNPngjNBhoqggw7WuQpgUz
/Explore/SALESFORCE/Intraday,m_Salesforce_Outbound_To_Salesforce_Allocation,DTEMPLATE,dLiC9hZUUcwbMLRUEBpbQy
/Explore/SALESFORCE/TruncateSalesforce,m_Allocation_Delete,DTEMPLATE,3R1x37I1vWbgcqg0wvXgUZ
/Explore/SALESFORCE/Daily,Query Contact,DTEMPLATE,8y7vSKoj9zteFS409MPzgA
/Explore/SALESFORCE/InitialLoad,m_InsurancePolicy_Delete,DTEMPLATE,6bYwEzEWoB7jICmE6Mcq6W
/Explore/SALESFORCE/InitialLoad,mct_Salesforce_Producer_Policy_Assignment,MTT,0x2Hoj5ysiLdnR8tUEAk8U
/Explore/SALESFORCE/Intraday,stf_Salesforce_DCX_Outbound_Contact,TASKFLOW,9OviUj7B33aeNODJSgmVMW
/Explore/SALESFORCE/Intraday,m_Salesforce_Outbound_To_Salesforce_Account_Business,DTEMPLATE,apODAlQ5oregcFNkFo2SIG
/Explore/SALESFORCE/InitialLoad,m_Salesforce_Outbound_To_Salesforce_Policy_Document,DTEMPLATE,3US72hQBc2ujQf4dMpijyL
/Explore/SALESFORCE/Daily,Manage Hourly Sync,TASKFLOW,7sV2w7eK062hFUYWH3R78z
/Explore/EDW-UTILITIES,m_Update_Step_Status_To_Failed,DTEMPLATE,hTJL356dmUAjAqr56JqI6n
/Explore/SALESFORCE/FullLoad,mct_Salesforce_VersionID_Reset_Contact,MTT,aiFT8bctBcegV5KQsTKiQ5
/Explore/SALESFORCE/TruncateSalesforce,mct_InsurancePolicy_Delete,MTT,cVXTrNC3cq0guYRa8rTMe0
/Explore/SALESFORCE/Intraday,mct_Salesforce_To_Mapping_Account,MTT,4SQks2BG3hwj9RKn1jpQGx
/Explore/SALESFORCE/InitialLoad,mct_Salesforce_Insurance_Policy_Participant,MTT,8aZjEi3udmOgsUFQzXYjYf
/Explore/SALESFORCE/Intraday,mct_Salesforce_Sub_Account,MTT,7ACYt7Eww4RdZEf8fVvGeH
/Explore/SALESFORCE/Daily,Upsert Hierarchy - SQL,MTT,evrHh1Gv9GDjTmGa3uj7eF
/Explore/SALESFORCE/Daily,Upsert Hierarchy,MTT,aMBXhHMWSUTdGbjJ7satEk
/Explore/SALESFORCE/InitialLoad,mct_Salesforce_Outbound_To_Salesforce_Policy_Tax_Document,MTT,b8ZO3wUiKk1bh5Nb5GVLq9
/Explore/SALESFORCE/Daily,Update Contacts as Signing Agent,DTEMPLATE,6BKhLqsPduhgb6hAOFNY6F
/Explore/SALESFORCE/Intraday,mct_Salesforce_Reference_Inbound_Producer,MTT,1OYIKQBE7PFjIcs037amWq
/Explore/SALESFORCE/FullLoad,m_Salesforce_Reference_Inbound_User_FullLoad,DTEMPLATE,7vssusCQPKnkMmOwIKCVUO
/Explore/SALESFORCE/InitialLoad,mct_Salesforce_Outbound_To_Salesforce_Policy_Authorization,MTT,dCZHLqp9mIvgUWyFSvtiCM
/Explore/SALESFORCE/Intraday,mct_Salesforce_Outbound_To_Salesforce_Producer_Policy_Assignment,MTT,9lFdxQhhJYXjVM4jyq2WYS
/Explore/SALESFORCE/Intraday,mct_Salesforce_Upline_Detail_StageTruncate,MTT,eWeBB1MOWUVjKK3C94yna0
/Explore/SALESFORCE/InitialLoad,rt_Salesforce_Lookup_Contact,DRS,9JjLVesFBcNjuQritdUuST
/Explore/SALESFORCE/Daily,Query Policy,MTT,0bBuN3NSxKckrTa87Q7fGs
/Explore/SALESFORCE/TruncateSalesforce,m_ProducerPolicyAssignment_Delete,DTEMPLATE,3pBcdHdcAIalRSXRbe4qGl
/Explore/SALESFORCE/InitialLoad,m_Salesforce_to_Outbound_Lookup_Account,DTEMPLATE,jC4RxS2AfmYbJUDdl8ZBUB
/Explore/SALESFORCE/Daily,mt_EDWMarketMetrics_SalesforceLeadsMMOJunction,MTT,1cAezqBMckXb9pc4kmtumc
/Explore/SALESFORCE/InitialLoad,m_Product_Delete,DTEMPLATE,02upRqEfYcniw270E3ABSs
/Explore/SALESFORCE/InitialLoad,mct_Salesforce_Allocation_StageTruncate,MTT,1AvdB9YNZF2irbXRniwtON
/Explore/SALESFORCE/Daily,Update Contact - Hourly,DTEMPLATE,6qfzTAQZPSbdGO1YztkwSj
/Explore/SALESFORCE/TruncateSalesforce,m_InsurancePolicy_Delete,DTEMPLATE,0mLWkqZY74ceLfBKqmGWmd
/Explore/SALESFORCE/Daily,Upsert Monthly Premium,MTT,0JDsq4B7vUTew0BWJNPx4j
/Explore/SALESFORCE/Daily,Query PendingRequirment,MTT,8vtj60PfNx1di9hEP9nUuC
/Explore/SALESFORCE/InitialLoad,mct_InsurancePolicyParticipant_Delete,MTT,2YK4WiitUved9BzSzCJyOl
/Explore/SALESFORCE/Daily,mct_Create_Manage_Sync_Job_Status_File,MTT,0DKApjHVJXhclnI0cQ2g8G
/Explore/SALESFORCE/TruncateSalesforce,mct_Document_Delete,MTT,a6ptqjLe9sohPE8ghmdru5
/Explore/SALESFORCE/InitialLoad,mct_Salesforce_Outbound_Account_Address_StageTruncate,MTT,9Bh58eELd4Ri7f8vgcLOEO
/Explore/SALESFORCE/InitialLoad,mct_Batch_End_Completed_Salesforce_Intraday_15MIN,MTT,38HIhh4zJwnek0SAZ1q6YY
/Explore/SALESFORCE/Intraday,stf_Salesforce_DCX_Outbound_Policy,TASKFLOW,dfYLHPd46mmlDmFkCkRRU1
/Explore/SALESFORCE/Intraday,stf_Salesforce_DCX_Outbound_SubAccount,TASKFLOW,8Qnw4hxKBTOjmLxy6vNXMf
/Explore/SALESFORCE/Intraday,mct_Salesforce_Upsert_Contact_NameId,MTT,h8qkCf701yHdfXlW3kYeYJ
/Explore/SALESFORCE/Intraday,mct_Salesforce_Outbound_To_Salesforce_Advisor_Contact,MTT,2tZP9pADwqicZqLi2trogy
/Explore/SALESFORCE/InitialLoad,mct_Salesforce_Outbound_To_Salesforce_Policy_Document,MTT,dve9jSl2ha5gWpGkKaTDUc
/Explore/SALESFORCE/FullLoad,m_Salesforce_VersionID_Reset_Account,DTEMPLATE,6JhOwT4qK1Bg3Y5DNxBSiT
/Explore/SALESFORCE/InitialLoad,mct_Salesforce_Outbound_Policy_Tax_StageTruncate,MTT,8PRE11xCaKHbVrWbKRfLAt
/Explore/SALESFORCE/InitialLoad,m_Salesforce_Outbound_To_Salesforce_Producer_Policy_Assignment,DTEMPLATE,3wEFbbbrDDgd90DiIbwa2y
/Explore/SALESFORCE/Events,prcs_AzureServiceBus_MSSQL_Mapping_Account,PROCESS,7R7myUhiGw2klMW2XxpsqV
/Explore/SALESFORCE/Intraday,m_Salesforce_Reference_Inbound_Address,DTEMPLATE,3yWrI9oBJQZkL5rL24oB4Y
/Explore/SALESFORCE/InitialLoad,m_Salesforce_Outbound_To_Salesforce_Account_Institution,DTEMPLATE,0Lp8GdAKgKWjfKyB6Ug1GO
/Explore/SALESFORCE/Daily,Upsert Broker Dealer,DTEMPLATE,bNehlQm0oEebvVMBaA7O6z
/Explore/SALESFORCE/Intraday,mct_Salesforce_Account_Address_Sub_Account,MTT,1DxmSjYuXxucoYv80cQE4A
/Explore/SALESFORCE/Intraday,mct_Update_Step_Status_to_Failed_Salesforce_Intraday_15MIN,MTT,hljRxuFV42Nk2p5STqiiqM
/Explore/SALESFORCE/Intraday,mct_Salesforce_Outbound_Sub_Account_StageTruncate,MTT,2tNmWP55L7HkIvDLApVHuX
/Explore/SALESFORCE/FullLoad,m_Salesforce_Reference_Inbound_SubAccount_FullLoad,DTEMPLATE,gvNwiYGajOOkCffZBWrIof
/SYS,EDW_Infa_Shared_UserParamDir_NetworkDrive,Connection,drd0UZh05EUd4Il8kCquGf
/Explore/SALESFORCE,Events,Folder,4SYzvLVjOdUbXbhnCkvg6k
/Explore/SALESFORCE/Intraday,m_Salesforce_Reference_Inbound_InsurancePolicy,DTEMPLATE,5DyERZm8OolgRfCr7AAcGX
/Explore/SALESFORCE/Daily,Update Contacts as Signing Agent,MTT,5pz3R7LzMSEfAqwMxATGoy
/Explore/SALESFORCE/Daily,Policy Holder Contacts,TASKFLOW,05yJ9moBXL6db5gN6iYlaM
/Explore/SALESFORCE/Daily,Query Initial Allocations,DTEMPLATE,btBm3F28weFlQbqnBi5nUe
/Explore/SALESFORCE/Daily,Delete Policy Holder,DTEMPLATE,8JPM0IM3DMwdCchTbLuFo4
/Explore/SALESFORCE/Daily,Query Policy Allocations,DTEMPLATE,i4lGDMHbCg9cu6pZLwYimR
/Explore/SALESFORCE/Daily,Update Hierarchy - Broker Dealer Relationship,MTT,7B7K8F6X4OokKQZ1M0OM2N
/Explore/SALESFORCE/Intraday,m_Salesforce_Outbound_To_Salesforce_Producer_Upline,DTEMPLATE,2DuarIlxReIig3YnsC3tsG
/Explore/SALESFORCE/Intraday,mct_Salesforce_Producer_Upline_StageTruncate,MTT,bsUb9EeGKcXc1Eww3Onwkr
/SYS,Warehouse_Salesforce,Connection,3q24I592JwgdX6dkNDSnQC
/Explore/SALESFORCE/Daily,Upsert Policy,MTT,ickjpJIKj62ccifNkW5EkC
/Explore/SALESFORCE/InitialLoad,mct_Salesforce_Lookup_Contact,MTT,496nMX0oj36i0DDzCLFyer
/Explore/SALESFORCE/Daily,Update Hierarchy - Upline and Signing,DTEMPLATE,59Y0KWQRKoRcIbc4u9tI4o
/Explore/SALESFORCE/Events,appconn-Salesforce-dcx-platformevents,AI_CONNECTION,8h95RD0TbFiltgaa0843I4
/Explore/SALESFORCE/TruncateSalesforce,mct_Product_Delete,MTT,ayAEE7WgMeAfTfoNed7cwA
/Explore/SALESFORCE,TruncateSalesforce,Folder,7Q9rolXhju3fazku5tAI2u
/Explore/SALESFORCE/InitialLoad,mct_Salesforce_Account_Address_Sub_Account,MTT,aVr9KERy4mHdISS9OgXeSb
/Explore/SALESFORCE/Daily,Upsert Initial Allocations - Full Year,MTT,1WnzcfVuR9rg7VF2XhnkUO
/Explore/SALESFORCE/Intraday,mct_Update_Step_Status_To_Completed_Salesforce_Intraday_15MIN,MTT,lL0Jhi2xOE8brO44sa50gn
/Explore/SALESFORCE/Intraday,m_Salesforce_Outbound_To_Salesforce_Account_Wholesaler,DTEMPLATE,5eZvg8QdOWLfklUqvlOPC5
/Explore/SALESFORCE/InitialLoad,mct_Salesforce_Policy_Tax,MTT,6iNI15eZvW5chSCDCnTa0C
/Explore/SALESFORCE/InitialLoad,mct_Salesforce_Sub_Account,MTT,9AwTLiWwjfzdhGTUuh2ZO1
/Explore/EDW-UTILITIES,m_Get_Batch_OkToRun_Flag,DTEMPLATE,knhwqEJlvc6lt4iuJY2Pwv
/Explore/SALESFORCE/InitialLoad,m_Producer_Address_Delete,DTEMPLATE,3g5UrHhQqqWlCklkHZGXgR
/SYS,EDW_DataLake,Connection,aLrwc0ObWZjffP9LV4pD8d
/Explore/SALESFORCE/InitialLoad,rt_Salesforce_Lookup_Account,DRS,iT6NLit7dkigfxKgbf7fWs
/Explore/SALESFORCE/FullLoad,mct_Salesforce_Reference_Inbound_RecordType_FullLoad,MTT,2MDYivKQZGFiZXuDFyiUa9
/Explore/SALESFORCE/Daily,mt_EDWDataLake_SFMarketMetrics,MTT,4ZaJLFs9H8zl82pBRQVEai