<aetgt:getResponse xmlns:aetgt="http://schemas.active-endpoints.com/appmodules/repository/2010/10/avrepository.xsd"
                   xmlns:types1="http://schemas.active-endpoints.com/appmodules/repository/2010/10/avrepository.xsd">
   <types1:Item>
      <types1:EntryId>21ErhNzUzeA8rJ4-gt-8935965-2020-04-28T18:35:10.859Z::tf.xml</types1:EntryId>
      <types1:Name>Manage_Hourly_Sync_Old</types1:Name>
      <types1:MimeType>application/xml+taskflow</types1:MimeType>
      <types1:Description/>
      <types1:AppliesTo/>
      <types1:Tags/>
      <types1:VersionLabel>1.0</types1:VersionLabel>
      <types1:State>CURRENT</types1:State>
      <types1:ProcessGroup/>
      <types1:CreatedBy>Lokesh.Bandlamudi@american-equity.com.uat</types1:CreatedBy>
      <types1:CreationDate>2020-04-28T18:35:11Z</types1:CreationDate>
      <types1:ModifiedBy>Lokesh.Bandlamudi@american-equity.com.uat</types1:ModifiedBy>
      <types1:ModificationDate>2020-10-27T19:11:58Z</types1:ModificationDate>
      <types1:PublicationStatus>out-of-date</types1:PublicationStatus>
      <types1:PublishedBy>Lokesh.Bandlamudi@american-equity.com.uat</types1:PublishedBy>
      <types1:PublicationDate>2020-04-29T14:00:03Z</types1:PublicationDate>
      <types1:PublishedContributionId>project:/tf.Manage_Hourly_Sync/Manage_Hourly_Sync.tf.xml</types1:PublishedContributionId>
      <types1:AutosaveExists>false</types1:AutosaveExists>
      <types1:Entry>
         <taskflow xmlns="http://schemas.active-endpoints.com/appmodules/screenflow/2010/10/avosScreenflow.xsd"
                   xmlns:list="urn:activevos:spi:list:functions"
                   displayName="Manage Hourly Sync_Old"
                   name="Manage_Hourly_Sync_Old"
                   overrideAPIName="false">
            <appliesTo/>
            <description/>
            <tags/>
            <generator>Informatica Process Designer 11</generator>
            <tempFields>
               <field description="" name="Update Account - Hourly" type="reference">
                  <options>
                     <option name="referenceTo">$po:Update-Account---Hourly</option>
                  </options>
               </field>
               <field description="" name="Update Contact - Hourly" type="reference">
                  <options>
                     <option name="referenceTo">$po:Update-Contact---Hourly</option>
                  </options>
               </field>
               <field description=""
                      name="Upsert Product Training - Hourly"
                      type="reference">
                  <options>
                     <option name="referenceTo">$po:Upsert-Product-Training</option>
                  </options>
               </field>
               <field description=""
                      name="Upsert State Training - Hourly"
                      type="reference">
                  <options>
                     <option name="referenceTo">$po:Upsert-State-Training</option>
                  </options>
               </field>
               <field description="" name="Update Contact AML - Hourly" type="reference">
                  <options>
                     <option name="referenceTo">$po:Update-Contact-AML---Hourly</option>
                  </options>
               </field>
               <field description="" name="Update Hierarchy - Hourly" type="reference">
                  <options>
                     <option name="referenceTo">$po:Update-Hierarchy---Hourly</option>
                  </options>
               </field>
               <field description=""
                      name="Upsert Compliance Attestations - Hourly"
                      type="reference">
                  <options>
                     <option name="referenceTo">$po:Upsert-Compliance-Attestations</option>
                  </options>
               </field>
               <field description="" name="Upsert Policy - SQL - Hourly" type="reference">
                  <options>
                     <option name="referenceTo">$po:Upsert-Policy---SQL---Hourly</option>
                  </options>
               </field>
               <field description="" name="Upsert Policy" type="reference">
                  <options>
                     <option name="referenceTo">$po:Upsert-Policy</option>
                  </options>
               </field>
               <field description="" name="Delete Policy" type="reference">
                  <options>
                     <option name="referenceTo">$po:Delete-Policy</option>
                  </options>
               </field>
               <field description="" name="Upsert Policy Holder" type="reference">
                  <options>
                     <option name="referenceTo">$po:Upsert-Policy-Holder</option>
                  </options>
               </field>
               <field description="" name="Query Policy" type="reference">
                  <options>
                     <option name="referenceTo">$po:Query-Policy</option>
                  </options>
               </field>
            </tempFields>
            <notes/>
            <deployment suspendOnFault="false" tracingLevel="verbose">
               <rest/>
            </deployment>
            <flow id="a">
               <start id="b">
                  <link id="juk89zgf" targetId="juk89zge"/>
               </start>
               <container id="juk89zge" type="parallel">
                  <title>Parallel Paths 1</title>
                  <flow id="juk89zgi">
                     <container id="juk89zh4" type="parallel">
                        <title>Parallel Paths 3</title>
                        <flow id="juk89zh9">
                           <eventContainer id="juk89zmz">
                              <service id="juk89zic">
                                 <title>Update Contact - Hourly</title>
                                 <serviceName>ICSExecuteDataTask</serviceName>
                                 <serviceGUID/>
                                 <serviceInput>
                                    <parameter name="Wait for Task to Complete" source="constant" updatable="true">true</parameter>
                                    <parameter name="Max Wait" source="constant" updatable="true">86400</parameter>
                                    <parameter name="Task Name" source="constant" updatable="true">Update Contact - Hourly</parameter>
                                    <parameter name="GUID" source="constant" updatable="true">hy7zsFGztW8jB6tTqpz9Ar</parameter>
                                    <parameter name="Task Type" source="constant" updatable="true">MCT</parameter>
                                    <parameter name="Has Inout Parameters" source="constant" updatable="true">false</parameter>
                                    <parameter name="taskField" source="nested">
                                       <operation source="field" to="Update-Contact---Hourly">temp.Update Contact - Hourly</operation>
                                    </parameter>
                                 </serviceInput>
                                 <serviceOutput>
                                    <operation source="field" to="temp.Update Contact - Hourly/output">Success Source Rows</operation>
                                    <operation source="field" to="temp.Update Contact - Hourly/output/Object_Name">Object Name</operation>
                                    <operation source="field" to="temp.Update Contact - Hourly/output/Run_Id">Run Id</operation>
                                    <operation source="field" to="temp.Update Contact - Hourly/output/Log_Id">Log Id</operation>
                                    <operation source="field" to="temp.Update Contact - Hourly/output/Task_Status">Task Status</operation>
                                    <operation source="field"
                                               to="temp.Update Contact - Hourly/output/Success_Source_Rows">Success Source Rows</operation>
                                    <operation source="field"
                                               to="temp.Update Contact - Hourly/output/Failed_Source_Rows">Failed Source Rows</operation>
                                    <operation source="field"
                                               to="temp.Update Contact - Hourly/output/Success_Target_Rows">Success Target Rows</operation>
                                    <operation source="field"
                                               to="temp.Update Contact - Hourly/output/Failed_Target_Rows">Failed Target Rows</operation>
                                    <operation source="field" to="temp.Update Contact - Hourly/output/Start_Time">Start Time</operation>
                                    <operation source="field" to="temp.Update Contact - Hourly/output/End_Time">End Time</operation>
                                    <operation source="field" to="temp.Update Contact - Hourly/output/Error_Message">Error Message</operation>
                                 </serviceOutput>
                              </service>
                              <events>
                                 <catch faultField="temp.Update Contact - Hourly/fault"
                                        id="juk89zmx"
                                        interrupting="true"
                                        name="error">
                                    <suspend/>
                                 </catch>
                                 <catch faultField="temp.Update Contact - Hourly/fault"
                                        id="juk89zmy"
                                        interrupting="true"
                                        name="warning"/>
                              </events>
                           </eventContainer>
                           <link id="juk89zha" targetId="juk89zh4" type="containerLink"/>
                        </flow>
                        <flow id="juk89zh6">
                           <eventContainer id="juk89zla">
                              <service id="juk89zi0">
                                 <title>Update Account - Hourly</title>
                                 <serviceName>ICSExecuteDataTask</serviceName>
                                 <serviceGUID/>
                                 <serviceInput>
                                    <parameter name="Wait for Task to Complete" source="constant" updatable="true">true</parameter>
                                    <parameter name="Max Wait" source="constant" updatable="true">86400</parameter>
                                    <parameter name="Task Name" source="constant" updatable="true">Update Account - Hourly</parameter>
                                    <parameter name="GUID" source="constant" updatable="true">8LaCrH3pZ5cjxjYmyHe4Yp</parameter>
                                    <parameter name="Task Type" source="constant" updatable="true">MCT</parameter>
                                    <parameter name="Has Inout Parameters" source="constant" updatable="true">false</parameter>
                                    <parameter name="taskField" source="nested">
                                       <operation source="field" to="Update-Account---Hourly">temp.Update Account - Hourly</operation>
                                    </parameter>
                                 </serviceInput>
                                 <serviceOutput>
                                    <operation source="field" to="temp.Update Account - Hourly/output">Success Source Rows</operation>
                                    <operation source="field" to="temp.Update Account - Hourly/output/Object_Name">Object Name</operation>
                                    <operation source="field" to="temp.Update Account - Hourly/output/Run_Id">Run Id</operation>
                                    <operation source="field" to="temp.Update Account - Hourly/output/Log_Id">Log Id</operation>
                                    <operation source="field" to="temp.Update Account - Hourly/output/Task_Status">Task Status</operation>
                                    <operation source="field"
                                               to="temp.Update Account - Hourly/output/Success_Source_Rows">Success Source Rows</operation>
                                    <operation source="field"
                                               to="temp.Update Account - Hourly/output/Failed_Source_Rows">Failed Source Rows</operation>
                                    <operation source="field"
                                               to="temp.Update Account - Hourly/output/Success_Target_Rows">Success Target Rows</operation>
                                    <operation source="field"
                                               to="temp.Update Account - Hourly/output/Failed_Target_Rows">Failed Target Rows</operation>
                                    <operation source="field" to="temp.Update Account - Hourly/output/Start_Time">Start Time</operation>
                                    <operation source="field" to="temp.Update Account - Hourly/output/End_Time">End Time</operation>
                                    <operation source="field" to="temp.Update Account - Hourly/output/Error_Message">Error Message</operation>
                                 </serviceOutput>
                              </service>
                              <events>
                                 <catch faultField="temp.Update Account - Hourly/fault"
                                        id="juk89zl8"
                                        interrupting="true"
                                        name="error">
                                    <suspend/>
                                 </catch>
                                 <catch faultField="temp.Update Account - Hourly/fault"
                                        id="juk89zl9"
                                        interrupting="true"
                                        name="warning"/>
                              </events>
                           </eventContainer>
                           <link id="juk89zh7" targetId="juk89zh4" type="containerLink"/>
                        </flow>
                        <link id="juk89zh8" targetId="juk89zh9" type="containerLink"/>
                        <link id="juk89zh5" targetId="juk89zh6" type="containerLink"/>
                        <link id="juk89zp9" targetId="juk89zp7"/>
                     </container>
                     <eventContainer id="juk89zp7">
                        <service id="juk89zp8">
                           <title>Update Contact AML - Hourly</title>
                           <serviceName>ICSExecuteDataTask</serviceName>
                           <serviceGUID/>
                           <serviceInput>
                              <parameter name="Wait for Task to Complete" source="constant" updatable="true">true</parameter>
                              <parameter name="Max Wait" source="constant" updatable="true">86400</parameter>
                              <parameter name="Task Name" source="constant" updatable="true">Update Contact AML - Hourly</parameter>
                              <parameter name="GUID" source="constant" updatable="true">1ODZlKrgOvlgJDIBjbncEt</parameter>
                              <parameter name="Task Type" source="constant" updatable="true">MCT</parameter>
                              <parameter name="Has Inout Parameters" source="constant" updatable="true">false</parameter>
                              <parameter name="taskField" source="nested">
                                 <operation source="field" to="Update-Contact-AML---Hourly">temp.Update Contact AML - Hourly</operation>
                              </parameter>
                           </serviceInput>
                           <serviceOutput>
                              <operation source="field" to="temp.Update Contact AML - Hourly/output">Success Source Rows</operation>
                              <operation source="field" to="temp.Update Contact AML - Hourly/output/Object_Name">Object Name</operation>
                              <operation source="field" to="temp.Update Contact AML - Hourly/output/Run_Id">Run Id</operation>
                              <operation source="field" to="temp.Update Contact AML - Hourly/output/Log_Id">Log Id</operation>
                              <operation source="field" to="temp.Update Contact AML - Hourly/output/Task_Status">Task Status</operation>
                              <operation source="field"
                                         to="temp.Update Contact AML - Hourly/output/Success_Source_Rows">Success Source Rows</operation>
                              <operation source="field"
                                         to="temp.Update Contact AML - Hourly/output/Failed_Source_Rows">Failed Source Rows</operation>
                              <operation source="field"
                                         to="temp.Update Contact AML - Hourly/output/Success_Target_Rows">Success Target Rows</operation>
                              <operation source="field"
                                         to="temp.Update Contact AML - Hourly/output/Failed_Target_Rows">Failed Target Rows</operation>
                              <operation source="field" to="temp.Update Contact AML - Hourly/output/Start_Time">Start Time</operation>
                              <operation source="field" to="temp.Update Contact AML - Hourly/output/End_Time">End Time</operation>
                              <operation source="field"
                                         to="temp.Update Contact AML - Hourly/output/Error_Message">Error Message</operation>
                           </serviceOutput>
                        </service>
                        <link id="jvpk05ck" targetId="jvpk05dc"/>
                        <events>
                           <catch faultField="temp.Update Contact AML - Hourly/fault"
                                  id="juk89zom"
                                  interrupting="true"
                                  name="error">
                              <suspend/>
                           </catch>
                           <catch faultField="temp.Update Contact AML - Hourly/fault"
                                  id="juk89zon"
                                  interrupting="true"
                                  name="warning"/>
                        </events>
                     </eventContainer>
                     <eventContainer id="jvpk05dc">
                        <service id="jvpk05cj">
                           <title>Upsert Policy - SQL - Hourly</title>
                           <serviceName>ICSExecuteDataTask</serviceName>
                           <serviceGUID/>
                           <serviceInput>
                              <parameter name="Wait for Task to Complete" source="constant" updatable="true">true</parameter>
                              <parameter name="Max Wait" source="constant" updatable="true">86400</parameter>
                              <parameter name="Task Name" source="constant" updatable="true">Upsert Policy - SQL - Hourly</parameter>
                              <parameter name="GUID" source="constant" updatable="true">07mYWKiC30HgNgrp8l4yIr</parameter>
                              <parameter name="Task Type" source="constant" updatable="true">MCT</parameter>
                              <parameter name="Has Inout Parameters" source="constant" updatable="true">false</parameter>
                              <parameter name="taskField" source="nested">
                                 <operation source="field" to="Upsert-Policy---SQL---Hourly">temp.Upsert Policy - SQL - Hourly</operation>
                              </parameter>
                           </serviceInput>
                           <serviceOutput>
                              <operation source="field" to="temp.Upsert Policy - SQL - Hourly/output">Success Source Rows</operation>
                              <operation source="field"
                                         to="temp.Upsert Policy - SQL - Hourly/output/Object_Name">Object Name</operation>
                              <operation source="field" to="temp.Upsert Policy - SQL - Hourly/output/Run_Id">Run Id</operation>
                              <operation source="field" to="temp.Upsert Policy - SQL - Hourly/output/Log_Id">Log Id</operation>
                              <operation source="field"
                                         to="temp.Upsert Policy - SQL - Hourly/output/Task_Status">Task Status</operation>
                              <operation source="field"
                                         to="temp.Upsert Policy - SQL - Hourly/output/Success_Source_Rows">Success Source Rows</operation>
                              <operation source="field"
                                         to="temp.Upsert Policy - SQL - Hourly/output/Failed_Source_Rows">Failed Source Rows</operation>
                              <operation source="field"
                                         to="temp.Upsert Policy - SQL - Hourly/output/Success_Target_Rows">Success Target Rows</operation>
                              <operation source="field"
                                         to="temp.Upsert Policy - SQL - Hourly/output/Failed_Target_Rows">Failed Target Rows</operation>
                              <operation source="field" to="temp.Upsert Policy - SQL - Hourly/output/Start_Time">Start Time</operation>
                              <operation source="field" to="temp.Upsert Policy - SQL - Hourly/output/End_Time">End Time</operation>
                              <operation source="field"
                                         to="temp.Upsert Policy - SQL - Hourly/output/Error_Message">Error Message</operation>
                           </serviceOutput>
                        </service>
                        <link id="jvpk05f0" targetId="jvpk05fs"/>
                        <events>
                           <catch faultField="temp.Upsert Policy - SQL - Hourly/fault"
                                  id="jvpk05da"
                                  interrupting="true"
                                  name="error">
                              <suspend/>
                           </catch>
                           <catch faultField="temp.Upsert Policy - SQL - Hourly/fault"
                                  id="jvpk05db"
                                  interrupting="true"
                                  name="warning"/>
                        </events>
                     </eventContainer>
                     <eventContainer id="jvpk05fs">
                        <service id="jvpk05ez">
                           <title>Upsert Policy</title>
                           <serviceName>ICSExecuteDataTask</serviceName>
                           <serviceGUID/>
                           <serviceInput>
                              <parameter name="Wait for Task to Complete" source="constant" updatable="true">true</parameter>
                              <parameter name="Max Wait" source="constant" updatable="true">86400</parameter>
                              <parameter name="Task Name" source="constant" updatable="true">Upsert Policy</parameter>
                              <parameter name="GUID" source="constant" updatable="true">ickjpJIKj62ccifNkW5EkC</parameter>
                              <parameter name="Task Type" source="constant" updatable="true">MCT</parameter>
                              <parameter name="Has Inout Parameters" source="constant" updatable="true">false</parameter>
                              <parameter name="taskField" source="nested">
                                 <operation source="field" to="Upsert-Policy">temp.Upsert Policy</operation>
                              </parameter>
                           </serviceInput>
                           <serviceOutput>
                              <operation source="field" to="temp.Upsert Policy/output">Success Source Rows</operation>
                              <operation source="field" to="temp.Upsert Policy/output/Object_Name">Object Name</operation>
                              <operation source="field" to="temp.Upsert Policy/output/Run_Id">Run Id</operation>
                              <operation source="field" to="temp.Upsert Policy/output/Log_Id">Log Id</operation>
                              <operation source="field" to="temp.Upsert Policy/output/Task_Status">Task Status</operation>
                              <operation source="field" to="temp.Upsert Policy/output/Success_Source_Rows">Success Source Rows</operation>
                              <operation source="field" to="temp.Upsert Policy/output/Failed_Source_Rows">Failed Source Rows</operation>
                              <operation source="field" to="temp.Upsert Policy/output/Success_Target_Rows">Success Target Rows</operation>
                              <operation source="field" to="temp.Upsert Policy/output/Failed_Target_Rows">Failed Target Rows</operation>
                              <operation source="field" to="temp.Upsert Policy/output/Start_Time">Start Time</operation>
                              <operation source="field" to="temp.Upsert Policy/output/End_Time">End Time</operation>
                              <operation source="field" to="temp.Upsert Policy/output/Error_Message">Error Message</operation>
                           </serviceOutput>
                        </service>
                        <link id="jvpk05id" targetId="jvpk05ic"/>
                        <events>
                           <catch faultField="temp.Upsert Policy/fault"
                                  id="jvpk05fq"
                                  interrupting="true"
                                  name="error">
                              <suspend/>
                           </catch>
                           <catch faultField="temp.Upsert Policy/fault"
                                  id="jvpk05fr"
                                  interrupting="true"
                                  name="warning"/>
                        </events>
                     </eventContainer>
                     <eventContainer id="jvpk05kh">
                        <service id="jvpk05jk">
                           <title>Delete Policy</title>
                           <serviceName>ICSExecuteDataTask</serviceName>
                           <serviceGUID/>
                           <serviceInput>
                              <parameter name="Wait for Task to Complete" source="constant" updatable="true">true</parameter>
                              <parameter name="Max Wait" source="constant" updatable="true">86400</parameter>
                              <parameter name="Task Name" source="constant" updatable="true">Delete Policy</parameter>
                              <parameter name="GUID" source="constant" updatable="true">7aIhxthQ0jhdqcaph9m9m7</parameter>
                              <parameter name="Task Type" source="constant" updatable="true">MCT</parameter>
                              <parameter name="Has Inout Parameters" source="constant" updatable="true">false</parameter>
                              <parameter name="taskField" source="nested">
                                 <operation source="field" to="Delete-Policy">temp.Delete Policy</operation>
                              </parameter>
                           </serviceInput>
                           <serviceOutput>
                              <operation source="field" to="temp.Delete Policy/output">Success Source Rows</operation>
                              <operation source="field" to="temp.Delete Policy/output/Object_Name">Object Name</operation>
                              <operation source="field" to="temp.Delete Policy/output/Run_Id">Run Id</operation>
                              <operation source="field" to="temp.Delete Policy/output/Log_Id">Log Id</operation>
                              <operation source="field" to="temp.Delete Policy/output/Task_Status">Task Status</operation>
                              <operation source="field" to="temp.Delete Policy/output/Success_Source_Rows">Success Source Rows</operation>
                              <operation source="field" to="temp.Delete Policy/output/Failed_Source_Rows">Failed Source Rows</operation>
                              <operation source="field" to="temp.Delete Policy/output/Success_Target_Rows">Success Target Rows</operation>
                              <operation source="field" to="temp.Delete Policy/output/Failed_Target_Rows">Failed Target Rows</operation>
                              <operation source="field" to="temp.Delete Policy/output/Start_Time">Start Time</operation>
                              <operation source="field" to="temp.Delete Policy/output/End_Time">End Time</operation>
                              <operation source="field" to="temp.Delete Policy/output/Error_Message">Error Message</operation>
                           </serviceOutput>
                        </service>
                        <link id="jvzly9id" targetId="jvzly9jk"/>
                        <events>
                           <catch faultField="temp.Delete Policy/fault"
                                  id="jvpk05kf"
                                  interrupting="true"
                                  name="error">
                              <suspend/>
                           </catch>
                           <catch faultField="temp.Delete Policy/fault"
                                  id="jvpk05kg"
                                  interrupting="true"
                                  name="warning"/>
                        </events>
                     </eventContainer>
                     <eventContainer id="jvzly9jk">
                        <service id="jvzly9ic">
                           <title>Query Policy</title>
                           <serviceName>ICSExecuteDataTask</serviceName>
                           <serviceGUID/>
                           <serviceInput>
                              <parameter name="Wait for Task to Complete" source="constant" updatable="true">true</parameter>
                              <parameter name="Max Wait" source="constant" updatable="true">86400</parameter>
                              <parameter name="Task Name" source="constant" updatable="true">Query Policy</parameter>
                              <parameter name="GUID" source="constant" updatable="true">0bBuN3NSxKckrTa87Q7fGs</parameter>
                              <parameter name="Task Type" source="constant" updatable="true">MCT</parameter>
                              <parameter name="Has Inout Parameters" source="constant" updatable="true">false</parameter>
                              <parameter name="taskField" source="nested">
                                 <operation source="field" to="Query-Policy">temp.Query Policy</operation>
                              </parameter>
                           </serviceInput>
                           <serviceOutput>
                              <operation source="field" to="temp.Query Policy/output">Success Source Rows</operation>
                              <operation source="field" to="temp.Query Policy/output/Object_Name">Object Name</operation>
                              <operation source="field" to="temp.Query Policy/output/Run_Id">Run Id</operation>
                              <operation source="field" to="temp.Query Policy/output/Log_Id">Log Id</operation>
                              <operation source="field" to="temp.Query Policy/output/Task_Status">Task Status</operation>
                              <operation source="field" to="temp.Query Policy/output/Success_Source_Rows">Success Source Rows</operation>
                              <operation source="field" to="temp.Query Policy/output/Failed_Source_Rows">Failed Source Rows</operation>
                              <operation source="field" to="temp.Query Policy/output/Success_Target_Rows">Success Target Rows</operation>
                              <operation source="field" to="temp.Query Policy/output/Failed_Target_Rows">Failed Target Rows</operation>
                              <operation source="field" to="temp.Query Policy/output/Start_Time">Start Time</operation>
                              <operation source="field" to="temp.Query Policy/output/End_Time">End Time</operation>
                              <operation source="field" to="temp.Query Policy/output/Error_Message">Error Message</operation>
                           </serviceOutput>
                        </service>
                        <link id="jzlpdljv" targetId="jvpk05nj"/>
                        <events>
                           <catch faultField="temp.Query Policy/fault"
                                  id="jvzly9ji"
                                  interrupting="true"
                                  name="error">
                              <suspend/>
                           </catch>
                           <catch faultField="temp.Query Policy/fault"
                                  id="jvzly9jj"
                                  interrupting="true"
                                  name="warning"/>
                        </events>
                     </eventContainer>
                     <eventContainer id="jvpk05nj">
                        <service id="jvpk05mk">
                           <title>Upsert Policy Holder</title>
                           <serviceName>ICSExecuteDataTask</serviceName>
                           <serviceGUID/>
                           <serviceInput>
                              <parameter name="Wait for Task to Complete" source="constant" updatable="true">true</parameter>
                              <parameter name="Max Wait" source="constant" updatable="true">86400</parameter>
                              <parameter name="Task Name" source="constant" updatable="true">Upsert Policy Holder</parameter>
                              <parameter name="GUID" source="constant" updatable="true">4aib218BOj5lJbp9gquyQQ</parameter>
                              <parameter name="Task Type" source="constant" updatable="true">MCT</parameter>
                              <parameter name="Has Inout Parameters" source="constant" updatable="true">false</parameter>
                              <parameter name="taskField" source="nested">
                                 <operation source="field" to="Upsert-Policy-Holder">temp.Upsert Policy Holder</operation>
                              </parameter>
                           </serviceInput>
                           <serviceOutput>
                              <operation source="field" to="temp.Upsert Policy Holder/output">Success Source Rows</operation>
                              <operation source="field" to="temp.Upsert Policy Holder/output/Object_Name">Object Name</operation>
                              <operation source="field" to="temp.Upsert Policy Holder/output/Run_Id">Run Id</operation>
                              <operation source="field" to="temp.Upsert Policy Holder/output/Log_Id">Log Id</operation>
                              <operation source="field" to="temp.Upsert Policy Holder/output/Task_Status">Task Status</operation>
                              <operation source="field"
                                         to="temp.Upsert Policy Holder/output/Success_Source_Rows">Success Source Rows</operation>
                              <operation source="field" to="temp.Upsert Policy Holder/output/Failed_Source_Rows">Failed Source Rows</operation>
                              <operation source="field"
                                         to="temp.Upsert Policy Holder/output/Success_Target_Rows">Success Target Rows</operation>
                              <operation source="field" to="temp.Upsert Policy Holder/output/Failed_Target_Rows">Failed Target Rows</operation>
                              <operation source="field" to="temp.Upsert Policy Holder/output/Start_Time">Start Time</operation>
                              <operation source="field" to="temp.Upsert Policy Holder/output/End_Time">End Time</operation>
                              <operation source="field" to="temp.Upsert Policy Holder/output/Error_Message">Error Message</operation>
                           </serviceOutput>
                        </service>
                        <events>
                           <catch faultField="temp.Upsert Policy Holder/fault"
                                  id="jvpk05nh"
                                  interrupting="true"
                                  name="error">
                              <suspend/>
                           </catch>
                           <catch faultField="temp.Upsert Policy Holder/fault"
                                  id="jvpk05ni"
                                  interrupting="true"
                                  name="warning"/>
                        </events>
                     </eventContainer>
                     <wait id="jvpk05ic">
                        <title>Wait 30 seconds for Upsert Policy to finish</title>
                        <duration source="formula">
                           <function name="duration_expression">
                              <arg name="value">30</arg>
                              <arg name="scale">S</arg>
                              <arg name="businessDays"/>
                           </function>
                        </duration>
                        <link id="jvzly9hh" targetId="jvpk05kh"/>
                     </wait>
                     <link id="juk89zgj" targetId="juk89zge" type="containerLink"/>
                  </flow>
                  <flow id="juk89zgl">
                     <container id="juk89zgr" type="parallel">
                        <title>Parallel Paths 2</title>
                        <flow id="juk89zgw">
                           <container id="juk89zjo" type="parallel">
                              <title>Parallel Paths 5</title>
                              <flow id="juk89zju">
                                 <eventContainer id="juk89zxy">
                                    <service id="juk89zku">
                                       <title>Upsert State Training - Hourly</title>
                                       <serviceName>ICSExecuteDataTask</serviceName>
                                       <serviceGUID/>
                                       <serviceInput>
                                          <parameter name="Wait for Task to Complete" source="constant" updatable="true">true</parameter>
                                          <parameter name="Max Wait" source="constant" updatable="true">86400</parameter>
                                          <parameter name="Task Name" source="constant" updatable="true">Upsert State Training</parameter>
                                          <parameter name="GUID" source="constant" updatable="true">3RSuHoxinqakVloY66I7U5</parameter>
                                          <parameter name="Task Type" source="constant" updatable="true">MCT</parameter>
                                          <parameter name="Has Inout Parameters" source="constant" updatable="true">false</parameter>
                                          <parameter name="taskField" source="nested">
                                             <operation source="field" to="Upsert-State-Training">temp.Upsert State Training - Hourly</operation>
                                          </parameter>
                                       </serviceInput>
                                       <serviceOutput>
                                          <operation source="field" to="temp.Upsert State Training - Hourly/output">Success Source Rows</operation>
                                          <operation source="field"
                                                     to="temp.Upsert State Training - Hourly/output/Object_Name">Object Name</operation>
                                          <operation source="field" to="temp.Upsert State Training - Hourly/output/Run_Id">Run Id</operation>
                                          <operation source="field" to="temp.Upsert State Training - Hourly/output/Log_Id">Log Id</operation>
                                          <operation source="field"
                                                     to="temp.Upsert State Training - Hourly/output/Task_Status">Task Status</operation>
                                          <operation source="field"
                                                     to="temp.Upsert State Training - Hourly/output/Success_Source_Rows">Success Source Rows</operation>
                                          <operation source="field"
                                                     to="temp.Upsert State Training - Hourly/output/Failed_Source_Rows">Failed Source Rows</operation>
                                          <operation source="field"
                                                     to="temp.Upsert State Training - Hourly/output/Success_Target_Rows">Success Target Rows</operation>
                                          <operation source="field"
                                                     to="temp.Upsert State Training - Hourly/output/Failed_Target_Rows">Failed Target Rows</operation>
                                          <operation source="field"
                                                     to="temp.Upsert State Training - Hourly/output/Start_Time">Start Time</operation>
                                          <operation source="field" to="temp.Upsert State Training - Hourly/output/End_Time">End Time</operation>
                                          <operation source="field"
                                                     to="temp.Upsert State Training - Hourly/output/Error_Message">Error Message</operation>
                                       </serviceOutput>
                                    </service>
                                    <events>
                                       <catch faultField="temp.Upsert State Training - Hourly/fault"
                                              id="juk89zxw"
                                              interrupting="true"
                                              name="error">
                                          <suspend/>
                                       </catch>
                                       <catch faultField="temp.Upsert State Training - Hourly/fault"
                                              id="juk89zxx"
                                              interrupting="true"
                                              name="warning"/>
                                    </events>
                                 </eventContainer>
                                 <link id="juk89zjv" targetId="juk89zjo" type="containerLink"/>
                              </flow>
                              <flow id="juk89zjr">
                                 <eventContainer id="juk89zur">
                                    <service id="juk89zk6">
                                       <title>Upsert Product Training - Hourly</title>
                                       <serviceName>ICSExecuteDataTask</serviceName>
                                       <serviceGUID/>
                                       <serviceInput>
                                          <parameter name="Wait for Task to Complete" source="constant" updatable="true">true</parameter>
                                          <parameter name="Max Wait" source="constant" updatable="true">86400</parameter>
                                          <parameter name="Task Name" source="constant" updatable="true">Upsert Product Training</parameter>
                                          <parameter name="GUID" source="constant" updatable="true">8J1WpT52dlFhusCFtTjkoP</parameter>
                                          <parameter name="Task Type" source="constant" updatable="true">MCT</parameter>
                                          <parameter name="Has Inout Parameters" source="constant" updatable="true">false</parameter>
                                          <parameter name="taskField" source="nested">
                                             <operation source="field" to="Upsert-Product-Training">temp.Upsert Product Training - Hourly</operation>
                                          </parameter>
                                       </serviceInput>
                                       <serviceOutput>
                                          <operation source="field" to="temp.Upsert Product Training - Hourly/output">Success Source Rows</operation>
                                          <operation source="field"
                                                     to="temp.Upsert Product Training - Hourly/output/Object_Name">Object Name</operation>
                                          <operation source="field" to="temp.Upsert Product Training - Hourly/output/Run_Id">Run Id</operation>
                                          <operation source="field" to="temp.Upsert Product Training - Hourly/output/Log_Id">Log Id</operation>
                                          <operation source="field"
                                                     to="temp.Upsert Product Training - Hourly/output/Task_Status">Task Status</operation>
                                          <operation source="field"
                                                     to="temp.Upsert Product Training - Hourly/output/Success_Source_Rows">Success Source Rows</operation>
                                          <operation source="field"
                                                     to="temp.Upsert Product Training - Hourly/output/Failed_Source_Rows">Failed Source Rows</operation>
                                          <operation source="field"
                                                     to="temp.Upsert Product Training - Hourly/output/Success_Target_Rows">Success Target Rows</operation>
                                          <operation source="field"
                                                     to="temp.Upsert Product Training - Hourly/output/Failed_Target_Rows">Failed Target Rows</operation>
                                          <operation source="field"
                                                     to="temp.Upsert Product Training - Hourly/output/Start_Time">Start Time</operation>
                                          <operation source="field"
                                                     to="temp.Upsert Product Training - Hourly/output/End_Time">End Time</operation>
                                          <operation source="field"
                                                     to="temp.Upsert Product Training - Hourly/output/Error_Message">Error Message</operation>
                                       </serviceOutput>
                                    </service>
                                    <events>
                                       <catch faultField="temp.Upsert Product Training - Hourly/fault"
                                              id="juk89zup"
                                              interrupting="true"
                                              name="error">
                                          <suspend/>
                                       </catch>
                                       <catch faultField="temp.Upsert Product Training - Hourly/fault"
                                              id="juk89zuq"
                                              interrupting="true"
                                              name="warning"/>
                                    </events>
                                 </eventContainer>
                                 <link id="juk89zjs" targetId="juk89zjo" type="containerLink"/>
                              </flow>
                              <link id="juk89zjt" targetId="juk89zju" type="containerLink"/>
                              <link id="juk89zjq" targetId="juk89zjr" type="containerLink"/>
                           </container>
                           <link id="juk89zgx" targetId="juk89zgr" type="containerLink"/>
                        </flow>
                        <flow id="juk89zgt">
                           <eventContainer id="juk8a05q">
                              <service id="juk8a05r">
                                 <title>Update Hierarchy - Hourly</title>
                                 <serviceName>ICSExecuteDataTask</serviceName>
                                 <serviceGUID/>
                                 <serviceInput>
                                    <parameter name="Wait for Task to Complete" source="constant" updatable="true">true</parameter>
                                    <parameter name="Max Wait" source="constant" updatable="true">86400</parameter>
                                    <parameter name="Task Name" source="constant" updatable="true">Update Hierarchy - Hourly</parameter>
                                    <parameter name="GUID" source="constant" updatable="true">3V67OJ0ZmOBlKbvSNfL101</parameter>
                                    <parameter name="Task Type" source="constant" updatable="true">MCT</parameter>
                                    <parameter name="Has Inout Parameters" source="constant" updatable="true">false</parameter>
                                    <parameter name="taskField" source="nested">
                                       <operation source="field" to="Update-Hierarchy---Hourly">temp.Update Hierarchy - Hourly</operation>
                                    </parameter>
                                 </serviceInput>
                                 <serviceOutput>
                                    <operation source="field" to="temp.Update Hierarchy - Hourly/output">Success Source Rows</operation>
                                    <operation source="field" to="temp.Update Hierarchy - Hourly/output/Object_Name">Object Name</operation>
                                    <operation source="field" to="temp.Update Hierarchy - Hourly/output/Run_Id">Run Id</operation>
                                    <operation source="field" to="temp.Update Hierarchy - Hourly/output/Log_Id">Log Id</operation>
                                    <operation source="field" to="temp.Update Hierarchy - Hourly/output/Task_Status">Task Status</operation>
                                    <operation source="field"
                                               to="temp.Update Hierarchy - Hourly/output/Success_Source_Rows">Success Source Rows</operation>
                                    <operation source="field"
                                               to="temp.Update Hierarchy - Hourly/output/Failed_Source_Rows">Failed Source Rows</operation>
                                    <operation source="field"
                                               to="temp.Update Hierarchy - Hourly/output/Success_Target_Rows">Success Target Rows</operation>
                                    <operation source="field"
                                               to="temp.Update Hierarchy - Hourly/output/Failed_Target_Rows">Failed Target Rows</operation>
                                    <operation source="field" to="temp.Update Hierarchy - Hourly/output/Start_Time">Start Time</operation>
                                    <operation source="field" to="temp.Update Hierarchy - Hourly/output/End_Time">End Time</operation>
                                    <operation source="field" to="temp.Update Hierarchy - Hourly/output/Error_Message">Error Message</operation>
                                 </serviceOutput>
                              </service>
                              <events>
                                 <catch faultField="temp.Update Hierarchy - Hourly/fault"
                                        id="juk8a01l"
                                        interrupting="true"
                                        name="error">
                                    <suspend/>
                                 </catch>
                                 <catch faultField="temp.Update Hierarchy - Hourly/fault"
                                        id="juk8a01m"
                                        interrupting="true"
                                        name="warning"/>
                              </events>
                           </eventContainer>
                           <link id="juk89zgu" targetId="juk89zgr" type="containerLink"/>
                        </flow>
                        <link id="juk89zgv" targetId="juk89zgw" type="containerLink"/>
                        <link id="juk89zgs" targetId="juk89zgt" type="containerLink"/>
                        <link id="julbii43" targetId="julbii4r"/>
                     </container>
                     <eventContainer id="julbii4r">
                        <service id="julbii42">
                           <title>Upsert Compliance Attestations - Hourly</title>
                           <serviceName>ICSExecuteDataTask</serviceName>
                           <serviceGUID/>
                           <serviceInput>
                              <parameter name="Wait for Task to Complete" source="constant" updatable="true">true</parameter>
                              <parameter name="Max Wait" source="constant" updatable="true">86400</parameter>
                              <parameter name="Task Name" source="constant" updatable="true">Upsert Compliance Attestations</parameter>
                              <parameter name="GUID" source="constant" updatable="true">3Pclgp2arChgK84IoruqGY</parameter>
                              <parameter name="Task Type" source="constant" updatable="true">MCT</parameter>
                              <parameter name="Has Inout Parameters" source="constant" updatable="true">false</parameter>
                              <parameter name="taskField" source="nested">
                                 <operation source="field" to="Upsert-Compliance-Attestations">temp.Upsert Compliance Attestations - Hourly</operation>
                              </parameter>
                           </serviceInput>
                           <serviceOutput>
                              <operation source="field" to="temp.Upsert Compliance Attestations - Hourly/output">Success Source Rows</operation>
                              <operation source="field"
                                         to="temp.Upsert Compliance Attestations - Hourly/output/Object_Name">Object Name</operation>
                              <operation source="field"
                                         to="temp.Upsert Compliance Attestations - Hourly/output/Run_Id">Run Id</operation>
                              <operation source="field"
                                         to="temp.Upsert Compliance Attestations - Hourly/output/Log_Id">Log Id</operation>
                              <operation source="field"
                                         to="temp.Upsert Compliance Attestations - Hourly/output/Task_Status">Task Status</operation>
                              <operation source="field"
                                         to="temp.Upsert Compliance Attestations - Hourly/output/Success_Source_Rows">Success Source Rows</operation>
                              <operation source="field"
                                         to="temp.Upsert Compliance Attestations - Hourly/output/Failed_Source_Rows">Failed Source Rows</operation>
                              <operation source="field"
                                         to="temp.Upsert Compliance Attestations - Hourly/output/Success_Target_Rows">Success Target Rows</operation>
                              <operation source="field"
                                         to="temp.Upsert Compliance Attestations - Hourly/output/Failed_Target_Rows">Failed Target Rows</operation>
                              <operation source="field"
                                         to="temp.Upsert Compliance Attestations - Hourly/output/Start_Time">Start Time</operation>
                              <operation source="field"
                                         to="temp.Upsert Compliance Attestations - Hourly/output/End_Time">End Time</operation>
                              <operation source="field"
                                         to="temp.Upsert Compliance Attestations - Hourly/output/Error_Message">Error Message</operation>
                           </serviceOutput>
                        </service>
                        <events>
                           <catch faultField="temp.Upsert Compliance Attestations - Hourly/fault"
                                  id="julbii4p"
                                  interrupting="true"
                                  name="error">
                              <suspend/>
                           </catch>
                           <catch faultField="temp.Upsert Compliance Attestations - Hourly/fault"
                                  id="julbii4q"
                                  interrupting="true"
                                  name="warning"/>
                        </events>
                     </eventContainer>
                     <link id="juk89zgm" targetId="juk89zge" type="containerLink"/>
                  </flow>
                  <link id="juk89zgh" targetId="juk89zgi" type="containerLink"/>
                  <link id="juk89zgk" targetId="juk89zgl" type="containerLink"/>
                  <link id="juk89zgg" targetId="c"/>
               </container>
               <end id="c"/>
            </flow>
            <dependencies>
               <processObject xmlns="http://schemas.active-endpoints.com/appmodules/screenflow/2011/06/avosHostEnvironment.xsd"
                              displayName="Update-Account---Hourly"
                              isByCopy="true"
                              name="Update-Account---Hourly">
                  <description/>
                  <tags/>
                  <detail>
                     <field label="Output Parameters" name="output" type="reference"/>
                     <field label="Fault" name="fault" type="reference"/>
                  </detail>
               </processObject>
               <processObject xmlns="http://schemas.active-endpoints.com/appmodules/screenflow/2011/06/avosHostEnvironment.xsd"
                              displayName="Update-Contact---Hourly"
                              isByCopy="true"
                              name="Update-Contact---Hourly">
                  <description/>
                  <tags/>
                  <detail>
                     <field label="Output Parameters" name="output" type="reference"/>
                     <field label="Fault" name="fault" type="reference"/>
                  </detail>
               </processObject>
               <processObject xmlns="http://schemas.active-endpoints.com/appmodules/screenflow/2011/06/avosHostEnvironment.xsd"
                              displayName="Upsert-Product-Training"
                              isByCopy="true"
                              name="Upsert-Product-Training">
                  <description/>
                  <tags/>
                  <detail>
                     <field label="Output Parameters" name="output" type="reference"/>
                     <field label="Fault" name="fault" type="reference"/>
                  </detail>
               </processObject>
               <processObject xmlns="http://schemas.active-endpoints.com/appmodules/screenflow/2011/06/avosHostEnvironment.xsd"
                              displayName="Upsert-State-Training"
                              isByCopy="true"
                              name="Upsert-State-Training">
                  <description/>
                  <tags/>
                  <detail>
                     <field label="Output Parameters" name="output" type="reference"/>
                     <field label="Fault" name="fault" type="reference"/>
                  </detail>
               </processObject>
               <processObject xmlns="http://schemas.active-endpoints.com/appmodules/screenflow/2011/06/avosHostEnvironment.xsd"
                              displayName="Update-Contact-AML---Hourly"
                              isByCopy="true"
                              name="Update-Contact-AML---Hourly">
                  <description/>
                  <tags/>
                  <detail>
                     <field label="Output Parameters" name="output" type="reference"/>
                     <field label="Fault" name="fault" type="reference"/>
                  </detail>
               </processObject>
               <processObject xmlns="http://schemas.active-endpoints.com/appmodules/screenflow/2011/06/avosHostEnvironment.xsd"
                              displayName="Update-Hierarchy---Hourly"
                              isByCopy="true"
                              name="Update-Hierarchy---Hourly">
                  <description/>
                  <tags/>
                  <detail>
                     <field label="Output Parameters" name="output" type="reference"/>
                     <field label="Fault" name="fault" type="reference"/>
                  </detail>
               </processObject>
               <processObject xmlns="http://schemas.active-endpoints.com/appmodules/screenflow/2011/06/avosHostEnvironment.xsd"
                              displayName="Upsert-Compliance-Attestations"
                              isByCopy="true"
                              name="Upsert-Compliance-Attestations">
                  <description/>
                  <tags/>
                  <detail>
                     <field label="Output Parameters" name="output" type="reference"/>
                     <field label="Fault" name="fault" type="reference"/>
                  </detail>
               </processObject>
               <processObject xmlns="http://schemas.active-endpoints.com/appmodules/screenflow/2011/06/avosHostEnvironment.xsd"
                              displayName="Upsert-Policy---SQL---Hourly"
                              isByCopy="true"
                              name="Upsert-Policy---SQL---Hourly">
                  <description/>
                  <tags/>
                  <detail>
                     <field label="Output Parameters" name="output" type="reference"/>
                     <field label="Fault" name="fault" type="reference"/>
                  </detail>
               </processObject>
               <processObject xmlns="http://schemas.active-endpoints.com/appmodules/screenflow/2011/06/avosHostEnvironment.xsd"
                              displayName="Upsert-Policy"
                              isByCopy="true"
                              name="Upsert-Policy">
                  <description/>
                  <tags/>
                  <detail>
                     <field label="Output Parameters" name="output" type="reference"/>
                     <field label="Fault" name="fault" type="reference"/>
                  </detail>
               </processObject>
               <processObject xmlns="http://schemas.active-endpoints.com/appmodules/screenflow/2011/06/avosHostEnvironment.xsd"
                              displayName="Delete-Policy"
                              isByCopy="true"
                              name="Delete-Policy">
                  <description/>
                  <tags/>
                  <detail>
                     <field label="Output Parameters" name="output" type="reference"/>
                     <field label="Fault" name="fault" type="reference"/>
                  </detail>
               </processObject>
               <processObject xmlns="http://schemas.active-endpoints.com/appmodules/screenflow/2011/06/avosHostEnvironment.xsd"
                              displayName="Upsert-Policy-Holder"
                              isByCopy="true"
                              name="Upsert-Policy-Holder">
                  <description/>
                  <tags/>
                  <detail>
                     <field label="Output Parameters" name="output" type="reference"/>
                     <field label="Fault" name="fault" type="reference"/>
                  </detail>
               </processObject>
               <processObject xmlns="http://schemas.active-endpoints.com/appmodules/screenflow/2011/06/avosHostEnvironment.xsd"
                              displayName="Query-Policy"
                              isByCopy="true"
                              name="Query-Policy">
                  <description/>
                  <tags/>
                  <detail>
                     <field label="Output Parameters" name="output" type="reference"/>
                     <field label="Fault" name="fault" type="reference"/>
                  </detail>
               </processObject>
            </dependencies>
         </taskflow>
      </types1:Entry>
      <types1:GUID>5g2Tz7L0Dcue21kGmAKCQo</types1:GUID>
      <types1:DisplayName>Manage Hourly Sync_Old</types1:DisplayName>
   </types1:Item>
   <types1:CurrentServerDateTime>2022-05-17T17:24:18.49Z</types1:CurrentServerDateTime>
</aetgt:getResponse>
