<aetgt:getResponse xmlns:aetgt="http://schemas.active-endpoints.com/appmodules/repository/2010/10/avrepository.xsd"
                   xmlns:types1="http://schemas.active-endpoints.com/appmodules/repository/2010/10/avrepository.xsd">
   <types1:Item>
      <types1:EntryId>SciY3AxtPk7HNCn-gt-12339156-2020-10-12T22:42:52.714Z::tf.xml</types1:EntryId>
      <types1:Name>Manage_Hourly_Sync</types1:Name>
      <types1:MimeType>application/xml+taskflow</types1:MimeType>
      <types1:Description/>
      <types1:AppliesTo/>
      <types1:Tags/>
      <types1:VersionLabel>1.0</types1:VersionLabel>
      <types1:State>CURRENT</types1:State>
      <types1:ProcessGroup/>
      <types1:CreatedBy>Lokesh.Bandlamudi@american-equity.com.uat</types1:CreatedBy>
      <types1:CreationDate>2020-10-12T22:42:53Z</types1:CreationDate>
      <types1:ModifiedBy>carla.hellen@american-equity.com.uat</types1:ModifiedBy>
      <types1:ModificationDate>2020-12-16T17:21:45Z</types1:ModificationDate>
      <types1:PublicationStatus>out-of-date</types1:PublicationStatus>
      <types1:PublishedBy>tgoolsby@american-equity.com.uat</types1:PublishedBy>
      <types1:PublicationDate>2020-12-16T14:38:35Z</types1:PublicationDate>
      <types1:PublishedContributionId>project:/tf.Manage_Hourly_Sync/Manage_Hourly_Sync.tf.xml</types1:PublishedContributionId>
      <types1:AutosaveExists>false</types1:AutosaveExists>
      <types1:Entry>
         <taskflow xmlns="http://schemas.active-endpoints.com/appmodules/screenflow/2010/10/avosScreenflow.xsd"
                   xmlns:list="urn:activevos:spi:list:functions"
                   displayName="Manage Hourly Sync"
                   name="Manage_Hourly_Sync"
                   overrideAPIName="false">
            <appliesTo/>
            <description/>
            <tags/>
            <generator>Informatica Process Designer 11</generator>
            <tempFields>
               <field description="" name="Manage_Sync_Job_Status" type="reference">
                  <options>
                     <option name="referenceTo">$po:mct-Manage-Sync-Job-Status-Check</option>
                  </options>
               </field>
               <field description="" name="Update Contact - Hourly" type="reference">
                  <options>
                     <option name="referenceTo">$po:Update-Contact---Hourly</option>
                  </options>
               </field>
               <field description="" name="Update Account - Hourly" type="reference">
                  <options>
                     <option name="referenceTo">$po:Update-Account---Hourly</option>
                  </options>
               </field>
               <field description="" name="Update Contact AML - Hourly" type="reference">
                  <options>
                     <option name="referenceTo">$po:Update-Contact-AML---Hourly</option>
                  </options>
               </field>
               <field description="" name="Upsert Policy - SQL - Hourly" type="reference">
                  <options>
                     <option name="referenceTo">$po:Upsert-Policy---SQL---Hourly</option>
                  </options>
               </field>
               <field description="" name="Upsert Policy" type="reference">
                  <options>
                     <option name="referenceTo">$po:Upsert-Policy</option>
                  </options>
               </field>
               <field description="" name="Delete Policy" type="reference">
                  <options>
                     <option name="referenceTo">$po:Delete-Policy</option>
                  </options>
               </field>
               <field description="" name="Query Policy" type="reference">
                  <options>
                     <option name="referenceTo">$po:Query-Policy</option>
                  </options>
               </field>
               <field description="" name="Upsert Policy Holder" type="reference">
                  <options>
                     <option name="referenceTo">$po:Upsert-Policy-Holder</option>
                  </options>
               </field>
               <field description=""
                      name="Upsert State Training - Hourly"
                      type="reference">
                  <options>
                     <option name="referenceTo">$po:Upsert-State-Training</option>
                  </options>
               </field>
               <field description=""
                      name="Upsert Product Training - Hourly"
                      type="reference">
                  <options>
                     <option name="referenceTo">$po:Upsert-Product-Training</option>
                  </options>
               </field>
               <field description="" name="Update Hierarchy - Hourly" type="reference">
                  <options>
                     <option name="referenceTo">$po:Update-Hierarchy---Hourly</option>
                  </options>
               </field>
               <field description=""
                      name="Upsert Compliance Attestations - Hourly"
                      type="reference">
                  <options>
                     <option name="referenceTo">$po:Upsert-Compliance-Attestations</option>
                  </options>
               </field>
               <field description="" name="Org_ID" type="string">
                  <options>
                     <option name="required">false</option>
                  </options>
               </field>
               <field description="" name="Email_List" type="string">
                  <options>
                     <option name="required">false</option>
                  </options>
               </field>
               <field description="" name="Upsert PendingRequirement" type="reference">
                  <options>
                     <option name="referenceTo">$po:Upsert-PendingRequirment</option>
                  </options>
               </field>
               <field description="" name="Query PendingRequirement" type="reference">
                  <options>
                     <option name="referenceTo">$po:Query-PendingRequirment</option>
                  </options>
               </field>
               <field description="" name="Delete PendingRequirement" type="reference">
                  <options>
                     <option name="referenceTo">$po:Delete-PendingRequirement</option>
                  </options>
               </field>
               <field description="" name="SysDateTime" type="datetime">
                  <options>
                     <option name="thirtyMinutesIncrement">true</option>
                     <option name="required">false</option>
                  </options>
               </field>
            </tempFields>
            <notes/>
            <deployment suspendOnFault="false" tracingLevel="verbose">
               <rest/>
            </deployment>
            <flow id="a">
               <start id="b">
                  <link id="kg74h29k" targetId="kg74h29j"/>
               </start>
               <assignment id="kg74h29j">
                  <title>Assign_Initial_Parameters</title>
                  <operation source="formula" to="temp.Org_ID">
                     <expression language="XQuery">if(
util:getOrganizationId() eq 'eoicD22p6igfsNdaASR7Mx'
) then 'MODEL'
else 
if(
util:getOrganizationId() eq '8YhB3eZGHS2cAkT3N2wSYM'
) then 'UAT'
else 
if(
util:getOrganizationId() eq 'gNTv1eqI7snkvvhxV60JEl'
) then 'PROD'
else util:getOrganizationId()</expression>
                  </operation>
                  <operation source="formula" to="temp.Email_List">
                     <expression language="XQuery">'GRP-DataArchitectureandIntegration@american-equity.com'</expression>
                  </operation>
                  <operation source="formula" to="temp.SysDateTime">
                     <expression language="XQuery">fn:current-dateTime()</expression>
                  </operation>
                  <link id="kg74h29l" targetId="kg74h209"/>
               </assignment>
               <eventContainer id="kg74h209">
                  <service id="kg74h1zh">
                     <title>Manage_Sync_Job_Status</title>
                     <serviceName>ICSExecuteDataTask</serviceName>
                     <serviceGUID/>
                     <serviceInput>
                        <parameter name="Wait for Task to Complete" source="constant" updatable="true">true</parameter>
                        <parameter name="Max Wait" source="constant" updatable="true">86400</parameter>
                        <parameter name="Task Name" source="constant" updatable="true">mct_Manage_Sync_Job_Status_Check</parameter>
                        <parameter name="GUID" source="constant" updatable="true">2YnZu9YUmsPk4TzF4MdhMw</parameter>
                        <parameter name="Task Type" source="constant" updatable="true">MCT</parameter>
                        <parameter name="Has Inout Parameters" source="constant" updatable="true">false</parameter>
                        <parameter name="taskField" source="nested">
                           <operation source="field" to="mct-Manage-Sync-Job-Status-Check">temp.Manage_Sync_Job_Status</operation>
                        </parameter>
                     </serviceInput>
                     <serviceOutput>
                        <operation source="field" to="temp.Manage_Sync_Job_Status/output/Object_Name">Object Name</operation>
                        <operation source="field" to="temp.Manage_Sync_Job_Status/output/Run_Id">Run Id</operation>
                        <operation source="field" to="temp.Manage_Sync_Job_Status/output/Log_Id">Log Id</operation>
                        <operation source="field" to="temp.Manage_Sync_Job_Status/output/Task_Id">Task Id</operation>
                        <operation source="field" to="temp.Manage_Sync_Job_Status/output/Task_Status">Task Status</operation>
                        <operation source="field"
                                   to="temp.Manage_Sync_Job_Status/output/Success_Source_Rows">Success Source Rows</operation>
                        <operation source="field"
                                   to="temp.Manage_Sync_Job_Status/output/Failed_Source_Rows">Failed Source Rows</operation>
                        <operation source="field"
                                   to="temp.Manage_Sync_Job_Status/output/Success_Target_Rows">Success Target Rows</operation>
                        <operation source="field"
                                   to="temp.Manage_Sync_Job_Status/output/Failed_Target_Rows">Failed Target Rows</operation>
                        <operation source="field" to="temp.Manage_Sync_Job_Status/output/Start_Time">Start Time</operation>
                        <operation source="field" to="temp.Manage_Sync_Job_Status/output/End_Time">End Time</operation>
                        <operation source="field" to="temp.Manage_Sync_Job_Status/output/Error_Message">Error Message</operation>
                     </serviceOutput>
                  </service>
                  <flow id="kg74h25j">
                     <link id="kg74h25k" targetId="kg74h209" type="containerLink"/>
                  </flow>
                  <flow id="kg74h25m">
                     <link id="kg74h25n" targetId="kg74h209" type="containerLink"/>
                  </flow>
                  <link id="kg74h25i" targetId="kg74h25j" type="containerLink"/>
                  <link id="kg74h20t" targetId="kg74h20s"/>
                  <events>
                     <catch faultField="temp.Manage_Sync_Job_Status/fault"
                            id="kg74h207"
                            interrupting="true"
                            name="error">
                        <link id="kg74h25l" targetId="kg74h25m" type="containerLink"/>
                     </catch>
                     <catch faultField="temp.Manage_Sync_Job_Status/fault"
                            id="kg74h208"
                            interrupting="true"
                            name="warning"/>
                  </events>
               </eventContainer>
               <container id="kg74h20s" type="exclusive">
                  <title>Manage_Sync_Job_Status_Check</title>
                  <flow id="kg74h20w">
                     <container id="kg74h21p" type="parallel">
                        <title>Parallel Paths 1</title>
                        <flow id="kg74h21q">
                           <container id="kg74h21r" type="parallel">
                              <title>Parallel Paths 3</title>
                              <flow id="kg74h21s">
                                 <eventContainer id="kg74h21t">
                                    <service id="kg74h21u">
                                       <title>Update Contact - Hourly</title>
                                       <serviceName>ICSExecuteDataTask</serviceName>
                                       <serviceGUID/>
                                       <serviceInput>
                                          <parameter name="Wait for Task to Complete" source="constant" updatable="true">true</parameter>
                                          <parameter name="Max Wait" source="constant" updatable="true">86400</parameter>
                                          <parameter name="Task Name" source="constant" updatable="true">Update Contact - Hourly</parameter>
                                          <parameter name="GUID" source="constant" updatable="true">hy7zsFGztW8jB6tTqpz9Ar</parameter>
                                          <parameter name="Task Type" source="constant" updatable="true">MCT</parameter>
                                          <parameter name="Has Inout Parameters" source="constant" updatable="true">false</parameter>
                                          <parameter name="taskField" source="nested">
                                             <operation source="field" to="Update-Contact---Hourly">temp.Update Contact - Hourly</operation>
                                          </parameter>
                                       </serviceInput>
                                       <serviceOutput>
                                          <operation source="field" to="temp.Update Contact - Hourly/output">Success Source Rows</operation>
                                          <operation source="field" to="temp.Update Contact - Hourly/output/Object_Name">Object Name</operation>
                                          <operation source="field" to="temp.Update Contact - Hourly/output/Run_Id">Run Id</operation>
                                          <operation source="field" to="temp.Update Contact - Hourly/output/Log_Id">Log Id</operation>
                                          <operation source="field" to="temp.Update Contact - Hourly/output/Task_Status">Task Status</operation>
                                          <operation source="field"
                                                     to="temp.Update Contact - Hourly/output/Success_Source_Rows">Success Source Rows</operation>
                                          <operation source="field"
                                                     to="temp.Update Contact - Hourly/output/Failed_Source_Rows">Failed Source Rows</operation>
                                          <operation source="field"
                                                     to="temp.Update Contact - Hourly/output/Success_Target_Rows">Success Target Rows</operation>
                                          <operation source="field"
                                                     to="temp.Update Contact - Hourly/output/Failed_Target_Rows">Failed Target Rows</operation>
                                          <operation source="field" to="temp.Update Contact - Hourly/output/Start_Time">Start Time</operation>
                                          <operation source="field" to="temp.Update Contact - Hourly/output/End_Time">End Time</operation>
                                          <operation source="field" to="temp.Update Contact - Hourly/output/Error_Message">Error Message</operation>
                                       </serviceOutput>
                                    </service>
                                    <events>
                                       <catch faultField="temp.Update Contact - Hourly/fault"
                                              id="juk89zmx"
                                              interrupting="true"
                                              name="error">
                                          <suspend/>
                                       </catch>
                                       <catch faultField="temp.Update Contact - Hourly/fault"
                                              id="juk89zmy"
                                              interrupting="true"
                                              name="warning"/>
                                    </events>
                                 </eventContainer>
                                 <link id="kg74h22w" targetId="kg74h21r" type="containerLink"/>
                              </flow>
                              <flow id="kg74h21v">
                                 <eventContainer id="kg74h21w">
                                    <service id="kg74h21x">
                                       <title>Update Account - Hourly</title>
                                       <serviceName>ICSExecuteDataTask</serviceName>
                                       <serviceGUID/>
                                       <serviceInput>
                                          <parameter name="Wait for Task to Complete" source="constant" updatable="true">true</parameter>
                                          <parameter name="Max Wait" source="constant" updatable="true">86400</parameter>
                                          <parameter name="Task Name" source="constant" updatable="true">Update Account - Hourly</parameter>
                                          <parameter name="GUID" source="constant" updatable="true">8LaCrH3pZ5cjxjYmyHe4Yp</parameter>
                                          <parameter name="Task Type" source="constant" updatable="true">MCT</parameter>
                                          <parameter name="Has Inout Parameters" source="constant" updatable="true">false</parameter>
                                          <parameter name="taskField" source="nested">
                                             <operation source="field" to="Update-Account---Hourly">temp.Update Account - Hourly</operation>
                                          </parameter>
                                       </serviceInput>
                                       <serviceOutput>
                                          <operation source="field" to="temp.Update Account - Hourly/output">Success Source Rows</operation>
                                          <operation source="field" to="temp.Update Account - Hourly/output/Object_Name">Object Name</operation>
                                          <operation source="field" to="temp.Update Account - Hourly/output/Run_Id">Run Id</operation>
                                          <operation source="field" to="temp.Update Account - Hourly/output/Log_Id">Log Id</operation>
                                          <operation source="field" to="temp.Update Account - Hourly/output/Task_Status">Task Status</operation>
                                          <operation source="field"
                                                     to="temp.Update Account - Hourly/output/Success_Source_Rows">Success Source Rows</operation>
                                          <operation source="field"
                                                     to="temp.Update Account - Hourly/output/Failed_Source_Rows">Failed Source Rows</operation>
                                          <operation source="field"
                                                     to="temp.Update Account - Hourly/output/Success_Target_Rows">Success Target Rows</operation>
                                          <operation source="field"
                                                     to="temp.Update Account - Hourly/output/Failed_Target_Rows">Failed Target Rows</operation>
                                          <operation source="field" to="temp.Update Account - Hourly/output/Start_Time">Start Time</operation>
                                          <operation source="field" to="temp.Update Account - Hourly/output/End_Time">End Time</operation>
                                          <operation source="field" to="temp.Update Account - Hourly/output/Error_Message">Error Message</operation>
                                       </serviceOutput>
                                    </service>
                                    <events>
                                       <catch faultField="temp.Update Account - Hourly/fault"
                                              id="juk89zl8"
                                              interrupting="true"
                                              name="error">
                                          <suspend/>
                                       </catch>
                                       <catch faultField="temp.Update Account - Hourly/fault"
                                              id="juk89zl9"
                                              interrupting="true"
                                              name="warning"/>
                                    </events>
                                 </eventContainer>
                                 <link id="kg74h22x" targetId="kg74h21r" type="containerLink"/>
                              </flow>
                              <link id="kg74h22t" targetId="kg74h21s" type="containerLink"/>
                              <link id="kg74h22u" targetId="kg74h21v" type="containerLink"/>
                              <link id="kg74h22v" targetId="kg74h21y"/>
                           </container>
                           <eventContainer id="kg74h21y">
                              <service id="kg74h21z">
                                 <title>Update Contact AML - Hourly</title>
                                 <serviceName>ICSExecuteDataTask</serviceName>
                                 <serviceGUID/>
                                 <serviceInput>
                                    <parameter name="Wait for Task to Complete" source="constant" updatable="true">true</parameter>
                                    <parameter name="Max Wait" source="constant" updatable="true">86400</parameter>
                                    <parameter name="Task Name" source="constant" updatable="true">Update Contact AML - Hourly</parameter>
                                    <parameter name="GUID" source="constant" updatable="true">1ODZlKrgOvlgJDIBjbncEt</parameter>
                                    <parameter name="Task Type" source="constant" updatable="true">MCT</parameter>
                                    <parameter name="Has Inout Parameters" source="constant" updatable="true">false</parameter>
                                    <parameter name="taskField" source="nested">
                                       <operation source="field" to="Update-Contact-AML---Hourly">temp.Update Contact AML - Hourly</operation>
                                    </parameter>
                                 </serviceInput>
                                 <serviceOutput>
                                    <operation source="field" to="temp.Update Contact AML - Hourly/output">Success Source Rows</operation>
                                    <operation source="field" to="temp.Update Contact AML - Hourly/output/Object_Name">Object Name</operation>
                                    <operation source="field" to="temp.Update Contact AML - Hourly/output/Run_Id">Run Id</operation>
                                    <operation source="field" to="temp.Update Contact AML - Hourly/output/Log_Id">Log Id</operation>
                                    <operation source="field" to="temp.Update Contact AML - Hourly/output/Task_Status">Task Status</operation>
                                    <operation source="field"
                                               to="temp.Update Contact AML - Hourly/output/Success_Source_Rows">Success Source Rows</operation>
                                    <operation source="field"
                                               to="temp.Update Contact AML - Hourly/output/Failed_Source_Rows">Failed Source Rows</operation>
                                    <operation source="field"
                                               to="temp.Update Contact AML - Hourly/output/Success_Target_Rows">Success Target Rows</operation>
                                    <operation source="field"
                                               to="temp.Update Contact AML - Hourly/output/Failed_Target_Rows">Failed Target Rows</operation>
                                    <operation source="field" to="temp.Update Contact AML - Hourly/output/Start_Time">Start Time</operation>
                                    <operation source="field" to="temp.Update Contact AML - Hourly/output/End_Time">End Time</operation>
                                    <operation source="field"
                                               to="temp.Update Contact AML - Hourly/output/Error_Message">Error Message</operation>
                                 </serviceOutput>
                              </service>
                              <link id="kg74h22y" targetId="kg74h220"/>
                              <events>
                                 <catch faultField="temp.Update Contact AML - Hourly/fault"
                                        id="juk89zom"
                                        interrupting="true"
                                        name="error">
                                    <suspend/>
                                 </catch>
                                 <catch faultField="temp.Update Contact AML - Hourly/fault"
                                        id="juk89zon"
                                        interrupting="true"
                                        name="warning"/>
                              </events>
                           </eventContainer>
                           <eventContainer id="kg74h220">
                              <service id="kg74h221">
                                 <title>Upsert Policy - SQL - Hourly</title>
                                 <serviceName>ICSExecuteDataTask</serviceName>
                                 <serviceGUID/>
                                 <serviceInput>
                                    <parameter name="Wait for Task to Complete" source="constant" updatable="true">true</parameter>
                                    <parameter name="Max Wait" source="constant" updatable="true">86400</parameter>
                                    <parameter name="Task Name" source="constant" updatable="true">Upsert Policy - SQL - Hourly</parameter>
                                    <parameter name="GUID" source="constant" updatable="true">07mYWKiC30HgNgrp8l4yIr</parameter>
                                    <parameter name="Task Type" source="constant" updatable="true">MCT</parameter>
                                    <parameter name="Has Inout Parameters" source="constant" updatable="true">false</parameter>
                                    <parameter name="taskField" source="nested">
                                       <operation source="field" to="Upsert-Policy---SQL---Hourly">temp.Upsert Policy - SQL - Hourly</operation>
                                    </parameter>
                                 </serviceInput>
                                 <serviceOutput>
                                    <operation source="field" to="temp.Upsert Policy - SQL - Hourly/output">Success Source Rows</operation>
                                    <operation source="field"
                                               to="temp.Upsert Policy - SQL - Hourly/output/Object_Name">Object Name</operation>
                                    <operation source="field" to="temp.Upsert Policy - SQL - Hourly/output/Run_Id">Run Id</operation>
                                    <operation source="field" to="temp.Upsert Policy - SQL - Hourly/output/Log_Id">Log Id</operation>
                                    <operation source="field"
                                               to="temp.Upsert Policy - SQL - Hourly/output/Task_Status">Task Status</operation>
                                    <operation source="field"
                                               to="temp.Upsert Policy - SQL - Hourly/output/Success_Source_Rows">Success Source Rows</operation>
                                    <operation source="field"
                                               to="temp.Upsert Policy - SQL - Hourly/output/Failed_Source_Rows">Failed Source Rows</operation>
                                    <operation source="field"
                                               to="temp.Upsert Policy - SQL - Hourly/output/Success_Target_Rows">Success Target Rows</operation>
                                    <operation source="field"
                                               to="temp.Upsert Policy - SQL - Hourly/output/Failed_Target_Rows">Failed Target Rows</operation>
                                    <operation source="field" to="temp.Upsert Policy - SQL - Hourly/output/Start_Time">Start Time</operation>
                                    <operation source="field" to="temp.Upsert Policy - SQL - Hourly/output/End_Time">End Time</operation>
                                    <operation source="field"
                                               to="temp.Upsert Policy - SQL - Hourly/output/Error_Message">Error Message</operation>
                                 </serviceOutput>
                              </service>
                              <link id="kg74h22z" targetId="kg74h222"/>
                              <events>
                                 <catch faultField="temp.Upsert Policy - SQL - Hourly/fault"
                                        id="jvpk05da"
                                        interrupting="true"
                                        name="error">
                                    <suspend/>
                                 </catch>
                                 <catch faultField="temp.Upsert Policy - SQL - Hourly/fault"
                                        id="jvpk05db"
                                        interrupting="true"
                                        name="warning"/>
                              </events>
                           </eventContainer>
                           <eventContainer id="kg74h222">
                              <service id="kg74h223">
                                 <title>Upsert Policy</title>
                                 <serviceName>ICSExecuteDataTask</serviceName>
                                 <serviceGUID/>
                                 <serviceInput>
                                    <parameter name="Wait for Task to Complete" source="constant" updatable="true">true</parameter>
                                    <parameter name="Max Wait" source="constant" updatable="true">86400</parameter>
                                    <parameter name="Task Name" source="constant" updatable="true">Upsert Policy</parameter>
                                    <parameter name="GUID" source="constant" updatable="true">ickjpJIKj62ccifNkW5EkC</parameter>
                                    <parameter name="Task Type" source="constant" updatable="true">MCT</parameter>
                                    <parameter name="Has Inout Parameters" source="constant" updatable="true">false</parameter>
                                    <parameter name="taskField" source="nested">
                                       <operation source="field" to="Upsert-Policy">temp.Upsert Policy</operation>
                                    </parameter>
                                 </serviceInput>
                                 <serviceOutput>
                                    <operation source="field" to="temp.Upsert Policy/output">Success Source Rows</operation>
                                    <operation source="field" to="temp.Upsert Policy/output/Object_Name">Object Name</operation>
                                    <operation source="field" to="temp.Upsert Policy/output/Run_Id">Run Id</operation>
                                    <operation source="field" to="temp.Upsert Policy/output/Log_Id">Log Id</operation>
                                    <operation source="field" to="temp.Upsert Policy/output/Task_Status">Task Status</operation>
                                    <operation source="field" to="temp.Upsert Policy/output/Success_Source_Rows">Success Source Rows</operation>
                                    <operation source="field" to="temp.Upsert Policy/output/Failed_Source_Rows">Failed Source Rows</operation>
                                    <operation source="field" to="temp.Upsert Policy/output/Success_Target_Rows">Success Target Rows</operation>
                                    <operation source="field" to="temp.Upsert Policy/output/Failed_Target_Rows">Failed Target Rows</operation>
                                    <operation source="field" to="temp.Upsert Policy/output/Start_Time">Start Time</operation>
                                    <operation source="field" to="temp.Upsert Policy/output/End_Time">End Time</operation>
                                    <operation source="field" to="temp.Upsert Policy/output/Error_Message">Error Message</operation>
                                 </serviceOutput>
                              </service>
                              <link id="kg74h230" targetId="kg74h224"/>
                              <events>
                                 <catch faultField="temp.Upsert Policy/fault"
                                        id="jvpk05fq"
                                        interrupting="true"
                                        name="error">
                                    <suspend/>
                                 </catch>
                                 <catch faultField="temp.Upsert Policy/fault"
                                        id="jvpk05fr"
                                        interrupting="true"
                                        name="warning"/>
                              </events>
                           </eventContainer>
                           <eventContainer id="kg74h225">
                              <service id="kg74h226">
                                 <title>Delete Policy</title>
                                 <serviceName>ICSExecuteDataTask</serviceName>
                                 <serviceGUID/>
                                 <serviceInput>
                                    <parameter name="Wait for Task to Complete" source="constant" updatable="true">true</parameter>
                                    <parameter name="Max Wait" source="constant" updatable="true">86400</parameter>
                                    <parameter name="Task Name" source="constant" updatable="true">Delete Policy</parameter>
                                    <parameter name="GUID" source="constant" updatable="true">7aIhxthQ0jhdqcaph9m9m7</parameter>
                                    <parameter name="Task Type" source="constant" updatable="true">MCT</parameter>
                                    <parameter name="Has Inout Parameters" source="constant" updatable="true">false</parameter>
                                    <parameter name="taskField" source="nested">
                                       <operation source="field" to="Delete-Policy">temp.Delete Policy</operation>
                                    </parameter>
                                 </serviceInput>
                                 <serviceOutput>
                                    <operation source="field" to="temp.Delete Policy/output">Success Source Rows</operation>
                                    <operation source="field" to="temp.Delete Policy/output/Object_Name">Object Name</operation>
                                    <operation source="field" to="temp.Delete Policy/output/Run_Id">Run Id</operation>
                                    <operation source="field" to="temp.Delete Policy/output/Log_Id">Log Id</operation>
                                    <operation source="field" to="temp.Delete Policy/output/Task_Status">Task Status</operation>
                                    <operation source="field" to="temp.Delete Policy/output/Success_Source_Rows">Success Source Rows</operation>
                                    <operation source="field" to="temp.Delete Policy/output/Failed_Source_Rows">Failed Source Rows</operation>
                                    <operation source="field" to="temp.Delete Policy/output/Success_Target_Rows">Success Target Rows</operation>
                                    <operation source="field" to="temp.Delete Policy/output/Failed_Target_Rows">Failed Target Rows</operation>
                                    <operation source="field" to="temp.Delete Policy/output/Start_Time">Start Time</operation>
                                    <operation source="field" to="temp.Delete Policy/output/End_Time">End Time</operation>
                                    <operation source="field" to="temp.Delete Policy/output/Error_Message">Error Message</operation>
                                 </serviceOutput>
                              </service>
                              <link id="kg74h232" targetId="kg74h227"/>
                              <events>
                                 <catch faultField="temp.Delete Policy/fault"
                                        id="jvpk05kf"
                                        interrupting="true"
                                        name="error">
                                    <suspend/>
                                 </catch>
                                 <catch faultField="temp.Delete Policy/fault"
                                        id="jvpk05kg"
                                        interrupting="true"
                                        name="warning"/>
                              </events>
                           </eventContainer>
                           <eventContainer id="kg74h227">
                              <service id="kg74h228">
                                 <title>Query Policy</title>
                                 <serviceName>ICSExecuteDataTask</serviceName>
                                 <serviceGUID/>
                                 <serviceInput>
                                    <parameter name="Wait for Task to Complete" source="constant" updatable="true">true</parameter>
                                    <parameter name="Max Wait" source="constant" updatable="true">86400</parameter>
                                    <parameter name="Task Name" source="constant" updatable="true">Query Policy</parameter>
                                    <parameter name="GUID" source="constant" updatable="true">0bBuN3NSxKckrTa87Q7fGs</parameter>
                                    <parameter name="Task Type" source="constant" updatable="true">MCT</parameter>
                                    <parameter name="Has Inout Parameters" source="constant" updatable="true">false</parameter>
                                    <parameter name="taskField" source="nested">
                                       <operation source="field" to="Query-Policy">temp.Query Policy</operation>
                                    </parameter>
                                 </serviceInput>
                                 <serviceOutput>
                                    <operation source="field" to="temp.Query Policy/output">Success Source Rows</operation>
                                    <operation source="field" to="temp.Query Policy/output/Object_Name">Object Name</operation>
                                    <operation source="field" to="temp.Query Policy/output/Run_Id">Run Id</operation>
                                    <operation source="field" to="temp.Query Policy/output/Log_Id">Log Id</operation>
                                    <operation source="field" to="temp.Query Policy/output/Task_Status">Task Status</operation>
                                    <operation source="field" to="temp.Query Policy/output/Success_Source_Rows">Success Source Rows</operation>
                                    <operation source="field" to="temp.Query Policy/output/Failed_Source_Rows">Failed Source Rows</operation>
                                    <operation source="field" to="temp.Query Policy/output/Success_Target_Rows">Success Target Rows</operation>
                                    <operation source="field" to="temp.Query Policy/output/Failed_Target_Rows">Failed Target Rows</operation>
                                    <operation source="field" to="temp.Query Policy/output/Start_Time">Start Time</operation>
                                    <operation source="field" to="temp.Query Policy/output/End_Time">End Time</operation>
                                    <operation source="field" to="temp.Query Policy/output/Error_Message">Error Message</operation>
                                 </serviceOutput>
                              </service>
                              <link id="kg74h233" targetId="kg74h229"/>
                              <events>
                                 <catch faultField="temp.Query Policy/fault"
                                        id="jvzly9ji"
                                        interrupting="true"
                                        name="error">
                                    <suspend/>
                                 </catch>
                                 <catch faultField="temp.Query Policy/fault"
                                        id="jvzly9jj"
                                        interrupting="true"
                                        name="warning"/>
                              </events>
                           </eventContainer>
                           <eventContainer id="kg74h229">
                              <service id="kg74h22a">
                                 <title>Upsert Policy Holder</title>
                                 <serviceName>ICSExecuteDataTask</serviceName>
                                 <serviceGUID/>
                                 <serviceInput>
                                    <parameter name="Wait for Task to Complete" source="constant" updatable="true">true</parameter>
                                    <parameter name="Max Wait" source="constant" updatable="true">86400</parameter>
                                    <parameter name="Task Name" source="constant" updatable="true">Upsert Policy Holder</parameter>
                                    <parameter name="GUID" source="constant" updatable="true">4aib218BOj5lJbp9gquyQQ</parameter>
                                    <parameter name="Task Type" source="constant" updatable="true">MCT</parameter>
                                    <parameter name="Has Inout Parameters" source="constant" updatable="true">false</parameter>
                                    <parameter name="taskField" source="nested">
                                       <operation source="field" to="Upsert-Policy-Holder">temp.Upsert Policy Holder</operation>
                                    </parameter>
                                 </serviceInput>
                                 <serviceOutput>
                                    <operation source="field" to="temp.Upsert Policy Holder/output">Success Source Rows</operation>
                                    <operation source="field" to="temp.Upsert Policy Holder/output/Object_Name">Object Name</operation>
                                    <operation source="field" to="temp.Upsert Policy Holder/output/Run_Id">Run Id</operation>
                                    <operation source="field" to="temp.Upsert Policy Holder/output/Log_Id">Log Id</operation>
                                    <operation source="field" to="temp.Upsert Policy Holder/output/Task_Status">Task Status</operation>
                                    <operation source="field"
                                               to="temp.Upsert Policy Holder/output/Success_Source_Rows">Success Source Rows</operation>
                                    <operation source="field" to="temp.Upsert Policy Holder/output/Failed_Source_Rows">Failed Source Rows</operation>
                                    <operation source="field"
                                               to="temp.Upsert Policy Holder/output/Success_Target_Rows">Success Target Rows</operation>
                                    <operation source="field" to="temp.Upsert Policy Holder/output/Failed_Target_Rows">Failed Target Rows</operation>
                                    <operation source="field" to="temp.Upsert Policy Holder/output/Start_Time">Start Time</operation>
                                    <operation source="field" to="temp.Upsert Policy Holder/output/End_Time">End Time</operation>
                                    <operation source="field" to="temp.Upsert Policy Holder/output/Error_Message">Error Message</operation>
                                 </serviceOutput>
                              </service>
                              <events>
                                 <catch faultField="temp.Upsert Policy Holder/fault"
                                        id="jvpk05nh"
                                        interrupting="true"
                                        name="error">
                                    <suspend/>
                                 </catch>
                                 <catch faultField="temp.Upsert Policy Holder/fault"
                                        id="jvpk05ni"
                                        interrupting="true"
                                        name="warning"/>
                              </events>
                           </eventContainer>
                           <wait id="kg74h224">
                              <title>Wait 30 seconds for Upsert Policy to finish</title>
                              <duration source="formula">
                                 <function name="duration_expression">
                                    <arg name="value">30</arg>
                                    <arg name="scale">S</arg>
                                    <arg name="businessDays"/>
                                 </function>
                              </duration>
                              <link id="kg74h231" targetId="kg74h225"/>
                           </wait>
                           <link id="kg74h22s" targetId="kg74h21p" type="containerLink"/>
                        </flow>
                        <flow id="kg74h22b">
                           <container id="kg74h22c" type="parallel">
                              <title>Parallel Paths 2</title>
                              <flow id="kg74h22d">
                                 <container id="kg74h22e" type="parallel">
                                    <title>Parallel Paths 5</title>
                                    <flow id="kg74h22f">
                                       <eventContainer id="kg74h22g">
                                          <service id="kg74h22h">
                                             <title>Upsert State Training - Hourly</title>
                                             <serviceName>ICSExecuteDataTask</serviceName>
                                             <serviceGUID/>
                                             <serviceInput>
                                                <parameter name="Wait for Task to Complete" source="constant" updatable="true">true</parameter>
                                                <parameter name="Max Wait" source="constant" updatable="true">86400</parameter>
                                                <parameter name="Task Name" source="constant" updatable="true">Upsert State Training</parameter>
                                                <parameter name="GUID" source="constant" updatable="true">3RSuHoxinqakVloY66I7U5</parameter>
                                                <parameter name="Task Type" source="constant" updatable="true">MCT</parameter>
                                                <parameter name="Has Inout Parameters" source="constant" updatable="true">false</parameter>
                                                <parameter name="taskField" source="nested">
                                                   <operation source="field" to="Upsert-State-Training">temp.Upsert State Training - Hourly</operation>
                                                </parameter>
                                             </serviceInput>
                                             <serviceOutput>
                                                <operation source="field" to="temp.Upsert State Training - Hourly/output">Success Source Rows</operation>
                                                <operation source="field"
                                                           to="temp.Upsert State Training - Hourly/output/Object_Name">Object Name</operation>
                                                <operation source="field" to="temp.Upsert State Training - Hourly/output/Run_Id">Run Id</operation>
                                                <operation source="field" to="temp.Upsert State Training - Hourly/output/Log_Id">Log Id</operation>
                                                <operation source="field"
                                                           to="temp.Upsert State Training - Hourly/output/Task_Status">Task Status</operation>
                                                <operation source="field"
                                                           to="temp.Upsert State Training - Hourly/output/Success_Source_Rows">Success Source Rows</operation>
                                                <operation source="field"
                                                           to="temp.Upsert State Training - Hourly/output/Failed_Source_Rows">Failed Source Rows</operation>
                                                <operation source="field"
                                                           to="temp.Upsert State Training - Hourly/output/Success_Target_Rows">Success Target Rows</operation>
                                                <operation source="field"
                                                           to="temp.Upsert State Training - Hourly/output/Failed_Target_Rows">Failed Target Rows</operation>
                                                <operation source="field"
                                                           to="temp.Upsert State Training - Hourly/output/Start_Time">Start Time</operation>
                                                <operation source="field" to="temp.Upsert State Training - Hourly/output/End_Time">End Time</operation>
                                                <operation source="field"
                                                           to="temp.Upsert State Training - Hourly/output/Error_Message">Error Message</operation>
                                             </serviceOutput>
                                          </service>
                                          <events>
                                             <catch faultField="temp.Upsert State Training - Hourly/fault"
                                                    id="juk89zxw"
                                                    interrupting="true"
                                                    name="error">
                                                <suspend/>
                                             </catch>
                                             <catch faultField="temp.Upsert State Training - Hourly/fault"
                                                    id="juk89zxx"
                                                    interrupting="true"
                                                    name="warning"/>
                                          </events>
                                       </eventContainer>
                                       <link id="kg74h23b" targetId="kg74h22e" type="containerLink"/>
                                    </flow>
                                    <flow id="kg74h22i">
                                       <eventContainer id="kg74h22j">
                                          <service id="kg74h22k">
                                             <title>Upsert Product Training - Hourly</title>
                                             <serviceName>ICSExecuteDataTask</serviceName>
                                             <serviceGUID/>
                                             <serviceInput>
                                                <parameter name="Wait for Task to Complete" source="constant" updatable="true">true</parameter>
                                                <parameter name="Max Wait" source="constant" updatable="true">86400</parameter>
                                                <parameter name="Task Name" source="constant" updatable="true">Upsert Product Training</parameter>
                                                <parameter name="GUID" source="constant" updatable="true">8J1WpT52dlFhusCFtTjkoP</parameter>
                                                <parameter name="Task Type" source="constant" updatable="true">MCT</parameter>
                                                <parameter name="Has Inout Parameters" source="constant" updatable="true">false</parameter>
                                                <parameter name="taskField" source="nested">
                                                   <operation source="field" to="Upsert-Product-Training">temp.Upsert Product Training - Hourly</operation>
                                                </parameter>
                                             </serviceInput>
                                             <serviceOutput>
                                                <operation source="field" to="temp.Upsert Product Training - Hourly/output">Success Source Rows</operation>
                                                <operation source="field"
                                                           to="temp.Upsert Product Training - Hourly/output/Object_Name">Object Name</operation>
                                                <operation source="field" to="temp.Upsert Product Training - Hourly/output/Run_Id">Run Id</operation>
                                                <operation source="field" to="temp.Upsert Product Training - Hourly/output/Log_Id">Log Id</operation>
                                                <operation source="field"
                                                           to="temp.Upsert Product Training - Hourly/output/Task_Status">Task Status</operation>
                                                <operation source="field"
                                                           to="temp.Upsert Product Training - Hourly/output/Success_Source_Rows">Success Source Rows</operation>
                                                <operation source="field"
                                                           to="temp.Upsert Product Training - Hourly/output/Failed_Source_Rows">Failed Source Rows</operation>
                                                <operation source="field"
                                                           to="temp.Upsert Product Training - Hourly/output/Success_Target_Rows">Success Target Rows</operation>
                                                <operation source="field"
                                                           to="temp.Upsert Product Training - Hourly/output/Failed_Target_Rows">Failed Target Rows</operation>
                                                <operation source="field"
                                                           to="temp.Upsert Product Training - Hourly/output/Start_Time">Start Time</operation>
                                                <operation source="field"
                                                           to="temp.Upsert Product Training - Hourly/output/End_Time">End Time</operation>
                                                <operation source="field"
                                                           to="temp.Upsert Product Training - Hourly/output/Error_Message">Error Message</operation>
                                             </serviceOutput>
                                          </service>
                                          <events>
                                             <catch faultField="temp.Upsert Product Training - Hourly/fault"
                                                    id="juk89zup"
                                                    interrupting="true"
                                                    name="error">
                                                <suspend/>
                                             </catch>
                                             <catch faultField="temp.Upsert Product Training - Hourly/fault"
                                                    id="juk89zuq"
                                                    interrupting="true"
                                                    name="warning"/>
                                          </events>
                                       </eventContainer>
                                       <link id="kg74h23c" targetId="kg74h22e" type="containerLink"/>
                                    </flow>
                                    <link id="kg74h239" targetId="kg74h22f" type="containerLink"/>
                                    <link id="kg74h23a" targetId="kg74h22i" type="containerLink"/>
                                 </container>
                                 <link id="kg74h238" targetId="kg74h22c" type="containerLink"/>
                              </flow>
                              <flow id="kg74h22l">
                                 <eventContainer id="kg74h22m">
                                    <service id="kg74h22n">
                                       <title>Update Hierarchy - Hourly</title>
                                       <serviceName>ICSExecuteDataTask</serviceName>
                                       <serviceGUID/>
                                       <serviceInput>
                                          <parameter name="Wait for Task to Complete" source="constant" updatable="true">true</parameter>
                                          <parameter name="Max Wait" source="constant" updatable="true">86400</parameter>
                                          <parameter name="Task Name" source="constant" updatable="true">Update Hierarchy - Hourly</parameter>
                                          <parameter name="GUID" source="constant" updatable="true">3V67OJ0ZmOBlKbvSNfL101</parameter>
                                          <parameter name="Task Type" source="constant" updatable="true">MCT</parameter>
                                          <parameter name="Has Inout Parameters" source="constant" updatable="true">false</parameter>
                                          <parameter name="taskField" source="nested">
                                             <operation source="field" to="Update-Hierarchy---Hourly">temp.Update Hierarchy - Hourly</operation>
                                          </parameter>
                                       </serviceInput>
                                       <serviceOutput>
                                          <operation source="field" to="temp.Update Hierarchy - Hourly/output">Success Source Rows</operation>
                                          <operation source="field" to="temp.Update Hierarchy - Hourly/output/Object_Name">Object Name</operation>
                                          <operation source="field" to="temp.Update Hierarchy - Hourly/output/Run_Id">Run Id</operation>
                                          <operation source="field" to="temp.Update Hierarchy - Hourly/output/Log_Id">Log Id</operation>
                                          <operation source="field" to="temp.Update Hierarchy - Hourly/output/Task_Status">Task Status</operation>
                                          <operation source="field"
                                                     to="temp.Update Hierarchy - Hourly/output/Success_Source_Rows">Success Source Rows</operation>
                                          <operation source="field"
                                                     to="temp.Update Hierarchy - Hourly/output/Failed_Source_Rows">Failed Source Rows</operation>
                                          <operation source="field"
                                                     to="temp.Update Hierarchy - Hourly/output/Success_Target_Rows">Success Target Rows</operation>
                                          <operation source="field"
                                                     to="temp.Update Hierarchy - Hourly/output/Failed_Target_Rows">Failed Target Rows</operation>
                                          <operation source="field" to="temp.Update Hierarchy - Hourly/output/Start_Time">Start Time</operation>
                                          <operation source="field" to="temp.Update Hierarchy - Hourly/output/End_Time">End Time</operation>
                                          <operation source="field" to="temp.Update Hierarchy - Hourly/output/Error_Message">Error Message</operation>
                                       </serviceOutput>
                                    </service>
                                    <link id="kihpxrbi" targetId="kihpxrd4"/>
                                    <events>
                                       <catch faultField="temp.Update Hierarchy - Hourly/fault"
                                              id="juk8a01l"
                                              interrupting="true"
                                              name="error">
                                          <suspend/>
                                       </catch>
                                       <catch faultField="temp.Update Hierarchy - Hourly/fault"
                                              id="juk8a01m"
                                              interrupting="true"
                                              name="warning"/>
                                    </events>
                                 </eventContainer>
                                 <eventContainer id="kihpxrd4">
                                    <service id="kihpxrbh">
                                       <title>Upsert PendingRequirement</title>
                                       <serviceName>ICSExecuteDataTask</serviceName>
                                       <serviceGUID/>
                                       <serviceInput>
                                          <parameter name="Wait for Task to Complete" source="constant" updatable="true">true</parameter>
                                          <parameter name="Max Wait" source="constant" updatable="true">604800</parameter>
                                          <parameter name="Task Name" source="constant" updatable="true">Upsert PendingRequirment</parameter>
                                          <parameter name="GUID" source="constant" updatable="true">3WpJv1DfoSalTGeZOYBkMy</parameter>
                                          <parameter name="Task Type" source="constant" updatable="true">MCT</parameter>
                                          <parameter name="Has Inout Parameters" source="constant" updatable="true">false</parameter>
                                          <parameter name="taskField" source="nested">
                                             <operation source="field" to="Upsert-PendingRequirment">temp.Upsert PendingRequirement</operation>
                                          </parameter>
                                       </serviceInput>
                                       <serviceOutput>
                                          <operation source="field" to="temp.Upsert PendingRequirement/output/Object_Name">Object Name</operation>
                                          <operation source="field" to="temp.Upsert PendingRequirement/output/Run_Id">Run Id</operation>
                                          <operation source="field" to="temp.Upsert PendingRequirement/output/Log_Id">Log Id</operation>
                                          <operation source="field" to="temp.Upsert PendingRequirement/output/Task_Id">Task Id</operation>
                                          <operation source="field" to="temp.Upsert PendingRequirement/output/Task_Status">Task Status</operation>
                                          <operation source="field"
                                                     to="temp.Upsert PendingRequirement/output/Success_Source_Rows">Success Source Rows</operation>
                                          <operation source="field"
                                                     to="temp.Upsert PendingRequirement/output/Failed_Source_Rows">Failed Source Rows</operation>
                                          <operation source="field"
                                                     to="temp.Upsert PendingRequirement/output/Success_Target_Rows">Success Target Rows</operation>
                                          <operation source="field"
                                                     to="temp.Upsert PendingRequirement/output/Failed_Target_Rows">Failed Target Rows</operation>
                                          <operation source="field" to="temp.Upsert PendingRequirement/output/Start_Time">Start Time</operation>
                                          <operation source="field" to="temp.Upsert PendingRequirement/output/End_Time">End Time</operation>
                                          <operation source="field" to="temp.Upsert PendingRequirement/output/Error_Message">Error Message</operation>
                                       </serviceOutput>
                                    </service>
                                    <link id="kihpxrbx" targetId="kihpxref"/>
                                    <events>
                                       <catch faultField="temp.Upsert PendingRequirement/fault"
                                              id="kihpxrd2"
                                              interrupting="true"
                                              name="error">
                                          <suspend/>
                                       </catch>
                                       <catch faultField="temp.Upsert PendingRequirement/fault"
                                              id="kihpxrd3"
                                              interrupting="true"
                                              name="warning"/>
                                    </events>
                                 </eventContainer>
                                 <eventContainer id="kihpxref">
                                    <service id="kihpxrbw">
                                       <title>Query PendingRequirement</title>
                                       <serviceName>ICSExecuteDataTask</serviceName>
                                       <serviceGUID/>
                                       <serviceInput>
                                          <parameter name="Wait for Task to Complete" source="constant" updatable="true">true</parameter>
                                          <parameter name="Max Wait" source="constant" updatable="true">604800</parameter>
                                          <parameter name="Task Name" source="constant" updatable="true">Query PendingRequirment</parameter>
                                          <parameter name="GUID" source="constant" updatable="true">8vtj60PfNx1di9hEP9nUuC</parameter>
                                          <parameter name="Task Type" source="constant" updatable="true">MCT</parameter>
                                          <parameter name="Has Inout Parameters" source="constant" updatable="true">false</parameter>
                                          <parameter name="taskField" source="nested">
                                             <operation source="field" to="Query-PendingRequirment">temp.Query PendingRequirement</operation>
                                          </parameter>
                                       </serviceInput>
                                       <serviceOutput>
                                          <operation source="field" to="temp.Query PendingRequirement/output/Object_Name">Object Name</operation>
                                          <operation source="field" to="temp.Query PendingRequirement/output/Run_Id">Run Id</operation>
                                          <operation source="field" to="temp.Query PendingRequirement/output/Log_Id">Log Id</operation>
                                          <operation source="field" to="temp.Query PendingRequirement/output/Task_Id">Task Id</operation>
                                          <operation source="field" to="temp.Query PendingRequirement/output/Task_Status">Task Status</operation>
                                          <operation source="field"
                                                     to="temp.Query PendingRequirement/output/Success_Source_Rows">Success Source Rows</operation>
                                          <operation source="field"
                                                     to="temp.Query PendingRequirement/output/Failed_Source_Rows">Failed Source Rows</operation>
                                          <operation source="field"
                                                     to="temp.Query PendingRequirement/output/Success_Target_Rows">Success Target Rows</operation>
                                          <operation source="field"
                                                     to="temp.Query PendingRequirement/output/Failed_Target_Rows">Failed Target Rows</operation>
                                          <operation source="field" to="temp.Query PendingRequirement/output/Start_Time">Start Time</operation>
                                          <operation source="field" to="temp.Query PendingRequirement/output/End_Time">End Time</operation>
                                          <operation source="field" to="temp.Query PendingRequirement/output/Error_Message">Error Message</operation>
                                       </serviceOutput>
                                    </service>
                                    <events>
                                       <catch faultField="temp.Query PendingRequirement/fault"
                                              id="kihpxred"
                                              interrupting="true"
                                              name="error">
                                          <suspend/>
                                       </catch>
                                       <catch faultField="temp.Query PendingRequirement/fault"
                                              id="kihpxree"
                                              interrupting="true"
                                              name="warning"/>
                                    </events>
                                 </eventContainer>
                                 <link id="kg74h23d" targetId="kg74h22c" type="containerLink"/>
                              </flow>
                              <link id="kg74h235" targetId="kg74h22d" type="containerLink"/>
                              <link id="kg74h236" targetId="kg74h22l" type="containerLink"/>
                              <link id="kg74h237" targetId="kg74h22o"/>
                           </container>
                           <eventContainer id="kg74h22o">
                              <service id="kg74h22p">
                                 <title>Upsert Compliance Attestations - Hourly</title>
                                 <serviceName>ICSExecuteDataTask</serviceName>
                                 <serviceGUID/>
                                 <serviceInput>
                                    <parameter name="Wait for Task to Complete" source="constant" updatable="true">true</parameter>
                                    <parameter name="Max Wait" source="constant" updatable="true">86400</parameter>
                                    <parameter name="Task Name" source="constant" updatable="true">Upsert Compliance Attestations</parameter>
                                    <parameter name="GUID" source="constant" updatable="true">3Pclgp2arChgK84IoruqGY</parameter>
                                    <parameter name="Task Type" source="constant" updatable="true">MCT</parameter>
                                    <parameter name="Has Inout Parameters" source="constant" updatable="true">false</parameter>
                                    <parameter name="taskField" source="nested">
                                       <operation source="field" to="Upsert-Compliance-Attestations">temp.Upsert Compliance Attestations - Hourly</operation>
                                    </parameter>
                                 </serviceInput>
                                 <serviceOutput>
                                    <operation source="field" to="temp.Upsert Compliance Attestations - Hourly/output">Success Source Rows</operation>
                                    <operation source="field"
                                               to="temp.Upsert Compliance Attestations - Hourly/output/Object_Name">Object Name</operation>
                                    <operation source="field"
                                               to="temp.Upsert Compliance Attestations - Hourly/output/Run_Id">Run Id</operation>
                                    <operation source="field"
                                               to="temp.Upsert Compliance Attestations - Hourly/output/Log_Id">Log Id</operation>
                                    <operation source="field"
                                               to="temp.Upsert Compliance Attestations - Hourly/output/Task_Status">Task Status</operation>
                                    <operation source="field"
                                               to="temp.Upsert Compliance Attestations - Hourly/output/Success_Source_Rows">Success Source Rows</operation>
                                    <operation source="field"
                                               to="temp.Upsert Compliance Attestations - Hourly/output/Failed_Source_Rows">Failed Source Rows</operation>
                                    <operation source="field"
                                               to="temp.Upsert Compliance Attestations - Hourly/output/Success_Target_Rows">Success Target Rows</operation>
                                    <operation source="field"
                                               to="temp.Upsert Compliance Attestations - Hourly/output/Failed_Target_Rows">Failed Target Rows</operation>
                                    <operation source="field"
                                               to="temp.Upsert Compliance Attestations - Hourly/output/Start_Time">Start Time</operation>
                                    <operation source="field"
                                               to="temp.Upsert Compliance Attestations - Hourly/output/End_Time">End Time</operation>
                                    <operation source="field"
                                               to="temp.Upsert Compliance Attestations - Hourly/output/Error_Message">Error Message</operation>
                                 </serviceOutput>
                              </service>
                              <link id="kij1iqgm" targetId="kij1iqgl"/>
                              <events>
                                 <catch faultField="temp.Upsert Compliance Attestations - Hourly/fault"
                                        id="julbii4p"
                                        interrupting="true"
                                        name="error">
                                    <suspend/>
                                 </catch>
                                 <catch faultField="temp.Upsert Compliance Attestations - Hourly/fault"
                                        id="julbii4q"
                                        interrupting="true"
                                        name="warning"/>
                              </events>
                           </eventContainer>
                           <wait id="kij1iqgl">
                              <title>Wait 2 minute for Query Pending Requirement to finish</title>
                              <duration source="formula">
                                 <function name="duration_expression">
                                    <arg name="value">2</arg>
                                    <arg name="scale">M</arg>
                                    <arg name="businessDays"/>
                                 </function>
                              </duration>
                              <link id="kij1iqgn" targetId="kij1iqfy"/>
                           </wait>
                           <service id="kij1iqfy">
                              <title>Delete PendingRequirement</title>
                              <serviceName>ICSExecuteDataTask</serviceName>
                              <serviceGUID/>
                              <serviceInput>
                                 <parameter name="Wait for Task to Complete" source="constant" updatable="true">true</parameter>
                                 <parameter name="Max Wait" source="constant" updatable="true">604800</parameter>
                                 <parameter name="Task Name" source="constant" updatable="true">Delete PendingRequirement</parameter>
                                 <parameter name="GUID" source="constant" updatable="true">2LZS38MLZo6hj3weBd12mu</parameter>
                                 <parameter name="Task Type" source="constant" updatable="true">MCT</parameter>
                                 <parameter name="Has Inout Parameters" source="constant" updatable="true">false</parameter>
                                 <parameter name="taskField" source="nested">
                                    <operation source="field" to="Delete-PendingRequirement">temp.Delete PendingRequirement</operation>
                                 </parameter>
                              </serviceInput>
                              <serviceOutput>
                                 <operation source="field" to="temp.Delete PendingRequirement/output/Object_Name">Object Name</operation>
                                 <operation source="field" to="temp.Delete PendingRequirement/output/Run_Id">Run Id</operation>
                                 <operation source="field" to="temp.Delete PendingRequirement/output/Log_Id">Log Id</operation>
                                 <operation source="field" to="temp.Delete PendingRequirement/output/Task_Id">Task Id</operation>
                                 <operation source="field" to="temp.Delete PendingRequirement/output/Task_Status">Task Status</operation>
                                 <operation source="field"
                                            to="temp.Delete PendingRequirement/output/Success_Source_Rows">Success Source Rows</operation>
                                 <operation source="field"
                                            to="temp.Delete PendingRequirement/output/Failed_Source_Rows">Failed Source Rows</operation>
                                 <operation source="field"
                                            to="temp.Delete PendingRequirement/output/Success_Target_Rows">Success Target Rows</operation>
                                 <operation source="field"
                                            to="temp.Delete PendingRequirement/output/Failed_Target_Rows">Failed Target Rows</operation>
                                 <operation source="field" to="temp.Delete PendingRequirement/output/Start_Time">Start Time</operation>
                                 <operation source="field" to="temp.Delete PendingRequirement/output/End_Time">End Time</operation>
                                 <operation source="field" to="temp.Delete PendingRequirement/output/Error_Message">Error Message</operation>
                              </serviceOutput>
                           </service>
                           <link id="kg74h234" targetId="kg74h21p" type="containerLink"/>
                        </flow>
                        <link id="kg74h22q" targetId="kg74h21q" type="containerLink"/>
                        <link id="kg74h22r" targetId="kg74h22b" type="containerLink"/>
                        <link id="kg74h24l" targetId="kg74h24k"/>
                     </container>
                     <end id="kg74h24k"/>
                  </flow>
                  <flow id="kg74h20z">
                     <service id="kg74h26l">
                        <title>Email_On_Dependent_Job_Not_Completed</title>
                        <serviceName>emailNotificationService</serviceName>
                        <serviceGUID/>
                        <serviceInput>
                           <parameter name="Email To" source="constant">{$temp.Email_List}</parameter>
                           <parameter name="Email Cc" source="constant"/>
                           <parameter name="Email Subject" source="formula">
                              <expression language="XQuery">fn:concat($temp.Org_ID, ': ', 'Salesforce Manage_Hourly_Sync Status: Manage_Hourly_Sync - Paused')</expression>
                           </parameter>
                           <parameter name="Email Content Type" source="constant">html</parameter>
                           <parameter name="Email Body" source="constant">&lt;p&gt;&lt;span style="font-family: 'times new roman', times; font-size: 10pt;"&gt;The Taskflow&amp;nbsp;&lt;span style="color: #0000ff;"&gt;&lt;strong&gt;Manage_Hourly_Sync&lt;/strong&gt;&lt;/span&gt; Paused&lt;span style="color: #000000;"&gt;.&lt;/span&gt;&lt;/span&gt;&lt;/p&gt;
&lt;p&gt;&lt;span style="font-family: 'times new roman', times; font-size: 10pt;"&gt;Env/Organization ID:&amp;nbsp;&lt;span style="background-color: #ff9900;"&gt;{$temp.Org_ID}&lt;/span&gt;&lt;/span&gt;&lt;/p&gt;
&lt;p&gt;&lt;span style="font-family: 'times new roman', times; font-size: 10pt;"&gt;Organization Name: American Equity Investment Life Holding Company&lt;/span&gt;&lt;/p&gt;
&lt;p&gt;&lt;span style="font-family: 'times new roman', times; font-size: 10pt;"&gt;Start Time: {$temp.SysDateTime}&lt;/span&gt;&lt;/p&gt;
&lt;p&gt;&lt;span style="font-family: 'times new roman', times; font-size: 10pt;"&gt;End Time: {$temp.SysDateTime}&lt;/span&gt;&lt;/p&gt;
&lt;p&gt;&lt;span style="font-family: 'times new roman', times; font-size: 10pt;"&gt;Result: &lt;span style="color: #2dc26b;"&gt;&lt;span style="color: #169179;"&gt;&lt;span style="color: #008000;"&gt;*PAUSED - DEPENDENCY JOB STILL RUNNING*&lt;/span&gt;&lt;/span&gt;&lt;/span&gt;&lt;/span&gt;&lt;/p&gt;
&lt;p&gt;&lt;span style="font-family: 'times new roman', times; font-size: 10pt;"&gt;Error Message: &lt;span style="color: #169179;"&gt;&lt;span style="color: #2dc26b;"&gt;&lt;span style="color: #008000;"&gt;Salesforce Manage_Hourly_Sync Taskflow Paused for Next Run - Waiting for Daily Job Completion. For More Details, Please contact the Data Integration Team at the below email address.&lt;/span&gt;&lt;/span&gt;&lt;/span&gt;&lt;/span&gt;&lt;/p&gt;
&lt;p&gt;&amp;nbsp;&lt;/p&gt;
&lt;p&gt;&lt;span style="font-family: 'times new roman', times; font-size: 10pt;"&gt;Regards,&lt;/span&gt;&lt;/p&gt;
&lt;p&gt;&lt;span style="font-family: 'times new roman', times; font-size: 10pt;"&gt;AE Data Management-EDW Team,&lt;/span&gt;&lt;/p&gt;
&lt;p&gt;&lt;span style="font-family: 'times new roman', times; font-size: 10pt;"&gt;Contact: GRP-DataArchitectureandIntegration@american-equity.com&lt;/span&gt;&lt;/p&gt;</parameter>
                        </serviceInput>
                        <serviceOutput/>
                        <link id="kg74h26m" targetId="kg74h21e"/>
                     </service>
                     <end id="kg74h21e">
                        <title>Bad Request</title>
                     </end>
                  </flow>
                  <link id="kg74h20v" targetId="kg74h20w" type="containerLink">
                     <condition source="formula">
                        <function name="contains">
                           <arg name="left">{$temp.Manage_Sync_Job_Status[1]/output[1]/Task_Status}</arg>
                           <arg name="right">1</arg>
                        </function>
                     </condition>
                  </link>
                  <link id="kg74h20y" targetId="kg74h20z" type="containerLink"/>
               </container>
            </flow>
            <dependencies>
               <processObject xmlns="http://schemas.active-endpoints.com/appmodules/screenflow/2011/06/avosHostEnvironment.xsd"
                              displayName="mct-Manage-Sync-Job-Status-Check"
                              isByCopy="true"
                              name="mct-Manage-Sync-Job-Status-Check">
                  <description/>
                  <tags/>
                  <detail>
                     <field label="Output Parameters" name="output" type="reference"/>
                     <field label="Fault" name="fault" type="reference"/>
                  </detail>
               </processObject>
               <processObject xmlns="http://schemas.active-endpoints.com/appmodules/screenflow/2011/06/avosHostEnvironment.xsd"
                              displayName="Update-Contact---Hourly"
                              isByCopy="true"
                              name="Update-Contact---Hourly">
                  <description/>
                  <tags/>
                  <detail>
                     <field label="Output Parameters" name="output" type="reference"/>
                     <field label="Fault" name="fault" type="reference"/>
                  </detail>
               </processObject>
               <processObject xmlns="http://schemas.active-endpoints.com/appmodules/screenflow/2011/06/avosHostEnvironment.xsd"
                              displayName="Update-Account---Hourly"
                              isByCopy="true"
                              name="Update-Account---Hourly">
                  <description/>
                  <tags/>
                  <detail>
                     <field label="Output Parameters" name="output" type="reference"/>
                     <field label="Fault" name="fault" type="reference"/>
                  </detail>
               </processObject>
               <processObject xmlns="http://schemas.active-endpoints.com/appmodules/screenflow/2011/06/avosHostEnvironment.xsd"
                              displayName="Update-Contact-AML---Hourly"
                              isByCopy="true"
                              name="Update-Contact-AML---Hourly">
                  <description/>
                  <tags/>
                  <detail>
                     <field label="Output Parameters" name="output" type="reference"/>
                     <field label="Fault" name="fault" type="reference"/>
                  </detail>
               </processObject>
               <processObject xmlns="http://schemas.active-endpoints.com/appmodules/screenflow/2011/06/avosHostEnvironment.xsd"
                              displayName="Upsert-Policy---SQL---Hourly"
                              isByCopy="true"
                              name="Upsert-Policy---SQL---Hourly">
                  <description/>
                  <tags/>
                  <detail>
                     <field label="Output Parameters" name="output" type="reference"/>
                     <field label="Fault" name="fault" type="reference"/>
                  </detail>
               </processObject>
               <processObject xmlns="http://schemas.active-endpoints.com/appmodules/screenflow/2011/06/avosHostEnvironment.xsd"
                              displayName="Upsert-Policy"
                              isByCopy="true"
                              name="Upsert-Policy">
                  <description/>
                  <tags/>
                  <detail>
                     <field label="Output Parameters" name="output" type="reference"/>
                     <field label="Fault" name="fault" type="reference"/>
                  </detail>
               </processObject>
               <processObject xmlns="http://schemas.active-endpoints.com/appmodules/screenflow/2011/06/avosHostEnvironment.xsd"
                              displayName="Delete-Policy"
                              isByCopy="true"
                              name="Delete-Policy">
                  <description/>
                  <tags/>
                  <detail>
                     <field label="Output Parameters" name="output" type="reference"/>
                     <field label="Fault" name="fault" type="reference"/>
                  </detail>
               </processObject>
               <processObject xmlns="http://schemas.active-endpoints.com/appmodules/screenflow/2011/06/avosHostEnvironment.xsd"
                              displayName="Query-Policy"
                              isByCopy="true"
                              name="Query-Policy">
                  <description/>
                  <tags/>
                  <detail>
                     <field label="Output Parameters" name="output" type="reference"/>
                     <field label="Fault" name="fault" type="reference"/>
                  </detail>
               </processObject>
               <processObject xmlns="http://schemas.active-endpoints.com/appmodules/screenflow/2011/06/avosHostEnvironment.xsd"
                              displayName="Upsert-Policy-Holder"
                              isByCopy="true"
                              name="Upsert-Policy-Holder">
                  <description/>
                  <tags/>
                  <detail>
                     <field label="Output Parameters" name="output" type="reference"/>
                     <field label="Fault" name="fault" type="reference"/>
                  </detail>
               </processObject>
               <processObject xmlns="http://schemas.active-endpoints.com/appmodules/screenflow/2011/06/avosHostEnvironment.xsd"
                              displayName="Upsert-State-Training"
                              isByCopy="true"
                              name="Upsert-State-Training">
                  <description/>
                  <tags/>
                  <detail>
                     <field label="Output Parameters" name="output" type="reference"/>
                     <field label="Fault" name="fault" type="reference"/>
                  </detail>
               </processObject>
               <processObject xmlns="http://schemas.active-endpoints.com/appmodules/screenflow/2011/06/avosHostEnvironment.xsd"
                              displayName="Upsert-Product-Training"
                              isByCopy="true"
                              name="Upsert-Product-Training">
                  <description/>
                  <tags/>
                  <detail>
                     <field label="Output Parameters" name="output" type="reference"/>
                     <field label="Fault" name="fault" type="reference"/>
                  </detail>
               </processObject>
               <processObject xmlns="http://schemas.active-endpoints.com/appmodules/screenflow/2011/06/avosHostEnvironment.xsd"
                              displayName="Update-Hierarchy---Hourly"
                              isByCopy="true"
                              name="Update-Hierarchy---Hourly">
                  <description/>
                  <tags/>
                  <detail>
                     <field label="Output Parameters" name="output" type="reference"/>
                     <field label="Fault" name="fault" type="reference"/>
                  </detail>
               </processObject>
               <processObject xmlns="http://schemas.active-endpoints.com/appmodules/screenflow/2011/06/avosHostEnvironment.xsd"
                              displayName="Upsert-Compliance-Attestations"
                              isByCopy="true"
                              name="Upsert-Compliance-Attestations">
                  <description/>
                  <tags/>
                  <detail>
                     <field label="Output Parameters" name="output" type="reference"/>
                     <field label="Fault" name="fault" type="reference"/>
                  </detail>
               </processObject>
               <processObject xmlns="http://schemas.active-endpoints.com/appmodules/screenflow/2011/06/avosHostEnvironment.xsd"
                              displayName="Upsert-PendingRequirment"
                              isByCopy="true"
                              name="Upsert-PendingRequirment">
                  <description/>
                  <tags/>
                  <detail>
                     <field label="Output Parameters" name="output" type="reference"/>
                     <field label="Fault" name="fault" type="reference"/>
                  </detail>
               </processObject>
               <processObject xmlns="http://schemas.active-endpoints.com/appmodules/screenflow/2011/06/avosHostEnvironment.xsd"
                              displayName="Query-PendingRequirment"
                              isByCopy="true"
                              name="Query-PendingRequirment">
                  <description/>
                  <tags/>
                  <detail>
                     <field label="Output Parameters" name="output" type="reference"/>
                     <field label="Fault" name="fault" type="reference"/>
                  </detail>
               </processObject>
               <processObject xmlns="http://schemas.active-endpoints.com/appmodules/screenflow/2011/06/avosHostEnvironment.xsd"
                              displayName="Delete-PendingRequirement"
                              isByCopy="true"
                              name="Delete-PendingRequirement">
                  <description/>
                  <tags/>
                  <detail>
                     <field label="Output Parameters" name="output" type="reference"/>
                     <field label="Fault" name="fault" type="reference"/>
                  </detail>
               </processObject>
            </dependencies>
         </taskflow>
      </types1:Entry>
      <types1:GUID>7sV2w7eK062hFUYWH3R78z</types1:GUID>
      <types1:DisplayName>Manage Hourly Sync</types1:DisplayName>
   </types1:Item>
   <types1:CurrentServerDateTime>2022-05-17T17:24:18.197Z</types1:CurrentServerDateTime>
</aetgt:getResponse>
