<aetgt:getResponse xmlns:aetgt="http://schemas.active-endpoints.com/appmodules/repository/2010/10/avrepository.xsd"
                   xmlns:types1="http://schemas.active-endpoints.com/appmodules/repository/2010/10/avrepository.xsd">
   <types1:Item>
      <types1:EntryId>xNVMTonQYWeIssj-gt-55291547-2021-01-06T13:58:16.382Z::tf.xml</types1:EntryId>
      <types1:Name>Policy_Holder_Contacts</types1:Name>
      <types1:MimeType>application/xml+taskflow</types1:MimeType>
      <types1:Description>Taskflow to manage the upsert &amp; delete process for Policy Holder Contacts</types1:Description>
      <types1:AppliesTo/>
      <types1:Tags/>
      <types1:VersionLabel>1.0</types1:VersionLabel>
      <types1:State>CURRENT</types1:State>
      <types1:ProcessGroup/>
      <types1:CreatedBy>carla.hellen@american-equity.com.uat</types1:CreatedBy>
      <types1:CreationDate>2021-01-06T13:58:16Z</types1:CreationDate>
      <types1:ModifiedBy>carla.hellen@american-equity.com.uat</types1:ModifiedBy>
      <types1:ModificationDate>2021-01-06T14:11:32Z</types1:ModificationDate>
      <types1:PublicationStatus>unpublished</types1:PublicationStatus>
      <types1:AutosaveExists>false</types1:AutosaveExists>
      <types1:Entry>
         <taskflow xmlns="http://schemas.active-endpoints.com/appmodules/screenflow/2010/10/avosScreenflow.xsd"
                   xmlns:list="urn:activevos:spi:list:functions"
                   displayName="Policy Holder Contacts"
                   name="Policy_Holder_Contacts"
                   overrideAPIName="false">
            <appliesTo/>
            <description>Taskflow to manage the upsert &amp; delete process for Policy Holder Contacts</description>
            <tags/>
            <generator>Informatica Process Designer 11</generator>
            <tempFields>
               <field description=""
                      name="Upsert Policy Holder Contacts"
                      type="reference">
                  <options>
                     <option name="referenceTo">$po:Upsert-Policy-Holder-Contacts</option>
                  </options>
               </field>
               <field description="" name="Data Task 1" type="string"/>
            </tempFields>
            <notes/>
            <deployment suspendOnFault="false" tracingLevel="verbose">
               <rest/>
            </deployment>
            <flow id="a">
               <start id="b">
                  <link id="kjlgx4xb" targetId="kjlgx4xg"/>
               </start>
               <eventContainer id="kjlgx4xg">
                  <service id="kjlgx4xa">
                     <title>Upsert Policy Holder Contacts</title>
                     <serviceName>ICSExecuteDataTask</serviceName>
                     <serviceGUID/>
                     <serviceInput>
                        <parameter name="Wait for Task to Complete" source="constant" updatable="true">true</parameter>
                        <parameter name="Max Wait" source="constant" updatable="true">604800</parameter>
                        <parameter name="Task Name" source="constant" updatable="true">Upsert Policy Holder Contacts</parameter>
                        <parameter name="GUID" source="constant" updatable="true">9zjTDfyt69Ult2OwIjDiCn</parameter>
                        <parameter name="Task Type" source="constant" updatable="true">MCT</parameter>
                        <parameter name="Has Inout Parameters" source="constant" updatable="true">false</parameter>
                        <parameter name="taskField" source="nested">
                           <operation source="field" to="Upsert-Policy-Holder-Contacts">temp.Upsert Policy Holder Contacts</operation>
                        </parameter>
                     </serviceInput>
                     <serviceOutput>
                        <operation source="field"
                                   to="temp.Upsert Policy Holder Contacts/output/Object_Name">Object Name</operation>
                        <operation source="field" to="temp.Upsert Policy Holder Contacts/output/Run_Id">Run Id</operation>
                        <operation source="field" to="temp.Upsert Policy Holder Contacts/output/Log_Id">Log Id</operation>
                        <operation source="field" to="temp.Upsert Policy Holder Contacts/output/Task_Id">Task Id</operation>
                        <operation source="field"
                                   to="temp.Upsert Policy Holder Contacts/output/Task_Status">Task Status</operation>
                        <operation source="field"
                                   to="temp.Upsert Policy Holder Contacts/output/Success_Source_Rows">Success Source Rows</operation>
                        <operation source="field"
                                   to="temp.Upsert Policy Holder Contacts/output/Failed_Source_Rows">Failed Source Rows</operation>
                        <operation source="field"
                                   to="temp.Upsert Policy Holder Contacts/output/Success_Target_Rows">Success Target Rows</operation>
                        <operation source="field"
                                   to="temp.Upsert Policy Holder Contacts/output/Failed_Target_Rows">Failed Target Rows</operation>
                        <operation source="field"
                                   to="temp.Upsert Policy Holder Contacts/output/Start_Time">Start Time</operation>
                        <operation source="field" to="temp.Upsert Policy Holder Contacts/output/End_Time">End Time</operation>
                        <operation source="field"
                                   to="temp.Upsert Policy Holder Contacts/output/Error_Message">Error Message</operation>
                     </serviceOutput>
                  </service>
                  <link id="kjlgx4xy" targetId="kjlgx4xx"/>
                  <events>
                     <catch faultField="temp.Upsert Policy Holder Contacts/fault"
                            id="kjlgx4xe"
                            interrupting="true"
                            name="error">
                        <suspend/>
                     </catch>
                     <catch faultField="temp.Upsert Policy Holder Contacts/fault"
                            id="kjlgx4xf"
                            interrupting="true"
                            name="warning"/>
                  </events>
               </eventContainer>
               <wait id="kjlgx4xx">
                  <title>Wait 10 Minutes</title>
                  <duration source="formula">
                     <function name="duration_expression">
                        <arg name="value">10</arg>
                        <arg name="scale">M</arg>
                        <arg name="businessDays"/>
                     </function>
                  </duration>
                  <link id="kjlgx4y3" targetId="kjlgx4y2"/>
               </wait>
               <container id="kjlgx4y2" type="exclusive">
                  <title>Decision 1</title>
                  <flow id="kjlgx4y6">
                     <service id="kjli09pr">
                        <title>Data Task 1</title>
                        <serviceName>ICSExecuteDataTask</serviceName>
                        <serviceGUID/>
                        <serviceInput/>
                        <serviceOutput/>
                     </service>
                     <link id="kjlgx4y7" targetId="kjlgx4y2" type="containerLink"/>
                  </flow>
                  <flow id="kjlgx4y9">
                     <link id="kjlgx4ya" targetId="kjlgx4y2" type="containerLink"/>
                  </flow>
                  <link id="kjlgx4y5" targetId="kjlgx4y6" type="containerLink">
                     <condition source="formula">
                        <function name="string-equals">
                           <arg name="left">{$temp.UpsertPolicyHolderContacts[1]/output[1]/Task_Status}</arg>
                           <arg name="right">Succeeded</arg>
                        </function>
                     </condition>
                  </link>
                  <link id="kjlgx4y8" targetId="kjlgx4y9" type="containerLink"/>
                  <link id="kjlgx4y4" targetId="c"/>
               </container>
               <end id="c"/>
            </flow>
            <dependencies>
               <processObject xmlns="http://schemas.active-endpoints.com/appmodules/screenflow/2011/06/avosHostEnvironment.xsd"
                              displayName="Upsert-Policy-Holder-Contacts"
                              isByCopy="true"
                              name="Upsert-Policy-Holder-Contacts">
                  <description/>
                  <tags/>
                  <detail>
                     <field label="Output Parameters" name="output" type="reference"/>
                     <field label="Fault" name="fault" type="reference"/>
                  </detail>
               </processObject>
            </dependencies>
         </taskflow>
      </types1:Entry>
      <types1:GUID>05yJ9moBXL6db5gN6iYlaM</types1:GUID>
      <types1:DisplayName>Policy Holder Contacts</types1:DisplayName>
   </types1:Item>
   <types1:CurrentServerDateTime>2022-05-17T17:24:18.28Z</types1:CurrentServerDateTime>
</aetgt:getResponse>
