<aetgt:getResponse xmlns:aetgt="http://schemas.active-endpoints.com/appmodules/repository/2010/10/avrepository.xsd"
                   xmlns:types1="http://schemas.active-endpoints.com/appmodules/repository/2010/10/avrepository.xsd">
   <types1:Item>
      <types1:EntryId>932030thJ6gaabc-gt-33377720-2021-07-29T16:09:56.968Z::tf.xml</types1:EntryId>
      <types1:Name>SF_Market_Metrics_to_Market_Metrics_Location_Data-1</types1:Name>
      <types1:MimeType>application/xml+taskflow</types1:MimeType>
      <types1:Description/>
      <types1:AppliesTo/>
      <types1:Tags/>
      <types1:VersionLabel>1.0</types1:VersionLabel>
      <types1:State>CURRENT</types1:State>
      <types1:ProcessGroup/>
      <types1:CreatedBy>Tom.Kelly@american-equity.com.uat</types1:CreatedBy>
      <types1:CreationDate>2021-07-29T16:09:57Z</types1:CreationDate>
      <types1:ModifiedBy>tgoolsby</types1:ModifiedBy>
      <types1:ModificationDate>2021-12-13T21:18:51Z</types1:ModificationDate>
      <types1:PublicationStatus>published</types1:PublicationStatus>
      <types1:PublishedBy>tgoolsby</types1:PublishedBy>
      <types1:PublicationDate>2021-12-13T21:26:05Z</types1:PublicationDate>
      <types1:PublishedContributionId>project:/tf.SF_Market_Metrics_to_Market_Metrics_Location_Data-1/SF_Market_Metrics_to_Market_Metrics_Location_Data-1.tf.xml</types1:PublishedContributionId>
      <types1:AutosaveExists>false</types1:AutosaveExists>
      <types1:Entry>
         <taskflow xmlns="http://schemas.active-endpoints.com/appmodules/screenflow/2010/10/avosScreenflow.xsd"
                   xmlns:tfm="http://schemas.active-endpoints.com/appmodules/screenflow/2021/04/taskflowModel.xsd"
                   xmlns:list="urn:activevos:spi:list:functions"
                   displayName="SF Market Metrics to Market Metrics Location Data"
                   name="SF_Market_Metrics_to_Market_Metrics_Location_Data-1"
                   overrideAPIName="false">
            <parameterSet xmlns="http://schemas.active-endpoints.com/appmodules/screenflow/2021/04/taskflowModel.xsd"/>
            <appliesTo/>
            <description/>
            <tags/>
            <generator>Informatica Process Designer 11</generator>
            <tempFields>
               <field description="" name="MappingTaskMarketMetrics" type="reference">
                  <options>
                     <option name="referenceTo">$po:mt-EDWDataLake-SFMarketMetrics</option>
                  </options>
               </field>
               <field description=""
                      name="MarketMetrics_OpportunityJunctionObject"
                      type="reference">
                  <options>
                     <option name="failOnNotRun">false</option>
                     <option name="failOnFault">false</option>
                     <option name="referenceTo">$po:mt-EDWMarketMetrics-SalesforceMarketMetricsJunction</option>
                  </options>
               </field>
               <field description=""
                      name="MarketMetrics_Opportunity_Lead"
                      type="reference">
                  <options>
                     <option name="failOnNotRun">false</option>
                     <option name="failOnFault">false</option>
                     <option name="referenceTo">$po:mt-EDWMarketMetrics-SalesforceLeadsMMOJunction</option>
                  </options>
               </field>
            </tempFields>
            <notes/>
            <deployment suspendOnFault="false" tracingLevel="verbose">
               <rest/>
            </deployment>
            <flow id="a">
               <start id="b">
                  <link id="krkrqz1w" targetId="krkrqz2x"/>
               </start>
               <eventContainer id="krkrqz2x">
                  <service id="krkrqz1v">
                     <title>MappingTaskMarketMetrics</title>
                     <serviceName>ICSExecuteDataTask</serviceName>
                     <serviceGUID/>
                     <serviceInput>
                        <parameter name="Wait for Task to Complete" source="constant" updatable="true">true</parameter>
                        <parameter name="Max Wait" source="constant" updatable="true">604800</parameter>
                        <parameter name="Task Name" source="constant" updatable="true">mt_EDWDataLake_SFMarketMetrics</parameter>
                        <parameter name="GUID" source="constant" updatable="true">4ZaJLFs9H8zl82pBRQVEai</parameter>
                        <parameter name="Task Type" source="constant" updatable="true">MCT</parameter>
                        <parameter name="Has Inout Parameters" source="constant" updatable="true">false</parameter>
                        <parameter name="taskField" source="nested">
                           <operation source="field" to="mt-EDWDataLake-SFMarketMetrics">temp.MappingTaskMarketMetrics</operation>
                        </parameter>
                     </serviceInput>
                     <serviceOutput>
                        <operation source="field" to="temp.MappingTaskMarketMetrics/output/Object_Name">Object Name</operation>
                        <operation source="field" to="temp.MappingTaskMarketMetrics/output/Run_Id">Run Id</operation>
                        <operation source="field" to="temp.MappingTaskMarketMetrics/output/Log_Id">Log Id</operation>
                        <operation source="field" to="temp.MappingTaskMarketMetrics/output/Task_Id">Task Id</operation>
                        <operation source="field" to="temp.MappingTaskMarketMetrics/output/Task_Status">Task Status</operation>
                        <operation source="field"
                                   to="temp.MappingTaskMarketMetrics/output/Success_Source_Rows">Success Source Rows</operation>
                        <operation source="field"
                                   to="temp.MappingTaskMarketMetrics/output/Failed_Source_Rows">Failed Source Rows</operation>
                        <operation source="field"
                                   to="temp.MappingTaskMarketMetrics/output/Success_Target_Rows">Success Target Rows</operation>
                        <operation source="field"
                                   to="temp.MappingTaskMarketMetrics/output/Failed_Target_Rows">Failed Target Rows</operation>
                        <operation source="field" to="temp.MappingTaskMarketMetrics/output/Start_Time">Start Time</operation>
                        <operation source="field" to="temp.MappingTaskMarketMetrics/output/End_Time">End Time</operation>
                        <operation source="field" to="temp.MappingTaskMarketMetrics/output/Error_Message">Error Message</operation>
                     </serviceOutput>
                  </service>
                  <link id="krxxpio0" targetId="krxxpiok"/>
                  <events>
                     <catch faultField="temp.MappingTaskMarketMetrics/fault"
                            id="krkrqz2v"
                            interrupting="true"
                            name="error">
                        <suspend/>
                     </catch>
                     <catch faultField="temp.MappingTaskMarketMetrics/fault"
                            id="krkrqz2w"
                            interrupting="true"
                            name="warning"/>
                  </events>
               </eventContainer>
               <eventContainer id="krxxpiok">
                  <service id="krxxpinz">
                     <title>MarketMetrics_OpportunityJunctionObject</title>
                     <serviceName>ICSExecuteDataTask</serviceName>
                     <serviceGUID/>
                     <serviceInput>
                        <parameter name="Wait for Task to Complete" source="constant" updatable="true">true</parameter>
                        <parameter name="Max Wait" source="constant" updatable="true">604800</parameter>
                        <parameter name="Task Name" source="constant" updatable="true">mt_EDWMarketMetrics_SalesforceMarketMetricsJunction</parameter>
                        <parameter name="GUID" source="constant" updatable="true">ewhOE4nRSOXbCg90FHQ5gf</parameter>
                        <parameter name="Task Type" source="constant" updatable="true">MCT</parameter>
                        <parameter name="Has Inout Parameters" source="constant" updatable="true">false</parameter>
                        <parameter name="taskField" source="nested">
                           <operation source="field" to="mt-EDWMarketMetrics-SalesforceMarketMetricsJunction">temp.MarketMetrics_OpportunityJunctionObject</operation>
                        </parameter>
                     </serviceInput>
                     <serviceOutput>
                        <operation source="field"
                                   to="temp.MarketMetrics_OpportunityJunctionObject/output/Object_Name">Object Name</operation>
                        <operation source="field"
                                   to="temp.MarketMetrics_OpportunityJunctionObject/output/Run_Id">Run Id</operation>
                        <operation source="field"
                                   to="temp.MarketMetrics_OpportunityJunctionObject/output/Log_Id">Log Id</operation>
                        <operation source="field"
                                   to="temp.MarketMetrics_OpportunityJunctionObject/output/Task_Id">Task Id</operation>
                        <operation source="field"
                                   to="temp.MarketMetrics_OpportunityJunctionObject/output/Task_Status">Task Status</operation>
                        <operation source="field"
                                   to="temp.MarketMetrics_OpportunityJunctionObject/output/Success_Source_Rows">Success Source Rows</operation>
                        <operation source="field"
                                   to="temp.MarketMetrics_OpportunityJunctionObject/output/Failed_Source_Rows">Failed Source Rows</operation>
                        <operation source="field"
                                   to="temp.MarketMetrics_OpportunityJunctionObject/output/Success_Target_Rows">Success Target Rows</operation>
                        <operation source="field"
                                   to="temp.MarketMetrics_OpportunityJunctionObject/output/Failed_Target_Rows">Failed Target Rows</operation>
                        <operation source="field"
                                   to="temp.MarketMetrics_OpportunityJunctionObject/output/Start_Time">Start Time</operation>
                        <operation source="field"
                                   to="temp.MarketMetrics_OpportunityJunctionObject/output/End_Time">End Time</operation>
                        <operation source="field"
                                   to="temp.MarketMetrics_OpportunityJunctionObject/output/Error_Message">Error Message</operation>
                     </serviceOutput>
                  </service>
                  <link id="kx56aio4" targetId="kx56aio9"/>
                  <events>
                     <catch faultField="temp.MarketMetrics_OpportunityJunctionObject/fault"
                            id="krxxpioi"
                            interrupting="true"
                            name="error">
                        <suspend/>
                     </catch>
                     <catch faultField="temp.MarketMetrics_OpportunityJunctionObject/fault"
                            id="krxxpioj"
                            interrupting="true"
                            name="warning"/>
                  </events>
               </eventContainer>
               <eventContainer id="kx56aio9">
                  <service id="kx56aio3">
                     <title>MarketMetrics_Opportunity_Lead</title>
                     <serviceName>ICSExecuteDataTask</serviceName>
                     <serviceGUID/>
                     <serviceInput>
                        <parameter name="Wait for Task to Complete" source="constant" updatable="true">true</parameter>
                        <parameter name="Max Wait" source="constant" updatable="true">604800</parameter>
                        <parameter name="Task Name" source="constant" updatable="true">mt_EDWMarketMetrics_SalesforceLeadsMMOJunction</parameter>
                        <parameter name="GUID" source="constant" updatable="true">1cAezqBMckXb9pc4kmtumc</parameter>
                        <parameter name="Task Type" source="constant" updatable="true">MCT</parameter>
                        <parameter name="Has Inout Parameters" source="constant" updatable="true">false</parameter>
                        <parameter name="taskField" source="nested">
                           <operation source="field" to="mt-EDWMarketMetrics-SalesforceLeadsMMOJunction">temp.MarketMetrics_Opportunity_Lead</operation>
                        </parameter>
                     </serviceInput>
                     <serviceOutput>
                        <operation source="field"
                                   to="temp.MarketMetrics_Opportunity_Lead/output/Object_Name">Object Name</operation>
                        <operation source="field" to="temp.MarketMetrics_Opportunity_Lead/output/Run_Id">Run Id</operation>
                        <operation source="field" to="temp.MarketMetrics_Opportunity_Lead/output/Log_Id">Log Id</operation>
                        <operation source="field" to="temp.MarketMetrics_Opportunity_Lead/output/Task_Id">Task Id</operation>
                        <operation source="field"
                                   to="temp.MarketMetrics_Opportunity_Lead/output/Task_Status">Task Status</operation>
                        <operation source="field"
                                   to="temp.MarketMetrics_Opportunity_Lead/output/Success_Source_Rows">Success Source Rows</operation>
                        <operation source="field"
                                   to="temp.MarketMetrics_Opportunity_Lead/output/Failed_Source_Rows">Failed Source Rows</operation>
                        <operation source="field"
                                   to="temp.MarketMetrics_Opportunity_Lead/output/Success_Target_Rows">Success Target Rows</operation>
                        <operation source="field"
                                   to="temp.MarketMetrics_Opportunity_Lead/output/Failed_Target_Rows">Failed Target Rows</operation>
                        <operation source="field"
                                   to="temp.MarketMetrics_Opportunity_Lead/output/Start_Time">Start Time</operation>
                        <operation source="field" to="temp.MarketMetrics_Opportunity_Lead/output/End_Time">End Time</operation>
                        <operation source="field"
                                   to="temp.MarketMetrics_Opportunity_Lead/output/Error_Message">Error Message</operation>
                        <operation source="field"
                                   to="temp.MarketMetrics_Opportunity_Lead/output/TotalTransErrors">Total Transformation Errors</operation>
                        <operation source="field"
                                   to="temp.MarketMetrics_Opportunity_Lead/output/FirstErrorCode">First Error Code</operation>
                     </serviceOutput>
                  </service>
                  <link id="kx56aio5" targetId="c"/>
                  <events>
                     <catch faultField="temp.MarketMetrics_Opportunity_Lead/fault"
                            id="kx56aio7"
                            interrupting="true"
                            name="error">
                        <suspend/>
                     </catch>
                     <catch faultField="temp.MarketMetrics_Opportunity_Lead/fault"
                            id="kx56aio8"
                            interrupting="true"
                            name="warning"/>
                  </events>
               </eventContainer>
               <end id="c"/>
            </flow>
            <dependencies>
               <processObject xmlns="http://schemas.active-endpoints.com/appmodules/screenflow/2011/06/avosHostEnvironment.xsd"
                              displayName="mt-EDWDataLake-SFMarketMetrics"
                              isByCopy="true"
                              name="mt-EDWDataLake-SFMarketMetrics">
                  <description/>
                  <tags/>
                  <detail>
                     <field label="TaskProperties Parameters"
                            name="taskProperties"
                            nullable="true"
                            required="false"
                            type="reference"/>
                     <field label="Output Parameters"
                            name="output"
                            nullable="true"
                            required="false"
                            type="reference"/>
                     <field label="Fault"
                            name="fault"
                            nullable="true"
                            required="false"
                            type="reference"/>
                  </detail>
               </processObject>
               <processObject xmlns="http://schemas.active-endpoints.com/appmodules/screenflow/2011/06/avosHostEnvironment.xsd"
                              displayName="mt-EDWMarketMetrics-SalesforceMarketMetricsJunction"
                              isByCopy="true"
                              name="mt-EDWMarketMetrics-SalesforceMarketMetricsJunction">
                  <description/>
                  <tags/>
                  <detail>
                     <field label="TaskProperties Parameters"
                            name="taskProperties"
                            nullable="true"
                            required="false"
                            type="reference"/>
                     <field label="Output Parameters"
                            name="output"
                            nullable="true"
                            required="false"
                            type="reference"/>
                     <field label="Fault"
                            name="fault"
                            nullable="true"
                            required="false"
                            type="reference"/>
                  </detail>
               </processObject>
               <processObject xmlns="http://schemas.active-endpoints.com/appmodules/screenflow/2011/06/avosHostEnvironment.xsd"
                              displayName="mt-EDWMarketMetrics-SalesforceLeadsMMOJunction"
                              isByCopy="true"
                              name="mt-EDWMarketMetrics-SalesforceLeadsMMOJunction">
                  <description/>
                  <tags/>
                  <detail>
                     <field label="TaskProperties Parameters"
                            name="taskProperties"
                            nullable="true"
                            required="false"
                            type="reference"/>
                     <field label="Output Parameters"
                            name="output"
                            nullable="true"
                            required="false"
                            type="reference"/>
                     <field label="Fault"
                            name="fault"
                            nullable="true"
                            required="false"
                            type="reference"/>
                  </detail>
               </processObject>
            </dependencies>
         </taskflow>
      </types1:Entry>
      <types1:GUID>1oB8GXNDlfyhTv3rXOTJy0</types1:GUID>
      <types1:DisplayName>SF Market Metrics to Market Metrics Location Data</types1:DisplayName>
   </types1:Item>
   <types1:CurrentServerDateTime>2022-05-17T17:24:18.202Z</types1:CurrentServerDateTime>
</aetgt:getResponse>
