<aetgt:getResponse xmlns:aetgt="http://schemas.active-endpoints.com/appmodules/repository/2010/10/avrepository.xsd"
                   xmlns:types1="http://schemas.active-endpoints.com/appmodules/repository/2010/10/avrepository.xsd">
   <types1:Item>
      <types1:EntryId>rlAXhNUdyOoMdtl-gt-881420-2021-03-10T16:18:51.286Z::tf.xml</types1:EntryId>
      <types1:Name>SF_Predictive_Analytics_to_Contact</types1:Name>
      <types1:MimeType>application/xml+taskflow</types1:MimeType>
      <types1:Description>Taskflow to update predictive analytics fields on the contact object from the Azure ML database</types1:Description>
      <types1:AppliesTo/>
      <types1:Tags/>
      <types1:VersionLabel>1.0</types1:VersionLabel>
      <types1:State>CURRENT</types1:State>
      <types1:ProcessGroup/>
      <types1:CreatedBy>carla.hellen@american-equity.com.uat</types1:CreatedBy>
      <types1:CreationDate>2021-03-10T16:18:51Z</types1:CreationDate>
      <types1:ModifiedBy>carla.hellen@american-equity.com.uat</types1:ModifiedBy>
      <types1:ModificationDate>2021-03-10T16:20:31Z</types1:ModificationDate>
      <types1:PublicationStatus>published</types1:PublicationStatus>
      <types1:PublishedBy>tgoolsby@american-equity.com.uat</types1:PublishedBy>
      <types1:PublicationDate>2021-03-10T17:02:13Z</types1:PublicationDate>
      <types1:PublishedContributionId>project:/tf.SF_Predictive_Analytics_to_Contact/SF_Predictive_Analytics_to_Contact.tf.xml</types1:PublishedContributionId>
      <types1:AutosaveExists>false</types1:AutosaveExists>
      <types1:Entry>
         <taskflow xmlns="http://schemas.active-endpoints.com/appmodules/screenflow/2010/10/avosScreenflow.xsd"
                   xmlns:list="urn:activevos:spi:list:functions"
                   displayName="SF Predictive Analytics to Contact"
                   name="SF_Predictive_Analytics_to_Contact"
                   overrideAPIName="false">
            <appliesTo/>
            <description>Taskflow to update predictive analytics fields on the contact object from the Azure ML database</description>
            <tags/>
            <generator>Informatica Process Designer 11</generator>
            <tempFields>
               <field description=""
                      name="Update Contact with Predictive Analytics"
                      type="reference">
                  <options>
                     <option name="failOnNotRun">false</option>
                     <option name="failOnFault">false</option>
                     <option name="referenceTo">$po:mt-AzureML-SFContact</option>
                  </options>
               </field>
            </tempFields>
            <notes/>
            <deployment suspendOnFault="false" tracingLevel="verbose">
               <rest/>
            </deployment>
            <flow id="a">
               <start id="b">
                  <link id="km3n9fzz" targetId="km3n9g04"/>
               </start>
               <eventContainer id="km3n9g04">
                  <service id="km3n9fzy">
                     <title>Update Contact with Predictive Analytics</title>
                     <serviceName>ICSExecuteDataTask</serviceName>
                     <serviceGUID/>
                     <serviceInput>
                        <parameter name="Wait for Task to Complete" source="constant" updatable="true">true</parameter>
                        <parameter name="Max Wait" source="constant" updatable="true">604800</parameter>
                        <parameter name="Task Name" source="constant" updatable="true">mt_AzureML_SFContact</parameter>
                        <parameter name="GUID" source="constant" updatable="true">57FI1uNy747jRJMiwn80CV</parameter>
                        <parameter name="Task Type" source="constant" updatable="true">MCT</parameter>
                        <parameter name="Has Inout Parameters" source="constant" updatable="true">false</parameter>
                        <parameter name="taskField" source="nested">
                           <operation source="field" to="mt-AzureML-SFContact">temp.Update Contact with Predictive Analytics</operation>
                        </parameter>
                     </serviceInput>
                     <serviceOutput>
                        <operation source="field"
                                   to="temp.Update Contact with Predictive Analytics/output/Object_Name">Object Name</operation>
                        <operation source="field"
                                   to="temp.Update Contact with Predictive Analytics/output/Run_Id">Run Id</operation>
                        <operation source="field"
                                   to="temp.Update Contact with Predictive Analytics/output/Log_Id">Log Id</operation>
                        <operation source="field"
                                   to="temp.Update Contact with Predictive Analytics/output/Task_Id">Task Id</operation>
                        <operation source="field"
                                   to="temp.Update Contact with Predictive Analytics/output/Task_Status">Task Status</operation>
                        <operation source="field"
                                   to="temp.Update Contact with Predictive Analytics/output/Success_Source_Rows">Success Source Rows</operation>
                        <operation source="field"
                                   to="temp.Update Contact with Predictive Analytics/output/Failed_Source_Rows">Failed Source Rows</operation>
                        <operation source="field"
                                   to="temp.Update Contact with Predictive Analytics/output/Success_Target_Rows">Success Target Rows</operation>
                        <operation source="field"
                                   to="temp.Update Contact with Predictive Analytics/output/Failed_Target_Rows">Failed Target Rows</operation>
                        <operation source="field"
                                   to="temp.Update Contact with Predictive Analytics/output/Start_Time">Start Time</operation>
                        <operation source="field"
                                   to="temp.Update Contact with Predictive Analytics/output/End_Time">End Time</operation>
                        <operation source="field"
                                   to="temp.Update Contact with Predictive Analytics/output/Error_Message">Error Message</operation>
                     </serviceOutput>
                  </service>
                  <link id="km3n9g00" targetId="c"/>
                  <events>
                     <catch faultField="temp.Update Contact with Predictive Analytics/fault"
                            id="km3n9g02"
                            interrupting="true"
                            name="error">
                        <suspend/>
                     </catch>
                     <catch faultField="temp.Update Contact with Predictive Analytics/fault"
                            id="km3n9g03"
                            interrupting="true"
                            name="warning"/>
                  </events>
               </eventContainer>
               <end id="c"/>
            </flow>
            <dependencies>
               <processObject xmlns="http://schemas.active-endpoints.com/appmodules/screenflow/2011/06/avosHostEnvironment.xsd"
                              displayName="mt-AzureML-SFContact"
                              isByCopy="true"
                              name="mt-AzureML-SFContact">
                  <description/>
                  <tags/>
                  <detail>
                     <field label="TaskProperties Parameters"
                            name="taskProperties"
                            type="reference"/>
                     <field label="Output Parameters" name="output" type="reference"/>
                     <field label="Fault" name="fault" type="reference"/>
                  </detail>
               </processObject>
            </dependencies>
         </taskflow>
      </types1:Entry>
      <types1:GUID>4r2fufggwh8jzAPD4FcnUt</types1:GUID>
      <types1:DisplayName>SF Predictive Analytics to Contact</types1:DisplayName>
   </types1:Item>
   <types1:CurrentServerDateTime>2022-05-17T17:24:18.475Z</types1:CurrentServerDateTime>
</aetgt:getResponse>
