<aetgt:getResponse xmlns:aetgt="http://schemas.active-endpoints.com/appmodules/repository/2010/10/avrepository.xsd"
                   xmlns:types1="http://schemas.active-endpoints.com/appmodules/repository/2010/10/avrepository.xsd">
   <types1:Item>
      <types1:EntryId>WeLabdpIO3M4WwO-gt-13561093-2021-08-25T22:11:48.775Z::tf.xml</types1:EntryId>
      <types1:Name>stf_Salesforce_Outbound_Contact</types1:Name>
      <types1:MimeType>application/xml+taskflow</types1:MimeType>
      <types1:Description/>
      <types1:AppliesTo/>
      <types1:Tags/>
      <types1:VersionLabel>1.0</types1:VersionLabel>
      <types1:State>CURRENT</types1:State>
      <types1:ProcessGroup/>
      <types1:CreatedBy>Anastasia.Vogelaar@american-equity.com.uat</types1:CreatedBy>
      <types1:CreationDate>2021-08-25T22:11:49Z</types1:CreationDate>
      <types1:ModifiedBy>anastasia.vogelaar</types1:ModifiedBy>
      <types1:ModificationDate>2021-12-29T15:44:22Z</types1:ModificationDate>
      <types1:PublicationStatus>published</types1:PublicationStatus>
      <types1:PublishedBy>anastasia.vogelaar</types1:PublishedBy>
      <types1:PublicationDate>2022-01-06T17:47:48Z</types1:PublicationDate>
      <types1:PublishedContributionId>project:/tf.stf_Salesforce_Outbound_Contact/stf_Salesforce_Outbound_Contact.tf.xml</types1:PublishedContributionId>
      <types1:AutosaveExists>false</types1:AutosaveExists>
      <types1:Entry>
         <taskflow xmlns="http://schemas.active-endpoints.com/appmodules/screenflow/2010/10/avosScreenflow.xsd"
                   xmlns:tfm="http://schemas.active-endpoints.com/appmodules/screenflow/2021/04/taskflowModel.xsd"
                   xmlns:list="urn:activevos:spi:list:functions"
                   displayName="stf_Salesforce_Outbound_Contact"
                   name="stf_Salesforce_Outbound_Contact"
                   overrideAPIName="false">
            <parameterSet xmlns="http://schemas.active-endpoints.com/appmodules/screenflow/2021/04/taskflowModel.xsd"/>
            <appliesTo/>
            <description/>
            <tags/>
            <generator>Informatica Process Designer 11</generator>
            <tempFields>
               <field description="" name="Stage Advisor Contact" type="reference">
                  <options>
                     <option name="failOnNotRun">true</option>
                     <option name="failOnFault">true</option>
                     <option name="referenceTo">$po:mct-Salesforce-Advisor-Contact</option>
                  </options>
               </field>
               <field description="" name="Contact" type="reference">
                  <options>
                     <option name="referenceTo">$po:mct-Salesforce-Outbound-To-Salesforce-Advisor-Contact</option>
                     <option name="failOnNotRun">false</option>
                     <option name="failOnFault">false</option>
                  </options>
               </field>
               <field description="" name="Stage Advisor Truncate" type="reference">
                  <options>
                     <option name="referenceTo">$po:mct-Salesforce-Outbound-Advisor-Contact-StageTruncate</option>
                  </options>
               </field>
            </tempFields>
            <notes/>
            <deployment suspendOnFault="false" tracingLevel="verbose">
               <rest/>
            </deployment>
            <flow id="a">
               <start id="b">
                  <link id="kqifr9vf" targetId="kqifr9vj"/>
               </start>
               <eventContainer id="kqifr9vj">
                  <service id="kqifr9ve">
                     <title>Stage Advisor Contact</title>
                     <serviceName>ICSExecuteDataTask</serviceName>
                     <serviceGUID/>
                     <serviceInput>
                        <parameter name="Wait for Task to Complete" source="constant" updatable="true">true</parameter>
                        <parameter name="Max Wait" source="constant" updatable="true">604800</parameter>
                        <parameter name="Task Name" source="constant" updatable="true">mct_Salesforce_Advisor_Contact</parameter>
                        <parameter name="GUID" source="constant" updatable="true">aPqJ5YwHOXkfgj9r0tqksu</parameter>
                        <parameter name="Task Type" source="constant" updatable="true">MCT</parameter>
                        <parameter name="Has Inout Parameters" source="constant" updatable="true">false</parameter>
                        <parameter name="taskField" source="nested">
                           <operation source="field" to="mct-Salesforce-Advisor-Contact">temp.Stage Advisor Contact</operation>
                        </parameter>
                     </serviceInput>
                     <serviceOutput>
                        <operation source="field" to="temp.Stage Advisor Contact/output/Object_Name">Object Name</operation>
                        <operation source="field" to="temp.Stage Advisor Contact/output/Run_Id">Run Id</operation>
                        <operation source="field" to="temp.Stage Advisor Contact/output/Log_Id">Log Id</operation>
                        <operation source="field" to="temp.Stage Advisor Contact/output/Task_Id">Task Id</operation>
                        <operation source="field" to="temp.Stage Advisor Contact/output/Task_Status">Task Status</operation>
                        <operation source="field"
                                   to="temp.Stage Advisor Contact/output/Success_Source_Rows">Success Source Rows</operation>
                        <operation source="field"
                                   to="temp.Stage Advisor Contact/output/Failed_Source_Rows">Failed Source Rows</operation>
                        <operation source="field"
                                   to="temp.Stage Advisor Contact/output/Success_Target_Rows">Success Target Rows</operation>
                        <operation source="field"
                                   to="temp.Stage Advisor Contact/output/Failed_Target_Rows">Failed Target Rows</operation>
                        <operation source="field" to="temp.Stage Advisor Contact/output/Start_Time">Start Time</operation>
                        <operation source="field" to="temp.Stage Advisor Contact/output/End_Time">End Time</operation>
                        <operation source="field" to="temp.Stage Advisor Contact/output/Error_Message">Error Message</operation>
                     </serviceOutput>
                  </service>
                  <flow id="krffr1gg">
                     <container id="krffr1gq" type="exclusive">
                        <title>Decision 2</title>
                        <flow id="krffr1h6">
                           <eventContainer id="krffr1jf">
                              <service id="krffr1i6">
                                 <title>Contact</title>
                                 <serviceName>ICSExecuteDataTask</serviceName>
                                 <serviceGUID/>
                                 <serviceInput>
                                    <parameter name="Wait for Task to Complete" source="constant" updatable="true">true</parameter>
                                    <parameter name="Max Wait" source="constant" updatable="true">604800</parameter>
                                    <parameter name="Task Name" source="constant" updatable="true">mct_Salesforce_Outbound_To_Salesforce_Advisor_Contact</parameter>
                                    <parameter name="GUID" source="constant" updatable="true">34JnzKYhiCrhiIJwuiMnmv</parameter>
                                    <parameter name="Task Type" source="constant" updatable="true">MCT</parameter>
                                    <parameter name="Has Inout Parameters" source="constant" updatable="true">false</parameter>
                                    <parameter name="taskField" source="nested">
                                       <operation source="field"
                                                  to="mct-Salesforce-Outbound-To-Salesforce-Advisor-Contact">temp.Contact</operation>
                                    </parameter>
                                 </serviceInput>
                                 <serviceOutput>
                                    <operation source="field" to="temp.Contact/output/Object_Name">Object Name</operation>
                                    <operation source="field" to="temp.Contact/output/Run_Id">Run Id</operation>
                                    <operation source="field" to="temp.Contact/output/Log_Id">Log Id</operation>
                                    <operation source="field" to="temp.Contact/output/Task_Id">Task Id</operation>
                                    <operation source="field" to="temp.Contact/output/Task_Status">Task Status</operation>
                                    <operation source="field" to="temp.Contact/output/Success_Source_Rows">Success Source Rows</operation>
                                    <operation source="field" to="temp.Contact/output/Failed_Source_Rows">Failed Source Rows</operation>
                                    <operation source="field" to="temp.Contact/output/Success_Target_Rows">Success Target Rows</operation>
                                    <operation source="field" to="temp.Contact/output/Failed_Target_Rows">Failed Target Rows</operation>
                                    <operation source="field" to="temp.Contact/output/Start_Time">Start Time</operation>
                                    <operation source="field" to="temp.Contact/output/End_Time">End Time</operation>
                                    <operation source="field" to="temp.Contact/output/Error_Message">Error Message</operation>
                                 </serviceOutput>
                              </service>
                              <link id="kxqb313k" targetId="kxqb3135"/>
                              <events>
                                 <catch faultField="temp.Contact/fault"
                                        id="kqifr9vp"
                                        interrupting="true"
                                        name="error">
                                    <suspend/>
                                 </catch>
                                 <catch faultField="temp.Contact/fault"
                                        id="kqifr9vq"
                                        interrupting="true"
                                        name="warning"/>
                              </events>
                           </eventContainer>
                           <container id="kxqb3135" type="exclusive">
                              <title>Decision 1</title>
                              <flow id="kxqb3136">
                                 <eventContainer id="kxqb3137">
                                    <service id="kxqb313a">
                                       <title>Stage Advisor Truncate</title>
                                       <serviceName>ICSExecuteDataTask</serviceName>
                                       <serviceGUID/>
                                       <serviceInput>
                                          <parameter name="Wait for Task to Complete" source="constant" updatable="true">true</parameter>
                                          <parameter name="Max Wait" source="constant" updatable="true">604800</parameter>
                                          <parameter name="Task Name" source="constant" updatable="true">mct_Salesforce_Outbound_Advisor_Contact_StageTruncate</parameter>
                                          <parameter name="GUID" source="constant" updatable="true">kzq0mfpc1CbkYvAwGK1qgQ</parameter>
                                          <parameter name="Task Type" source="constant" updatable="true">MCT</parameter>
                                          <parameter name="Has Inout Parameters" source="constant" updatable="true">false</parameter>
                                          <parameter name="taskField" source="nested">
                                             <operation source="field"
                                                        to="mct-Salesforce-Outbound-Advisor-Contact-StageTruncate">temp.Stage Advisor Truncate</operation>
                                          </parameter>
                                       </serviceInput>
                                       <serviceOutput>
                                          <operation source="field" to="temp.Stage Advisor Truncate/output/Object_Name">Object Name</operation>
                                          <operation source="field" to="temp.Stage Advisor Truncate/output/Run_Id">Run Id</operation>
                                          <operation source="field" to="temp.Stage Advisor Truncate/output/Log_Id">Log Id</operation>
                                          <operation source="field" to="temp.Stage Advisor Truncate/output/Task_Id">Task Id</operation>
                                          <operation source="field" to="temp.Stage Advisor Truncate/output/Task_Status">Task Status</operation>
                                          <operation source="field"
                                                     to="temp.Stage Advisor Truncate/output/Success_Source_Rows">Success Source Rows</operation>
                                          <operation source="field"
                                                     to="temp.Stage Advisor Truncate/output/Failed_Source_Rows">Failed Source Rows</operation>
                                          <operation source="field"
                                                     to="temp.Stage Advisor Truncate/output/Success_Target_Rows">Success Target Rows</operation>
                                          <operation source="field"
                                                     to="temp.Stage Advisor Truncate/output/Failed_Target_Rows">Failed Target Rows</operation>
                                          <operation source="field" to="temp.Stage Advisor Truncate/output/Start_Time">Start Time</operation>
                                          <operation source="field" to="temp.Stage Advisor Truncate/output/End_Time">End Time</operation>
                                          <operation source="field" to="temp.Stage Advisor Truncate/output/Error_Message">Error Message</operation>
                                       </serviceOutput>
                                    </service>
                                    <events>
                                       <catch faultField="temp.Stage Advisor Truncate/fault"
                                              id="kqifr9wi"
                                              interrupting="true"
                                              name="error">
                                          <suspend/>
                                       </catch>
                                       <catch faultField="temp.Stage Advisor Truncate/fault"
                                              id="kqifr9wj"
                                              interrupting="true"
                                              name="warning"/>
                                    </events>
                                 </eventContainer>
                                 <link id="kxqb313e" targetId="kxqb3135" type="containerLink"/>
                              </flow>
                              <flow id="kxqb313b">
                                 <link id="kxqb313j" targetId="kxqb3135" type="containerLink"/>
                              </flow>
                              <link id="kxqb313c" targetId="kxqb3136" type="containerLink">
                                 <condition source="formula">
                                    <function name="contains">
                                       <arg name="left">{$temp.Contact[1]/output[1]/Task_Status}</arg>
                                       <arg name="right">1</arg>
                                    </function>
                                 </condition>
                              </link>
                              <link id="kxqb313d" targetId="kxqb313b" type="containerLink"/>
                           </container>
                           <link id="krffr1h7" targetId="krffr1gq" type="containerLink"/>
                        </flow>
                        <flow id="krffr1h8">
                           <link id="krffr1h9" targetId="krffr1gq" type="containerLink"/>
                        </flow>
                        <link id="krffr1gz" targetId="krffr1h6" type="containerLink">
                           <condition source="formula">
                              <function name="contains">
                                 <arg name="left">{$temp.StageAdvisorContact[1]/output[1]/Task_Status}</arg>
                                 <arg name="right">1</arg>
                              </function>
                           </condition>
                        </link>
                        <link id="krffr1h2" targetId="krffr1h8" type="containerLink"/>
                     </container>
                     <link id="krffr1gh" targetId="kqifr9vj" type="containerLink"/>
                  </flow>
                  <flow id="krffr1gj">
                     <link id="krffr1gk" targetId="kqifr9vj" type="containerLink"/>
                  </flow>
                  <link id="krffr1gf" targetId="krffr1gg" type="containerLink"/>
                  <link id="kxqb3134" targetId="c"/>
                  <events>
                     <catch faultField="temp.Stage Advisor Contact/fault"
                            id="kqifr9vh"
                            interrupting="true"
                            name="error">
                        <link id="krffr1gi" targetId="krffr1gj" type="containerLink"/>
                     </catch>
                     <catch faultField="temp.Stage Advisor Contact/fault"
                            id="kqifr9vi"
                            interrupting="true"
                            name="warning">
                        <suspend/>
                     </catch>
                  </events>
               </eventContainer>
               <end id="c"/>
            </flow>
            <dependencies>
               <processObject xmlns="http://schemas.active-endpoints.com/appmodules/screenflow/2011/06/avosHostEnvironment.xsd"
                              displayName="mct-Salesforce-Advisor-Contact"
                              isByCopy="true"
                              name="mct-Salesforce-Advisor-Contact">
                  <description/>
                  <tags/>
                  <detail>
                     <field label="TaskProperties Parameters"
                            name="taskProperties"
                            nullable="true"
                            required="false"
                            type="reference"/>
                     <field label="Output Parameters"
                            name="output"
                            nullable="true"
                            required="false"
                            type="reference"/>
                     <field label="Fault"
                            name="fault"
                            nullable="true"
                            required="false"
                            type="reference"/>
                  </detail>
               </processObject>
               <processObject xmlns="http://schemas.active-endpoints.com/appmodules/screenflow/2011/06/avosHostEnvironment.xsd"
                              displayName="mct-Salesforce-Outbound-To-Salesforce-Advisor-Contact"
                              isByCopy="true"
                              name="mct-Salesforce-Outbound-To-Salesforce-Advisor-Contact">
                  <description/>
                  <tags/>
                  <detail>
                     <field label="TaskProperties Parameters"
                            name="taskProperties"
                            nullable="true"
                            required="false"
                            type="reference"/>
                     <field label="Output Parameters"
                            name="output"
                            nullable="true"
                            required="false"
                            type="reference"/>
                     <field label="Fault"
                            name="fault"
                            nullable="true"
                            required="false"
                            type="reference"/>
                  </detail>
               </processObject>
               <processObject xmlns="http://schemas.active-endpoints.com/appmodules/screenflow/2011/06/avosHostEnvironment.xsd"
                              displayName="mct-Salesforce-Outbound-Advisor-Contact-StageTruncate"
                              isByCopy="true"
                              name="mct-Salesforce-Outbound-Advisor-Contact-StageTruncate">
                  <description/>
                  <tags/>
                  <detail>
                     <field label="TaskProperties Parameters"
                            name="taskProperties"
                            nullable="true"
                            required="false"
                            type="reference"/>
                     <field label="Output Parameters"
                            name="output"
                            nullable="true"
                            required="false"
                            type="reference"/>
                     <field label="Fault"
                            name="fault"
                            nullable="true"
                            required="false"
                            type="reference"/>
                  </detail>
               </processObject>
            </dependencies>
         </taskflow>
      </types1:Entry>
      <types1:GUID>1priGIkGuaQgobq9UYBFMr</types1:GUID>
      <types1:DisplayName>stf_Salesforce_Outbound_Contact</types1:DisplayName>
   </types1:Item>
   <types1:CurrentServerDateTime>2022-05-17T17:24:18.334Z</types1:CurrentServerDateTime>
</aetgt:getResponse>
